{"charts":{"ET":[[0.28,2.05,10.07],[0.22,1.31,5.88],[0.14,0.69,3.18],[0.22,1.27,7.19],[0.4,2.0,8.67]],"api_cold":[[0.0,0.0,0.0],[0.0,0.0,0.0],[0.0,0.0,0.0],[0.0,0.0,0.0],[0.0,0.0,0.0]],"api_dew":[[0.0,0.0,0.0],[0.0,0.0,0.0],[0.0,0.0,0.0],[0.0,0.0,0.0],[0.0,0.0,0.0]],"api_foggy":[[0.0,0.0,0.3],[0.0,0.1,0.6],[0.0,0.1,0.3],[0.0,0.0,0.0],[0.0,0.0,0.0]],"api_frost_grass":[[0.0,0.0,0.0],[0.0,0.0,0.0],[0.0,0.0,0.0],[0.0,0.0,0.0],[0.0,0.0,0.0]],"api_frost_ground":[[0.0,0.0,0.0],[0.0,0.0,0.0],[0.0,0.0,0.0],[0.0,0.0,0.0],[0.0,0.0,0.0]],"api_hot":[[0.0,0.0,0.0],[0.0,0.0,0.0],[0.0,0.0,0.0],[0.0,0.0,0.0],[0.0,0.0,0.0]],"api_rainy":[[0.0,0.0,0.1],[0.0,0.1,0.9],[0.4,0.7,0.9],[0.0,0.3,0.9],[0.0,0.0,0.1]],"api_snowy":[[0.0,0.0,0.0],[0.0,0.0,0.0],[0.0,0.0,0.0],[0.0,0.0,0.0],[0.0,0.0,0.0]],"api_stormy":[[0.0,0.0,0.0],[0.0,0.0,0.1],[0.0,0.1,0.3],[0.0,0.1,0.3],[0.0,0.0,0.1]],"api_thundery":[[0.0,0.0,0.0],[0.0,0.0,0.0],[0.0,0.0,0.0],[0.0,0.0,0.0],[0.0,0.0,0.0]],"aq_uv_index_clear_sky":[[0,1,3],[0,1,3],[0,1,4],[0,0,2],[0,1,3]],"cloudbase":[[741,1777,3326],[666,1331,2185],[554,730,982],[777,1438,2752],[1249,1896,2989]],"dateTime":[1759273200,1759359600,1759446000,1759532400,1759618800],"dewpoint":[[1.5,7.3,13.3],[1.9,9.7,14.2],[12.6,14.9,16.2],[6.8,8.8,13.2],[4.7,8.2,10.7]],"ecowitt_gateway_inTemp":[[19.8,21.2,23.3],[19.7,21.5,23.0],[20.9,21.8,22.8],[19.0,20.6,21.8],[18.9,20.6,22.1]],"ecowitt_gateway_pressure":[[1029,1031,1032],[1019,1026,1031],[1001,1011,1020],[1002,1007,1016],[1016,1022,1028]],"ecowitt_wh31_hall_inTemp":[[14.6,16.2,17.5],[15.7,16.6,17.5],[17.5,18.5,19.4],[17.0,17.8,19.2],[16.0,16.9,17.4]],"ecowitt_wh31_patio_outTemp":[[6.6,12.0,19.7],[7.3,12.9,17.8],[14.3,16.0,17.1],[9.6,11.8,14.6],[9.7,12.4,16.5]],"ecowitt_wh51_patio_outGroundHumidity":[[15.0,15.5,16.0],[14.0,14.6,17.3],[17.0,19.8,25.7],[26.0,28.5,31.0],[24.0,26.0,28.2]],"ecowitt_wittboy_outTemp":[[3.5,10.5,20.7],[4.3,11.9,18.0],[13.8,15.8,17.0],[8.3,11.2,14.2],[7.0,11.8,16.9]],"ecowitt_wittboy_rain_day":[[0.0,0.065625,0.1],[0.0,0.129166,3.699993],[0.0,3.77411,10.600004],[0.0,5.024322,8.500008],[0.0,0.0,0.0]],"ecowitt_wittboy_rain_event":[[0.0,0.007639,0.1],[0.0,0.129166,3.699993],[0.0,4.755369,8.700008],[5.699989,10.72432,14.199997],[0.0,6.842752,14.199997]],"ecowitt_wittboy_rain_rate":[[0.0,0.00625,0.599999],[0.0,0.164583,5.399989],[0.0,0.504545,10.800004],[0.0,0.540227,16.799992],[0.0,0.0,0.0]],"ecowitt_wittboy_uvi":[[0.0,0.6,4.0],[0.0,0.3,3.0],[0.0,0.1,1.0],[0.0,0.3,4.0],[0.0,0.5,4.0]],"ecowitt_wittboy_windDir":[[7,180,339],[3,183,352],[2,196,359],[14,204,357],[110,199,330]],"ecowitt_wittboy_windGust":[[5.9,10.7,19.3],[5.9,11.4,22.6],[8.4,18.3,66.3],[10.1,19.1,49.5],[6.7,18.2,50.3]],"ecowitt_wittboy_windSpeed":[[0.0,8.8,18.4],[0.0,8.6,22.6],[5.0,13.0,36.9],[5.9,14.0,32.7],[5.9,14.4,31.9]],"ecowitt_wn34_shed_groundTemperature":[[10.0,12.4,14.8],[10.6,12.6,14.5],[14.0,15.3,16.7],[12.4,13.9,15.7],[11.4,13.0,14.6]],"feelslike":[[-1.3,8.4,20.3],[0.9,10.3,18.2],[11.9,15.2,17.7],[5.3,8.6,13.6],[4.2,8.8,15.1]],"inHumidity":[[57.0,58.0,59.8],[57.9,59.7,62.7],[62.7,63.9,68.1],[62.3,64.6,68.0],[59.9,61.5,62.7]],"inTemp":[[20.1,21.4,23.3],[20.2,21.6,23.0],[20.9,21.8,22.8],[18.2,20.3,21.8],[17.9,20.1,22.1]],"lightning_strike_count":[[0,0,0],[0,0,0],[0,0,0],[0,0,0],[0,0,0]],"luminosity":[[0,9548,56920],[0,6044,36623],[0,3060,23083],[0,5269,52347],[0,8110,56305]],"netatmo_Chitterne_co2":[[979,1458,2108],[1086,1561,2294],[1005,1666,2363],[453,1229,2047],[605,960,1263]],"netatmo_Chitterne_inTemp":[[19.3,20.4,21.2],[19.7,20.2,20.9],[20.6,20.8,21.2],[17.8,20.0,21.2],[17.6,18.8,20.2]],"netatmo_Chitterne_noise":[[32,34,65],[32,35,66],[32,34,68],[32,33,58],[31,36,75]],"netatmo_Chitterne_outTemp":[[6.4,12.0,19.7],[7.5,12.8,17.9],[14.3,16.0,17.2],[9.8,11.9,15.0],[9.6,12.3,16.6]],"netatmo_Chitterne_pressure":[[1013,1014,1015],[1002,1009,1013],[984,994,1002],[985,990,998],[998,1004,1010]],"outHumidity":[[62,80,94],[75,86,95],[91,94,97],[68,84,94],[65,78,86]],"outTemp":[[3.5,10.5,20.7],[4.3,12.0,17.9],[14.1,15.9,17.1],[8.3,11.4,14.5],[7.0,11.9,16.7]],"pressure":[[1019,1023,1023],[1009,1017,1026],[992,1002,1013],[992,999,1013],[1006,1013,1019]],"rain":[[0.0,0.0,0.0],[0.0,0.1875,14.99997],[0.0,0.723168,12.999974],[0.0,0.394317,19.99996],[0.0,0.0,0.0]],"rainRate":[[0.0,0.0,0.0],[0.0,2.097218,99.9998],[0.0,8.732306,99.9998],[0.0,5.325747,103.999792],[0.0,0.0,0.0]],"rain_total":[[0.0,0.0,0.0],[0.0,0.062897,1.899996],[0.0,3.251374,6.885737],[0.0,1.682388,7.000011],[0.0,0.010672,2.699995]],"vpd":[[0.07,0.31,0.91],[0.07,0.22,0.47],[0.07,0.1,0.17],[0.1,0.22,0.51],[0.14,0.32,0.68]],"windrun":[[0.19,0.73,1.54],[0.19,0.72,1.89],[0.42,1.08,3.08],[0.49,1.17,2.73],[0.49,1.2,2.66]]},"on_this_day":{"ET":{"average":{"overall":1.46},"max":{"value":10.07,"when":1759320000},"min":{"value":0.14,"when":1759467600}},"api_cold":{"average":{"overall":0.0},"max":{"value":0.0,"when":1759273200},"min":{"value":0.0,"when":1759273200}},"api_dew":{"average":{"overall":0.0},"max":{"value":0.0,"when":1759273200},"min":{"value":0.0,"when":1759273200}},"api_foggy":{"average":{"overall":0.0},"max":{"value":0.6,"when":1759359600},"min":{"value":0.0,"when":1759273200}},"api_frost_grass":{"average":{"overall":0.0},"max":{"value":0.0,"when":1759273200},"min":{"value":0.0,"when":1759273200}},"api_frost_ground":{"average":{"overall":0.0},"max":{"value":0.0,"when":1759273200},"min":{"value":0.0,"when":1759273200}},"api_hot":{"average":{"overall":0.0},"max":{"value":0.0,"when":1759273200},"min":{"value":0.0,"when":1759273200}},"api_rainy":{"average":{"overall":0.2},"max":{"value":0.9,"when":1759442400},"min":{"value":0.0,"when":1759273200}},"api_snowy":{"average":{"overall":0.0},"max":{"value":0.0,"when":1759273200},"min":{"value":0.0,"when":1759273200}},"api_stormy":{"average":{"overall":0.0},"max":{"value":0.3,"when":1759503600},"min":{"value":0.0,"when":1759273200}},"api_thundery":{"average":{"overall":0.0},"max":{"value":0.0,"when":1759273200},"min":{"value":0.0,"when":1759273200}},"aq_uv_index_clear_sky":{"average":{"overall":1},"max":{"value":4,"when":1759489200},"min":{"value":0,"when":1759273200}},"cloudbase":{"average":{"overall":1434},"max":{"value":3326,"when":1759330800},"min":{"value":554,"when":1759474800}},"dewpoint":{"average":{"overall":9.8},"max":{"value":16.2,"when":1759528800},"min":{"value":1.5,"when":1759287600}},"ecowitt_gateway_inTemp":{"average":{"overall":21.1},"max":{"value":23.3,"when":1759323600},"min":{"value":18.9,"when":1759618800}},"ecowitt_gateway_pressure":{"average":{"overall":1019},"max":{"value":1032,"when":1759302000},"min":{"value":1001,"when":1759525200}},"ecowitt_wh31_hall_inTemp":{"average":{"overall":17.2},"max":{"value":19.4,"when":1759518000},"min":{"value":14.6,"when":1759291200}},"ecowitt_wh31_patio_outTemp":{"average":{"overall":13.0},"max":{"value":19.7,"when":1759323600},"min":{"value":6.6,"when":1759291200}},"ecowitt_wh51_patio_outGroundHumidity":{"average":{"overall":20.9},"max":{"value":31.0,"when":1759575600},"min":{"value":14.0,"when":1759399200}},"ecowitt_wittboy_outTemp":{"average":{"overall":12.2},"max":{"value":20.7,"when":1759327200},"min":{"value":3.5,"when":1759291200}},"ecowitt_wittboy_rain_day":{"average":{"overall":1.798645},"max":{"value":10.600004,"when":1759528800},"min":{"value":0.0,"when":1759273200}},"ecowitt_wittboy_rain_event":{"average":{"overall":4.491849},"max":{"value":14.199997,"when":1759597200},"min":{"value":0.0,"when":1759273200}},"ecowitt_wittboy_rain_rate":{"average":{"overall":0.243121},"max":{"value":16.799992,"when":1759564800},"min":{"value":0.0,"when":1759273200}},"ecowitt_wittboy_uvi":{"average":{"overall":0.3},"max":{"value":4.0,"when":1759316400},"min":{"value":0.0,"when":1759273200}},"ecowitt_wittboy_windDir":{"average":{"overall":193},"max":{"value":359,"when":1759503600},"min":{"value":2,"when":1759518000}},"ecowitt_wittboy_windGust":{"average":{"overall":15.5},"max":{"value":66.3,"when":1759514400},"min":{"value":5.9,"when":1759334400}},