{"charts":{"ET":[[0.28,0.7580303030303029,2.38]],"api_cold":[[0.0,0.0,0.0]],"api_dew":[[0.0,0.0,0.0]],"api_foggy":[[0.0,0.060454545454545455,0.14]],"api_frost_grass":[[0.0,0.0,0.0]],"api_frost_ground":[[0.0,0.0,0.0]],"api_hot":[[0.0,0.0,0.0]],"api_rainy":[[0.0,0.004242424242424243,0.14]],"api_snowy":[[0.0,0.0,0.0]],"api_stormy":[[0.0,0.0,0.0]],"api_thundery":[[0.0,0.0,0.0]],"aq_uv_index_clear_sky":[[0.0,0.14492424242424243,0.75]],"cloudbase":[[740.98,1212.582878787879,1643.75]],"dateTime":[1759273200],"dewpoint":[[34.69,39.74363636363636,52.7]],"ecowitt_gateway_inTemp":[[67.64,68.70977272727272,71.12]],"ecowitt_gateway_pressure":[[30.45,30.465075757575754,30.48]],"ecowitt_wh31_hall_inTemp":[[58.28,59.20068181818181,61.16]],"ecowitt_wh31_patio_outTemp":[[43.88,47.00568181818182,55.4]],"ecowitt_wh51_patio_outGroundHumidity":[[16.0,16.0,16.0]],"ecowitt_wittboy_outTemp":[[38.3,43.033409090909096,56.03]],"ecowitt_wittboy_rain_day":[[0.0,0.00098425,0.003937]],"ecowitt_wittboy_rain_event":[[0.0,0.0006859924242424244,0.003937]],"ecowitt_wittboy_rain_rate":[[0.0,0.0005368636363636364,0.023622]],"ecowitt_wittboy_uvi":[[0.0,0.12878787878787878,1.0]],"ecowitt_wittboy_windDir":[[14.0,182.94696969696972,266.0]],"ecowitt_wittboy_windGust":[[6.71,12.608863636363639,19.29]],"ecowitt_wittboy_windSpeed":[[5.87,10.377575757575755,18.45]],"ecowitt_wn34_shed_groundTemperature":[[49.94,51.64818181818182,54.92]],"feelslike":[[29.66,37.47856060606061,52.37]],"inHumidity":[[57.0,57.571969696969695,58.3]],"inTemp":[[68.2,69.14242424242424,71.1]],"lightning_strike_count":[[0.0,0.0,0.0]],"luminosity":[[0.0,3173.2574999999997,17000.0]],"netatmo_Chitterne_co2":[[1302.57,1601.4954545454545,1791.0]],"netatmo_Chitterne_inTemp":[[66.74,68.02037878787877,69.62]],"netatmo_Chitterne_noise":[[32.0,33.03030303030303,54.0]],"netatmo_Chitterne_outTemp":[[43.52,46.59060606060606,54.94]],"netatmo_Chitterne_pressure":[[29.93,29.937727272727273,29.96]],"outHumidity":[[81.4,87.02651515151514,94.0]],"outTemp":[[38.3,42.97651515151515,55.5]],"pressure":[[30.2,30.199999999999992,30.2]],"rain":[[0.0,0.0,0.0]],"rainRate":[[0.0,0.0,0.0]],"rain_total":[[0.0,0.0,0.0]],"vpd":[[0.02,0.03484848484848486,0.05]],"windrun":[[0.49,0.8659848484848485,1.54]]},"on_this_day":{"ET":{"average":{"overall":0.76},"max":{"value":2.38,"when":1759309200},"min":{"value":0.28,"when":1759294800}},"api_cold":{"average":{"overall":0.0},"max":{"value":0.0,"when":1759273200},"min":{"value":0.0,"when":1759273200}},"api_dew":{"average":{"overall":0.0},"max":{"value":0.0,"when":1759273200},"min":{"value":0.0,"when":1759273200}},"api_foggy":{"average":{"overall":0.1},"max":{"value":0.1,"when":1759294800},"min":{"value":0.0,"when":1759273200}},"api_frost_grass":{"average":{"overall":0.0},"max":{"value":0.0,"when":1759273200},"min":{"value":0.0,"when":1759273200}},"api_frost_ground":{"average":{"overall":0.0},"max":{"value":0.0,"when":1759273200},"min":{"value":0.0,"when":1759273200}},"api_hot":{"average":{"overall":0.0},"max":{"value":0.0,"when":1759273200},"min":{"value":0.0,"when":1759273200}},"api_rainy":{"average":{"overall":0.0},"max":{"value":0.1,"when":1759302000},"min":{"value":0.0,"when":1759273200}},"api_snowy":{"average":{"overall":0.0},"max":{"value":0.0,"when":1759273200},"min":{"value":0.0,"when":1759273200}},"api_stormy":{"average":{"overall":0.0},"max":{"value":0.0,"when":1759273200},"min":{"value":0.0,"when":1759273200}},"api_thundery":{"average":{"overall":0.0},"max":{"value":0.0,"when":1759273200},"min":{"value":0.0,"when":1759273200}},"aq_uv_index_clear_sky":{"average":{"overall":0},"max":{"value":1,"when":1759302000},"min":{"value":0,"when":1759273200}},"cloudbase":{"average":{"overall":1213},"max":{"value":1644,"when":1759273200},"min":{"value":741,"when":1759305600}},"dewpoint":{"average":{"overall":4.3},"max":{"value":11.5,"when":1759309200},"min":{"value":1.5,"when":1759287600}},"ecowitt_gateway_inTemp":{"average":{"overall":20.4},"max":{"value":21.7,"when":1759309200},"min":{"value":19.8,"when":1759276800}},"ecowitt_gateway_pressure":{"average":{"overall":1032},"max":{"value":1032,"when":1759302000},"min":{"value":1031,"when":1759284000}},"ecowitt_wh31_hall_inTemp":{"average":{"overall":15.1},"max":{"value":16.2,"when":1759309200},"min":{"value":14.6,"when":1759291200}},"ecowitt_wh31_patio_outTemp":{"average":{"overall":8.3},"max":{"value":13.0,"when":1759309200},"min":{"value":6.6,"when":1759291200}},"ecowitt_wh51_patio_outGroundHumidity":{"average":{"overall":16.0},"max":{"value":16.0,"when":1759273200},"min":{"value":16.0,"when":1759273200}},"ecowitt_wittboy_outTemp":{"average":{"overall":6.1},"max":{"value":13.4,"when":1759309200},"min":{"value":3.5,"when":1759291200}},"ecowitt_wittboy_rain_day":{"average":{"overall":0.025},"max":{"value":0.1,"when":1759302000},"min":{"value":0.0,"when":1759273200}},"ecowitt_wittboy_rain_event":{"average":{"overall":0.017424},"max":{"value":0.1,"when":1759302000},"min":{"value":0.0,"when":1759273200}},"ecowitt_wittboy_rain_rate":{"average":{"overall":0.013636},"max":{"value":0.599999,"when":1759302000},"min":{"value":0.0,"when":1759273200}},"ecowitt_wittboy_uvi":{"average":{"overall":0.1},"max":{"value":1.0,"when":1759305600},"min":{"value":0.0,"when":1759273200}},"ecowitt_wittboy_windDir":{"average":{"overall":183},"max":{"value":266,"when":1759291200},"min":{"value":14,"when":1759291200}},"ecowitt_wittboy_windGust":{"average":{"overall":12.6},"max":{"value":19.3,"when":1759287600},"min":{"value":6.7,"when":1759273200}},"ecowitt_wittboy_windSpeed":{"average":{"overall":10.4},"max":{"value":18.4,"when":1759287600},"min":{"value":5.9,"when":1759273200}},"ecowitt_wn34_shed_groundTemperature":{"average":{"overall":10.9},"max":{"value":12.7,"when":1759273200},"min":{"value":10.0,"when":1759298400}},"feelslike":{"average":{"overall":3.0},"max":{"value":11.3,"when":1759309200},"min":{"value":-1.3,"when":1759291200}},"inHumidity":{"average":{"overall":57.6},"max":{"value":58.3,"when":1759302000},"min":{"value":57.0,"when":1759291200}},"inTemp":{"average":{"overall":20.6},"max":{"value":21.7,"when":1759309200},"min":{"value":20.1,"when":1759287600}},"lightning_strike_count":{"average":{"overall":0},"max":{"value":0,"when":1759273200},"min":{"value":0,"when":1759273200}},"luminosity":{"average":{"overall":3173},"max":{"value":17000,"when":1759309200},"min":{"value":0,"when":1759273200}},"netatmo_Chitterne_co2":{"average":{"overall":1601},"max":{"value":1791,"when":1759273200},"min":{"value":1303,"when":1759309200}},"netatmo_Chitterne_inTemp":{"average":{"overall":20.0},"max":{"value":20.9,"when":1759273200},"min":{"value":19.3,"when":1759302000}},"netatmo_Chitterne_noise":{"average":{"overall":33},"max":{"value":54,"when":1759302000},"min":{"value":32,"when":1759273200}},"netatmo_Chitterne_outTemp":{"average":{"overall":8.1},"max":{"value":12.7,"when":1759309200},"min":{"value":6.4,"when":1759291200}},"netatmo_Chitterne_pressure":{"average":{"overall":1014},"max":{"value":1015,"when":1759309200},"min":{"value":1014,"when":1759273200}},"outHumidity":{"average":{"overall":87},"max":{"value":94,"when":1759305600},"min":{"value":81,"when":1759273200}},"outTemp":{"average":{"overall":6.1},"max":{"value":13.1,"when":1759309200},"min":{"value":3.5,"when":1759291200}},"pressure":{"average":{"overall":1023},"max":{"value":1023,"when":1759273200},"min":{"value":1023,"when":1759273200}},"rain":{"average":{"overall":0.0},"max":{"value":0.0,"when":1759273200},"min":{"value":0.0,"when":1759273200}},"rainRate":{"average":{"overall":0.0},"max":{"value":0.0,"when":1759273200},"min":{"value":0.0,"when":1759273200}},"rain_total":{"average":{"overall":0.0},"max":{"value":0.0,"when":1759273200},"min":{"value":0.0,"when":1759273200}},"vpd":{"average":{"overall":0.12},"max":{"value":0.17,"when":1759273200},"min":{"value":0.07,"when":1759302000}},"windrun":{"average":{"overall":0.87},"max":{"value":1.54,"when":1759287600},"min":{"value":0.49,"when":1759273200}}}}