{"charts":{"ET":[[0.28,0.49233333333333335,0.99]],"api_cold":[[0.0,0.0,0.0]],"api_dew":[[0.0,0.0,0.0]],"api_foggy":[[0.0,0.042777777777777776,0.14]],"api_frost_grass":[[0.0,0.0,0.0]],"api_frost_ground":[[0.0,0.0,0.0]],"api_hot":[[0.0,0.0,0.0]],"api_rainy":[[0.0,0.0,0.0]],"api_snowy":[[0.0,0.0,0.0]],"api_stormy":[[0.0,0.0,0.0]],"api_thundery":[[0.0,0.0,0.0]],"aq_uv_index_clear_sky":[[0.0,0.0,0.0]],"cloudbase":[[974.86,1303.033555555556,1643.75]],"dateTime":[1759273200],"dewpoint":[[34.69,37.11009259259259,42.72]],"ecowitt_gateway_inTemp":[[67.64,68.28422222222221,69.56]],"ecowitt_gateway_pressure":[[30.45,30.464851851851854,30.48]],"ecowitt_wh31_hall_inTemp":[[58.28,58.84766666666667,59.72]],"ecowitt_wh31_patio_outTemp":[[43.88,45.5091111111111,47.54]],"ecowitt_wh51_patio_outGroundHumidity":[[16.0,16.0,16.0]],"ecowitt_wittboy_outTemp":[[38.3,40.55683333333334,45.14]],"ecowitt_wittboy_rain_day":[[0.0,0.0001749777777777778,0.003937]],"ecowitt_wittboy_rain_event":[[0.0,0.0001749777777777778,0.003937]],"ecowitt_wittboy_rain_rate":[[0.0,0.0010498666666666667,0.023622]],"ecowitt_wittboy_uvi":[[0.0,0.0,0.0]],"ecowitt_wittboy_windDir":[[14.0,183.99814814814818,266.0]],"ecowitt_wittboy_windGust":[[6.71,11.972833333333334,19.29]],"ecowitt_wittboy_windSpeed":[[5.87,10.025703703703703,18.45]],"ecowitt_wn34_shed_groundTemperature":[[49.94,51.7901111111111,54.92]],"feelslike":[[29.66,34.7087962962963,39.06]],"inHumidity":[[57.0,57.451296296296306,58.1]],"inTemp":[[68.2,68.81277777777778,69.6]],"lightning_strike_count":[[0.0,0.0,0.0]],"luminosity":[[0.0,515.780925925926,6770.0]],"netatmo_Chitterne_co2":[[1401.0,1645.408925925926,1791.0]],"netatmo_Chitterne_inTemp":[[66.92,68.20131481481481,69.62]],"netatmo_Chitterne_noise":[[32.0,32.77777777777778,46.0]],"netatmo_Chitterne_outTemp":[[43.52,45.15977777777777,46.94]],"netatmo_Chitterne_pressure":[[29.93,29.935185185185187,29.95]],"outHumidity":[[81.4,85.69148148148149,90.7]],"outTemp":[[38.3,40.56296296296296,45.1]],"pressure":[[30.2,30.199999999999996,30.2]],"rain":[[0.0,0.0,0.0]],"rainRate":[[0.0,0.0,0.0]],"rain_total":[[0.0,0.0,0.0]],"vpd":[[0.03,0.03611111111111112,0.05]],"windrun":[[0.49,0.8366296296296296,1.54]]},"on_this_day":{"ET":{"average":{"overall":0.49},"max":{"value":0.99,"when":1759302000},"min":{"value":0.28,"when":1759294800}},"api_cold":{"average":{"overall":0.0},"max":{"value":0.0,"when":1759273200},"min":{"value":0.0,"when":1759273200}},"api_dew":{"average":{"overall":0.0},"max":{"value":0.0,"when":1759273200},"min":{"value":0.0,"when":1759273200}},"api_foggy":{"average":{"overall":0.0},"max":{"value":0.1,"when":1759294800},"min":{"value":0.0,"when":1759273200}},"api_frost_grass":{"average":{"overall":0.0},"max":{"value":0.0,"when":1759273200},"min":{"value":0.0,"when":1759273200}},"api_frost_ground":{"average":{"overall":0.0},"max":{"value":0.0,"when":1759273200},"min":{"value":0.0,"when":1759273200}},"api_hot":{"average":{"overall":0.0},"max":{"value":0.0,"when":1759273200},"min":{"value":0.0,"when":1759273200}},"api_rainy":{"average":{"overall":0.0},"max":{"value":0.0,"when":1759273200},"min":{"value":0.0,"when":1759273200}},"api_snowy":{"average":{"overall":0.0},"max":{"value":0.0,"when":1759273200},"min":{"value":0.0,"when":1759273200}},"api_stormy":{"average":{"overall":0.0},"max":{"value":0.0,"when":1759273200},"min":{"value":0.0,"when":1759273200}},"api_thundery":{"average":{"overall":0.0},"max":{"value":0.0,"when":1759273200},"min":{"value":0.0,"when":1759273200}},"aq_uv_index_clear_sky":{"average":{"overall":0},"max":{"value":0,"when":1759273200},"min":{"value":0,"when":1759273200}},"cloudbase":{"average":{"overall":1303},"max":{"value":1644,"when":1759273200},"min":{"value":975,"when":1759302000}},"dewpoint":{"average":{"overall":2.8},"max":{"value":6.0,"when":1759302000},"min":{"value":1.5,"when":1759287600}},"ecowitt_gateway_inTemp":{"average":{"overall":20.2},"max":{"value":20.9,"when":1759302000},"min":{"value":19.8,"when":1759276800}},"ecowitt_gateway_pressure":{"average":{"overall":1032},"max":{"value":1032,"when":1759302000},"min":{"value":1031,"when":1759284000}},"ecowitt_wh31_hall_inTemp":{"average":{"overall":14.9},"max":{"value":15.4,"when":1759302000},"min":{"value":14.6,"when":1759291200}},"ecowitt_wh31_patio_outTemp":{"average":{"overall":7.5},"max":{"value":8.6,"when":1759302000},"min":{"value":6.6,"when":1759291200}},"ecowitt_wh51_patio_outGroundHumidity":{"average":{"overall":16.0},"max":{"value":16.0,"when":1759273200},"min":{"value":16.0,"when":1759273200}},"ecowitt_wittboy_outTemp":{"average":{"overall":4.8},"max":{"value":7.3,"when":1759302000},"min":{"value":3.5,"when":1759291200}},"ecowitt_wittboy_rain_day":{"average":{"overall":0.004444},"max":{"value":0.1,"when":1759302000},"min":{"value":0.0,"when":1759273200}},"ecowitt_wittboy_rain_event":{"average":{"overall":0.004444},"max":{"value":0.1,"when":1759302000},"min":{"value":0.0,"when":1759273200}},"ecowitt_wittboy_rain_rate":{"average":{"overall":0.026667},"max":{"value":0.599999,"when":1759302000},"min":{"value":0.0,"when":1759273200}},"ecowitt_wittboy_uvi":{"average":{"overall":0.0},"max":{"value":0.0,"when":1759273200},"min":{"value":0.0,"when":1759273200}},"ecowitt_wittboy_windDir":{"average":{"overall":184},"max":{"value":266,"when":1759291200},"min":{"value":14,"when":1759291200}},"ecowitt_wittboy_windGust":{"average":{"overall":12.0},"max":{"value":19.3,"when":1759287600},"min":{"value":6.7,"when":1759273200}},"ecowitt_wittboy_windSpeed":{"average":{"overall":10.0},"max":{"value":18.4,"when":1759287600},"min":{"value":5.9,"when":1759273200}},"ecowitt_wn34_shed_groundTemperature":{"average":{"overall":11.0},"max":{"value":12.7,"when":1759273200},"min":{"value":10.0,"when":1759298400}},"feelslike":{"average":{"overall":1.5},"max":{"value":3.9,"when":1759302000},"min":{"value":-1.3,"when":1759291200}},"inHumidity":{"average":{"overall":57.5},"max":{"value":58.1,"when":1759280400},"min":{"value":57.0,"when":1759291200}},"inTemp":{"average":{"overall":20.5},"max":{"value":20.9,"when":1759273200},"min":{"value":20.1,"when":1759287600}},"lightning_strike_count":{"average":{"overall":0},"max":{"value":0,"when":1759273200},"min":{"value":0,"when":1759273200}},"luminosity":{"average":{"overall":516},"max":{"value":6770,"when":1759302000},"min":{"value":0,"when":1759273200}},"netatmo_Chitterne_co2":{"average":{"overall":1645},"max":{"value":1791,"when":1759273200},"min":{"value":1401,"when":1759302000}},"netatmo_Chitterne_inTemp":{"average":{"overall":20.1},"max":{"value":20.9,"when":1759273200},"min":{"value":19.4,"when":1759298400}},"netatmo_Chitterne_noise":{"average":{"overall":33},"max":{"value":46,"when":1759276800},"min":{"value":32,"when":1759273200}},"netatmo_Chitterne_outTemp":{"average":{"overall":7.3},"max":{"value":8.3,"when":1759302000},"min":{"value":6.4,"when":1759291200}},"netatmo_Chitterne_pressure":{"average":{"overall":1014},"max":{"value":1014,"when":1759298400},"min":{"value":1014,"when":1759273200}},"outHumidity":{"average":{"overall":86},"max":{"value":91,"when":1759302000},"min":{"value":81,"when":1759273200}},"outTemp":{"average":{"overall":4.8},"max":{"value":7.3,"when":1759302000},"min":{"value":3.5,"when":1759291200}},"pressure":{"average":{"overall":1023},"max":{"value":1023,"when":1759273200},"min":{"value":1023,"when":1759273200}},"rain":{"average":{"overall":0.0},"max":{"value":0.0,"when":1759273200},"min":{"value":0.0,"when":1759273200}},"rainRate":{"average":{"overall":0.0},"max":{"value":0.0,"when":1759273200},"min":{"value":0.0,"when":1759273200}},"rain_total":{"average":{"overall":0.0},"max":{"value":0.0,"when":1759273200},"min":{"value":0.0,"when":1759273200}},"vpd":{"average":{"overall":0.12},"max":{"value":0.17,"when":1759273200},"min":{"value":0.1,"when":1759291200}},"windrun":{"average":{"overall":0.84},"max":{"value":1.54,"when":1759287600},"min":{"value":0.49,"when":1759273200}}}}