{"charts":{"ET":[[0.42,0.49916666666666665,0.6]],"api_cold":[[0.0,0.0,0.0]],"api_dew":[[0.0,0.0,0.0]],"api_foggy":[[0.0,0.0,0.0]],"api_frost_grass":[[0.0,0.0,0.0]],"api_frost_ground":[[0.0,0.0,0.0]],"api_hot":[[0.0,0.0,0.0]],"api_rainy":[[0.0,0.0,0.0]],"api_snowy":[[0.0,0.0,0.0]],"api_stormy":[[0.0,0.0,0.0]],"api_thundery":[[0.0,0.0,0.0]],"aq_uv_index_clear_sky":[[0.0,0.0,0.0]],"cloudbase":[[1437.92,1510.7070833333335,1643.75]],"dateTime":[1759273200],"dewpoint":[[34.74,35.59375,36.22]],"ecowitt_gateway_inTemp":[[67.64,67.9075,68.54]],"ecowitt_gateway_pressure":[[30.46,30.46541666666667,30.47]],"ecowitt_wh31_hall_inTemp":[[58.64,58.92,59.54]],"ecowitt_wh31_patio_outTemp":[[45.14,45.6575,46.4]],"ecowitt_wh51_patio_outGroundHumidity":[[16.0,16.0,16.0]],"ecowitt_wittboy_outTemp":[[39.38,39.76875,40.1]],"ecowitt_wittboy_rain_day":[[0.0,0.0,0.0]],"ecowitt_wittboy_rain_event":[[0.0,0.0,0.0]],"ecowitt_wittboy_rain_rate":[[0.0,0.0,0.0]],"ecowitt_wittboy_uvi":[[0.0,0.0,0.0]],"ecowitt_wittboy_windDir":[[177.0,182.875,196.0]],"ecowitt_wittboy_windGust":[[6.71,8.6,10.07]],"ecowitt_wittboy_windSpeed":[[5.87,8.075000000000001,10.07]],"ecowitt_wn34_shed_groundTemperature":[[53.51,54.0725,54.92]],"feelslike":[[33.1,34.26708333333333,35.39]],"inHumidity":[[57.4,57.52083333333333,57.7]],"inTemp":[[69.3,69.37916666666666,69.6]],"lightning_strike_count":[[0.0,0.0,0.0]],"luminosity":[[0.0,0.0,0.0]],"netatmo_Chitterne_co2":[[1632.86,1685.1316666666667,1791.0]],"netatmo_Chitterne_inTemp":[[69.26,69.36916666666667,69.62]],"netatmo_Chitterne_noise":[[32.0,35.16666666666667,46.0]],"netatmo_Chitterne_outTemp":[[45.14,45.44166666666666,46.22]],"netatmo_Chitterne_pressure":[[29.93,29.93625,29.94]],"outHumidity":[[81.4,82.75416666666666,83.5]],"outTemp":[[39.4,39.77916666666667,40.1]],"pressure":[[30.2,30.2,30.2]],"rain":[[0.0,0.0,0.0]],"rainRate":[[0.0,0.0,0.0]],"rain_total":[[0.0,0.0,0.0]],"vpd":[[0.04,0.04041666666666667,0.05]],"windrun":[[0.49,0.6737500000000001,0.84]]},"on_this_day":{"ET":{"average":{"overall":0.5},"max":{"value":0.6,"when":1759273200},"min":{"value":0.42,"when":1759273200}},"api_cold":{"average":{"overall":0.0},"max":{"value":0.0,"when":1759273200},"min":{"value":0.0,"when":1759273200}},"api_dew":{"average":{"overall":0.0},"max":{"value":0.0,"when":1759273200},"min":{"value":0.0,"when":1759273200}},"api_foggy":{"average":{"overall":0.0},"max":{"value":0.0,"when":1759273200},"min":{"value":0.0,"when":1759273200}},"api_frost_grass":{"average":{"overall":0.0},"max":{"value":0.0,"when":1759273200},"min":{"value":0.0,"when":1759273200}},"api_frost_ground":{"average":{"overall":0.0},"max":{"value":0.0,"when":1759273200},"min":{"value":0.0,"when":1759273200}},"api_hot":{"average":{"overall":0.0},"max":{"value":0.0,"when":1759273200},"min":{"value":0.0,"when":1759273200}},"api_rainy":{"average":{"overall":0.0},"max":{"value":0.0,"when":1759273200},"min":{"value":0.0,"when":1759273200}},"api_snowy":{"average":{"overall":0.0},"max":{"value":0.0,"when":1759273200},"min":{"value":0.0,"when":1759273200}},"api_stormy":{"average":{"overall":0.0},"max":{"value":0.0,"when":1759273200},"min":{"value":0.0,"when":1759273200}},"api_thundery":{"average":{"overall":0.0},"max":{"value":0.0,"when":1759273200},"min":{"value":0.0,"when":1759273200}},"aq_uv_index_clear_sky":{"average":{"overall":0},"max":{"value":0,"when":1759273200},"min":{"value":0,"when":1759273200}},"cloudbase":{"average":{"overall":1511},"max":{"value":1644,"when":1759273200},"min":{"value":1438,"when":1759276800}},"dewpoint":{"average":{"overall":2.0},"max":{"value":2.3,"when":1759276800},"min":{"value":1.5,"when":1759273200}},"ecowitt_gateway_inTemp":{"average":{"overall":19.9},"max":{"value":20.3,"when":1759273200},"min":{"value":19.8,"when":1759276800}},"ecowitt_gateway_pressure":{"average":{"overall":1032},"max":{"value":1032,"when":1759273200},"min":{"value":1031,"when":1759273200}},"ecowitt_wh31_hall_inTemp":{"average":{"overall":15.0},"max":{"value":15.3,"when":1759273200},"min":{"value":14.8,"when":1759276800}},"ecowitt_wh31_patio_outTemp":{"average":{"overall":7.6},"max":{"value":8.0,"when":1759273200},"min":{"value":7.3,"when":1759273200}},"ecowitt_wh51_patio_outGroundHumidity":{"average":{"overall":16.0},"max":{"value":16.0,"when":1759273200},"min":{"value":16.0,"when":1759273200}},"ecowitt_wittboy_outTemp":{"average":{"overall":4.3},"max":{"value":4.5,"when":1759276800},"min":{"value":4.1,"when":1759273200}},"ecowitt_wittboy_rain_day":{"average":{"overall":0.0},"max":{"value":0.0,"when":1759273200},"min":{"value":0.0,"when":1759273200}},"ecowitt_wittboy_rain_event":{"average":{"overall":0.0},"max":{"value":0.0,"when":1759273200},"min":{"value":0.0,"when":1759273200}},"ecowitt_wittboy_rain_rate":{"average":{"overall":0.0},"max":{"value":0.0,"when":1759273200},"min":{"value":0.0,"when":1759273200}},"ecowitt_wittboy_uvi":{"average":{"overall":0.0},"max":{"value":0.0,"when":1759273200},"min":{"value":0.0,"when":1759273200}},"ecowitt_wittboy_windDir":{"average":{"overall":183},"max":{"value":196,"when":1759273200},"min":{"value":177,"when":1759273200}},"ecowitt_wittboy_windGust":{"average":{"overall":8.6},"max":{"value":10.1,"when":1759273200},"min":{"value":6.7,"when":1759273200}},"ecowitt_wittboy_windSpeed":{"average":{"overall":8.1},"max":{"value":10.1,"when":1759273200},"min":{"value":5.9,"when":1759273200}},"ecowitt_wn34_shed_groundTemperature":{"average":{"overall":12.3},"max":{"value":12.7,"when":1759273200},"min":{"value":12.0,"when":1759276800}},"feelslike":{"average":{"overall":1.3},"max":{"value":1.9,"when":1759273200},"min":{"value":0.6,"when":1759273200}},"inHumidity":{"average":{"overall":57.5},"max":{"value":57.7,"when":1759273200},"min":{"value":57.4,"when":1759273200}},"inTemp":{"average":{"overall":20.8},"max":{"value":20.9,"when":1759273200},"min":{"value":20.7,"when":1759273200}},"lightning_strike_count":{"average":{"overall":0},"max":{"value":0,"when":1759273200},"min":{"value":0,"when":1759273200}},"luminosity":{"average":{"overall":0},"max":{"value":0,"when":1759273200},"min":{"value":0,"when":1759273200}},"netatmo_Chitterne_co2":{"average":{"overall":1685},"max":{"value":1791,"when":1759273200},"min":{"value":1633,"when":1759276800}},"netatmo_Chitterne_inTemp":{"average":{"overall":20.8},"max":{"value":20.9,"when":1759273200},"min":{"value":20.7,"when":1759273200}},"netatmo_Chitterne_noise":{"average":{"overall":35},"max":{"value":46,"when":1759276800},"min":{"value":32,"when":1759273200}},"netatmo_Chitterne_outTemp":{"average":{"overall":7.5},"max":{"value":7.9,"when":1759273200},"min":{"value":7.3,"when":1759276800}},"netatmo_Chitterne_pressure":{"average":{"overall":1014},"max":{"value":1014,"when":1759273200},"min":{"value":1014,"when":1759273200}},"outHumidity":{"average":{"overall":83},"max":{"value":84,"when":1759276800},"min":{"value":81,"when":1759273200}},"outTemp":{"average":{"overall":4.3},"max":{"value":4.5,"when":1759276800},"min":{"value":4.1,"when":1759273200}},"pressure":{"average":{"overall":1023},"max":{"value":1023,"when":1759273200},"min":{"value":1023,"when":1759273200}},"rain":{"average":{"overall":0.0},"max":{"value":0.0,"when":1759273200},"min":{"value":0.0,"when":1759273200}},"rainRate":{"average":{"overall":0.0},"max":{"value":0.0,"when":1759273200},"min":{"value":0.0,"when":1759273200}},"rain_total":{"average":{"overall":0.0},"max":{"value":0.0,"when":1759273200},"min":{"value":0.0,"when":1759273200}},"vpd":{"average":{"overall":0.14},"max":{"value":0.17,"when":1759273200},"min":{"value":0.14,"when":1759273200}},"windrun":{"average":{"overall":0.67},"max":{"value":0.84,"when":1759273200},"min":{"value":0.49,"when":1759273200}}}}