{"charts":{"ET":[[0.18,0.22,0.27],[0.19,0.21,0.22]],"api_cold":[[0.0,0.0,0.0],[0.0,0.0,0.0]],"api_dew":[[0.3,0.3,0.4],[0.3,0.3,0.3]],"api_foggy":[[0.0,0.0,0.0],[0.0,0.0,0.0]],"api_frost_grass":[[0.1,0.2,0.3],[0.3,0.3,0.3]],"api_frost_ground":[[0.0,0.0,0.0],[0.0,0.0,0.0]],"api_hot":[[0.0,0.0,0.0],[0.0,0.0,0.0]],"api_rainy":[[0.0,0.1,0.1],[0.0,0.0,0.0]],"api_snowy":[[0.0,0.0,0.0],[0.0,0.0,0.0]],"api_stormy":[[0.0,0.0,0.0],[0.0,0.0,0.0]],"api_thundery":[[0.0,0.0,0.0],[0.0,0.0,0.0]],"aq_uv_index_clear_sky":[[0,0,0],[0,0,0]],"cloudbase":[[781,837,933],[780,808,856]],"dateTime":[1763856000,1763859600],"dewpoint":[[0.4,0.7,1.0],[0.3,0.6,0.9]],"ecowitt_gateway_inTemp":[[16.2,16.3,16.5],[16.2,16.2,16.2]],"ecowitt_gateway_pressure":[[1013,1013,1014],[1012,1012,1013]],"ecowitt_wh31_hall_inTemp":[[11.7,11.8,11.9],[11.6,11.6,11.7]],"ecowitt_wh31_patio_outTemp":[[3.6,3.8,4.0],[3.7,3.8,3.8]],"ecowitt_wh51_patio_outGroundHumidity":[[44.3,44.9,45.0],[45.0,45.0,45.0]],"ecowitt_wittboy_outTemp":[[1.4,1.5,1.6],[1.1,1.4,1.6]],"ecowitt_wittboy_rain_day":[[0.0,0.0,0.0],[0.0,0.0,0.0]],"ecowitt_wittboy_rain_event":[[4.299991,4.299991,4.299991],[4.299991,4.299991,4.299991]],"ecowitt_wittboy_rain_rate":[[0.0,0.0,0.0],[0.0,0.0,0.0]],"ecowitt_wittboy_uvi":[[0.0,0.0,0.0],[0.0,0.0,0.0]],"ecowitt_wittboy_windDir":[[160,182,192],[178,189,210]],"ecowitt_wittboy_windGust":[[9.2,12.4,15.1],[10.9,12.5,13.4]],"ecowitt_wittboy_windSpeed":[[7.5,10.7,14.3],[8.4,10.1,11.7]],"ecowitt_wn34_shed_groundTemperature":[[5.2,5.4,5.5],[5.1,5.3,5.4]],"feelslike":[[-2.8,-2.2,-1.6],[-2.7,-2.3,-1.8]],"inHumidity":[[57.0,57.0,57.1],[57.3,57.4,57.7]],"inTemp":[[14.7,14.8,14.9],[14.5,14.5,14.6]],"lightning_strike_count":[[0,0,0],[0,0,0]],"luminosity":[[0,0,0],[0,0,0]],"netatmo_Chitterne_co2":[[1232,1265,1298],[1252,1270,1283]],"netatmo_Chitterne_inTemp":[[16.0,16.1,16.4],[15.7,15.8,15.9]],"netatmo_Chitterne_noise":[[32,32,33],[32,32,32]],"netatmo_Chitterne_outTemp":[[3.6,3.7,4.1],[3.6,3.6,3.7]],"netatmo_Chitterne_pressure":[[994,995,995],[994,994,994]],"outHumidity":[[92,92,93],[92,93,93]],"outTemp":[[1.4,1.5,1.6],[1.1,1.4,1.6]],"pressure":[[1002,1004,1006],[1002,1002,1002]],"rain":[[0.0,0.0,0.0],[0.0,0.0,0.0]],"rainRate":[[0.0,0.0,0.0],[0.0,0.0,0.0]],"rain_total":[[0.0,0.408333,4.89999],[0.0,0.0,0.0]],"vpd":[[0.03,0.06,0.1],[0.03,0.05,0.07]],"windrun":[[0.63,0.89,1.19],[0.7,0.84,0.98]]},"on_this_day":{"ET":{"average":{"overall":0.21},"max":{"value":0.27,"when":1763856000},"min":{"value":0.18,"when":1763856000}},"api_cold":{"average":{"overall":0.0},"max":{"value":0.0,"when":1763856000},"min":{"value":0.0,"when":1763856000}},"api_dew":{"average":{"overall":0.3},"max":{"value":0.4,"when":1763856000},"min":{"value":0.3,"when":1763856000}},"api_foggy":{"average":{"overall":0.0},"max":{"value":0.0,"when":1763856000},"min":{"value":0.0,"when":1763856000}},"api_frost_grass":{"average":{"overall":0.2},"max":{"value":0.3,"when":1763856000},"min":{"value":0.1,"when":1763856000}},"api_frost_ground":{"average":{"overall":0.0},"max":{"value":0.0,"when":1763856000},"min":{"value":0.0,"when":1763856000}},"api_hot":{"average":{"overall":0.0},"max":{"value":0.0,"when":1763856000},"min":{"value":0.0,"when":1763856000}},"api_rainy":{"average":{"overall":0.0},"max":{"value":0.1,"when":1763856000},"min":{"value":0.0,"when":1763856000}},"api_snowy":{"average":{"overall":0.0},"max":{"value":0.0,"when":1763856000},"min":{"value":0.0,"when":1763856000}},"api_stormy":{"average":{"overall":0.0},"max":{"value":0.0,"when":1763856000},"min":{"value":0.0,"when":1763856000}},"api_thundery":{"average":{"overall":0.0},"max":{"value":0.0,"when":1763856000},"min":{"value":0.0,"when":1763856000}},"aq_uv_index_clear_sky":{"average":{"overall":0},"max":{"value":0,"when":1763856000},"min":{"value":0,"when":1763856000}},"cloudbase":{"average":{"overall":822},"max":{"value":933,"when":1763856000},"min":{"value":780,"when":1763859600}},"dewpoint":{"average":{"overall":0.7},"max":{"value":1.0,"when":1763856000},"min":{"value":0.3,"when":1763859600}},"ecowitt_gateway_inTemp":{"average":{"overall":16.3},"max":{"value":16.5,"when":1763856000},"min":{"value":16.2,"when":1763859600}},"ecowitt_gateway_pressure":{"average":{"overall":1013},"max":{"value":1014,"when":1763856000},"min":{"value":1012,"when":1763859600}},"ecowitt_wh31_hall_inTemp":{"average":{"overall":11.7},"max":{"value":11.9,"when":1763856000},"min":{"value":11.6,"when":1763859600}},"ecowitt_wh31_patio_outTemp":{"average":{"overall":3.8},"max":{"value":4.0,"when":1763856000},"min":{"value":3.6,"when":1763856000}},"ecowitt_wh51_patio_outGroundHumidity":{"average":{"overall":44.9},"max":{"value":45.0,"when":1763856000},"min":{"value":44.3,"when":1763856000}},"ecowitt_wittboy_outTemp":{"average":{"overall":1.5},"max":{"value":1.6,"when":1763856000},"min":{"value":1.1,"when":1763859600}},"ecowitt_wittboy_rain_day":{"average":{"overall":0.0},"max":{"value":0.0,"when":1763856000},"min":{"value":0.0,"when":1763856000}},"ecowitt_wittboy_rain_event":{"average":{"overall":4.299991},"max":{"value":4.299991,"when":1763856000},"min":{"value":4.299991,"when":1763856000}},"ecowitt_wittboy_rain_rate":{"average":{"overall":0.0},"max":{"value":0.0,"when":1763856000},"min":{"value":0.0,"when":1763856000}},"ecowitt_wittboy_uvi":{"average":{"overall":0.0},"max":{"value":0.0,"when":1763856000},"min":{"value":0.0,"when":1763856000}},"ecowitt_wittboy_windDir":{"average":{"overall":186},"max":{"value":210,"when":1763859600},"min":{"value":160,"when":1763856000}},"ecowitt_wittboy_windGust":{"average":{"overall":12.4},"max":{"value":15.1,"when":1763856000},"min":{"value":9.2,"when":1763856000}},"ecowitt_wittboy_windSpeed":{"average":{"overall":10.4},"max":{"value":14.3,"when":1763856000},"min":{"value":7.5,"when":1763856000}},"ecowitt_wn34_shed_groundTemperature":{"average":{"overall":5.3},"max":{"value":5.5,"when":1763856000},"min":{"value":5.1,"when":1763859600}},"feelslike":{"average":{"overall":-2.3},"max":{"value":-1.6,"when":1763856000},"min":{"value":-2.8,"when":1763856000}},"inHumidity":{"average":{"overall":57.2},"max":{"value":57.7,"when":1763859600},"min":{"value":57.0,"when":1763856000}},"inTemp":{"average":{"overall":14.6},"max":{"value":14.9,"when":1763856000},"min":{"value":14.5,"when":1763859600}},"lightning_strike_count":{"average":{"overall":0},"max":{"value":0,"when":1763856000},"min":{"value":0,"when":1763856000}},"luminosity":{"average":{"overall":0},"max":{"value":0,"when":1763856000},"min":{"value":0,"when":1763856000}},"netatmo_Chitterne_co2":{"average":{"overall":1267},"max":{"value":1298,"when":1763856000},"min":{"value":1232,"when":1763856000}},"netatmo_Chitterne_inTemp":{"average":{"overall":16.0},"max":{"value":16.4,"when":1763856000},"min":{"value":15.7,"when":1763859600}},"netatmo_Chitterne_noise":{"average":{"overall":32},"max":{"value":33,"when":1763856000},"min":{"value":32,"when":1763856000}},"netatmo_Chitterne_outTemp":{"average":{"overall":3.7},"max":{"value":4.1,"when":1763856000},"min":{"value":3.6,"when":1763856000}},"netatmo_Chitterne_pressure":{"average":{"overall":994},"max":{"value":995,"when":1763856000},"min":{"value":994,"when":1763859600}},"outHumidity":{"average":{"overall":93},"max":{"value":93,"when":1763856000},"min":{"value":92,"when":1763856000}},"outTemp":{"average":{"overall":1.5},"max":{"value":1.6,"when":1763856000},"min":{"value":1.1,"when":1763859600}},"pressure":{"average":{"overall":1003},"max":{"value":1006,"when":1763856000},"min":{"value":1002,"when":1763856000}},"rain":{"average":{"overall":0.0},"max":{"value":0.0,"when":1763856000},"min":{"value":0.0,"when":1763856000}},"rainRate":{"average":{"overall":0.0},"max":{"value":0.0,"when":1763856000},"min":{"value":0.0,"when":1763856000}},"rain_total":{"average":{"overall":0.204166},"max":{"value":4.89999,"when":1763856000},"min":{"value":0.0,"when":1763856000}},"vpd":{"average":{"overall":0.05},"max":{"value":0.1,"when":1763856000},"min":{"value":0.03,"when":1763856000}},