{"charts":{"ET":[[0.38,0.48933333333333334,0.6]],"api_cold":[[0.0,0.0,0.0]],"api_dew":[[0.0,0.0,0.0]],"api_foggy":[[0.0,0.0,0.0]],"api_frost_grass":[[0.0,0.0,0.0]],"api_frost_ground":[[0.0,0.0,0.0]],"api_hot":[[0.0,0.0,0.0]],"api_rainy":[[0.0,0.0,0.0]],"api_snowy":[[0.0,0.0,0.0]],"api_stormy":[[0.0,0.0,0.0]],"api_thundery":[[0.0,0.0,0.0]],"aq_uv_index_clear_sky":[[0.0,0.0,0.0]],"cloudbase":[[1310.59,1435.7708333333335,1643.75]],"dateTime":[1759273200],"dewpoint":[[34.74,35.93533333333333,37.41]],"ecowitt_gateway_inTemp":[[67.64,67.89000000000001,68.54]],"ecowitt_gateway_pressure":[[30.45,30.461833333333335,30.47]],"ecowitt_wh31_hall_inTemp":[[58.64,58.781000000000006,59.54]],"ecowitt_wh31_patio_outTemp":[[44.72,45.50749999999999,46.4]],"ecowitt_wh51_patio_outGroundHumidity":[[16.0,16.0,16.0]],"ecowitt_wittboy_outTemp":[[38.99,39.8575,40.82]],"ecowitt_wittboy_rain_day":[[0.0,0.0,0.0]],"ecowitt_wittboy_rain_event":[[0.0,0.0,0.0]],"ecowitt_wittboy_rain_rate":[[0.0,0.0,0.0]],"ecowitt_wittboy_uvi":[[0.0,0.0,0.0]],"ecowitt_wittboy_windDir":[[175.0,196.79999999999998,241.0]],"ecowitt_wittboy_windGust":[[6.71,10.7795,19.29]],"ecowitt_wittboy_windSpeed":[[5.87,9.48,15.94]],"ecowitt_wn34_shed_groundTemperature":[[51.56,52.954499999999996,54.92]],"feelslike":[[31.28,34.051833333333335,36.4]],"inHumidity":[[57.4,57.65333333333333,58.1]],"inTemp":[[68.4,68.88166666666666,69.6]],"lightning_strike_count":[[0.0,0.0,0.0]],"luminosity":[[0.0,0.0,0.0]],"netatmo_Chitterne_co2":[[1567.86,1659.7946666666662,1791.0]],"netatmo_Chitterne_inTemp":[[68.36,68.87116666666667,69.62]],"netatmo_Chitterne_noise":[[32.0,33.05,46.0]],"netatmo_Chitterne_outTemp":[[44.68,45.30333333333333,46.22]],"netatmo_Chitterne_pressure":[[29.93,29.933,29.94]],"outHumidity":[[81.4,83.75833333333333,85.5]],"outTemp":[[39.0,39.861666666666665,40.8]],"pressure":[[30.2,30.2,30.2]],"rain":[[0.0,0.0,0.0]],"rainRate":[[0.0,0.0,0.0]],"rain_total":[[0.0,0.0,0.0]],"vpd":[[0.04,0.04016666666666667,0.05]],"windrun":[[0.49,0.791,1.33]]},"on_this_day":{"ET":{"average":{"overall":0.49},"max":{"value":0.6,"when":1759273200},"min":{"value":0.38,"when":1759284000}},"api_cold":{"average":{"overall":0.0},"max":{"value":0.0,"when":1759273200},"min":{"value":0.0,"when":1759273200}},"api_dew":{"average":{"overall":0.0},"max":{"value":0.0,"when":1759273200},"min":{"value":0.0,"when":1759273200}},"api_foggy":{"average":{"overall":0.0},"max":{"value":0.0,"when":1759273200},"min":{"value":0.0,"when":1759273200}},"api_frost_grass":{"average":{"overall":0.0},"max":{"value":0.0,"when":1759273200},"min":{"value":0.0,"when":1759273200}},"api_frost_ground":{"average":{"overall":0.0},"max":{"value":0.0,"when":1759273200},"min":{"value":0.0,"when":1759273200}},"api_hot":{"average":{"overall":0.0},"max":{"value":0.0,"when":1759273200},"min":{"value":0.0,"when":1759273200}},"api_rainy":{"average":{"overall":0.0},"max":{"value":0.0,"when":1759273200},"min":{"value":0.0,"when":1759273200}},"api_snowy":{"average":{"overall":0.0},"max":{"value":0.0,"when":1759273200},"min":{"value":0.0,"when":1759273200}},"api_stormy":{"average":{"overall":0.0},"max":{"value":0.0,"when":1759273200},"min":{"value":0.0,"when":1759273200}},"api_thundery":{"average":{"overall":0.0},"max":{"value":0.0,"when":1759273200},"min":{"value":0.0,"when":1759273200}},"aq_uv_index_clear_sky":{"average":{"overall":0},"max":{"value":0,"when":1759273200},"min":{"value":0,"when":1759273200}},"cloudbase":{"average":{"overall":1436},"max":{"value":1644,"when":1759273200},"min":{"value":1311,"when":1759284000}},"dewpoint":{"average":{"overall":2.2},"max":{"value":3.0,"when":1759284000},"min":{"value":1.5,"when":1759273200}},"ecowitt_gateway_inTemp":{"average":{"overall":19.9},"max":{"value":20.3,"when":1759273200},"min":{"value":19.8,"when":1759276800}},"ecowitt_gateway_pressure":{"average":{"overall":1032},"max":{"value":1032,"when":1759273200},"min":{"value":1031,"when":1759284000}},"ecowitt_wh31_hall_inTemp":{"average":{"overall":14.9},"max":{"value":15.3,"when":1759273200},"min":{"value":14.8,"when":1759276800}},"ecowitt_wh31_patio_outTemp":{"average":{"overall":7.5},"max":{"value":8.0,"when":1759273200},"min":{"value":7.1,"when":1759287600}},"ecowitt_wh51_patio_outGroundHumidity":{"average":{"overall":16.0},"max":{"value":16.0,"when":1759273200},"min":{"value":16.0,"when":1759273200}},"ecowitt_wittboy_outTemp":{"average":{"overall":4.4},"max":{"value":4.9,"when":1759280400},"min":{"value":3.9,"when":1759287600}},"ecowitt_wittboy_rain_day":{"average":{"overall":0.0},"max":{"value":0.0,"when":1759273200},"min":{"value":0.0,"when":1759273200}},"ecowitt_wittboy_rain_event":{"average":{"overall":0.0},"max":{"value":0.0,"when":1759273200},"min":{"value":0.0,"when":1759273200}},"ecowitt_wittboy_rain_rate":{"average":{"overall":0.0},"max":{"value":0.0,"when":1759273200},"min":{"value":0.0,"when":1759273200}},"ecowitt_wittboy_uvi":{"average":{"overall":0.0},"max":{"value":0.0,"when":1759273200},"min":{"value":0.0,"when":1759273200}},"ecowitt_wittboy_windDir":{"average":{"overall":197},"max":{"value":241,"when":1759287600},"min":{"value":175,"when":1759284000}},"ecowitt_wittboy_windGust":{"average":{"overall":10.8},"max":{"value":19.3,"when":1759287600},"min":{"value":6.7,"when":1759273200}},"ecowitt_wittboy_windSpeed":{"average":{"overall":9.5},"max":{"value":15.9,"when":1759287600},"min":{"value":5.9,"when":1759273200}},"ecowitt_wn34_shed_groundTemperature":{"average":{"overall":11.6},"max":{"value":12.7,"when":1759273200},"min":{"value":10.9,"when":1759284000}},"feelslike":{"average":{"overall":1.1},"max":{"value":2.4,"when":1759280400},"min":{"value":-0.4,"when":1759287600}},"inHumidity":{"average":{"overall":57.7},"max":{"value":58.1,"when":1759280400},"min":{"value":57.4,"when":1759273200}},"inTemp":{"average":{"overall":20.5},"max":{"value":20.9,"when":1759273200},"min":{"value":20.2,"when":1759284000}},"lightning_strike_count":{"average":{"overall":0},"max":{"value":0,"when":1759273200},"min":{"value":0,"when":1759273200}},"luminosity":{"average":{"overall":0},"max":{"value":0,"when":1759273200},"min":{"value":0,"when":1759273200}},"netatmo_Chitterne_co2":{"average":{"overall":1660},"max":{"value":1791,"when":1759273200},"min":{"value":1568,"when":1759280400}},"netatmo_Chitterne_inTemp":{"average":{"overall":20.5},"max":{"value":20.9,"when":1759273200},"min":{"value":20.2,"when":1759284000}},"netatmo_Chitterne_noise":{"average":{"overall":33},"max":{"value":46,"when":1759276800},"min":{"value":32,"when":1759273200}},"netatmo_Chitterne_outTemp":{"average":{"overall":7.4},"max":{"value":7.9,"when":1759273200},"min":{"value":7.0,"when":1759287600}},"netatmo_Chitterne_pressure":{"average":{"overall":1014},"max":{"value":1014,"when":1759273200},"min":{"value":1014,"when":1759273200}},"outHumidity":{"average":{"overall":84},"max":{"value":86,"when":1759284000},"min":{"value":81,"when":1759273200}},"outTemp":{"average":{"overall":4.4},"max":{"value":4.9,"when":1759280400},"min":{"value":3.9,"when":1759287600}},"pressure":{"average":{"overall":1023},"max":{"value":1023,"when":1759273200},"min":{"value":1023,"when":1759273200}},"rain":{"average":{"overall":0.0},"max":{"value":0.0,"when":1759273200},"min":{"value":0.0,"when":1759273200}},"rainRate":{"average":{"overall":0.0},"max":{"value":0.0,"when":1759273200},"min":{"value":0.0,"when":1759273200}},"rain_total":{"average":{"overall":0.0},"max":{"value":0.0,"when":1759273200},"min":{"value":0.0,"when":1759273200}},"vpd":{"average":{"overall":0.14},"max":{"value":0.17,"when":1759273200},"min":{"value":0.14,"when":1759273200}},"windrun":{"average":{"overall":0.79},"max":{"value":1.33,"when":1759287600},"min":{"value":0.49,"when":1759273200}}}}