{"charts":{"ET":[[0.11,0.3,1.38],[0.13,0.44,1.83],[0.15,0.37,1.1]],"api_cold":[[0.0,0.0,0.0],[0.0,0.0,0.0],[0.0,0.0,0.0]],"api_dew":[[0.0,0.0,0.0],[0.0,0.1,0.4],[0.0,0.0,0.1]],"api_foggy":[[0.0,0.0,0.1],[0.0,0.0,0.1],[0.0,0.1,0.1]],"api_frost_grass":[[0.0,0.0,0.0],[0.0,0.1,0.3],[0.0,0.2,0.6]],"api_frost_ground":[[0.0,0.0,0.0],[0.0,0.0,0.0],[0.0,0.0,0.1]],"api_hot":[[0.0,0.0,0.0],[0.0,0.0,0.0],[0.0,0.0,0.0]],"api_rainy":[[0.4,0.8,0.9],[0.0,0.1,0.6],[0.0,0.0,0.1]],"api_snowy":[[0.0,0.0,0.0],[0.0,0.0,0.0],[0.0,0.0,0.0]],"api_stormy":[[0.0,0.1,0.3],[0.0,0.0,0.0],[0.0,0.0,0.0]],"api_thundery":[[0.0,0.0,0.0],[0.0,0.0,0.0],[0.0,0.0,0.0]],"aq_uv_index_clear_sky":[[0,0,1],[0,0,1],[0,0,1]],"cloudbase":[[517,626,810],[606,911,1366],[511,847,992]],"dateTime":[1764547200,1764633600,1764720000],"dewpoint":[[6.1,9.6,11.7],[-1.7,4.2,8.2],[-4.5,-0.5,6.5]],"ecowitt_gateway_inTemp":[[17.5,19.4,20.5],[17.4,19.4,20.5],[17.0,17.8,18.3]],"ecowitt_gateway_pressure":[[998,1004,1015],[1002,1006,1010],[1010,1012,1013]],"ecowitt_wh31_hall_inTemp":[[13.8,16.0,17.1],[12.9,14.7,15.5],[11.4,12.1,13.1]],"ecowitt_wh31_patio_outTemp":[[7.6,10.4,12.3],[2.9,7.0,10.2],[-0.6,2.4,7.9]],"ecowitt_wh51_patio_outGroundHumidity":[[45.0,48.3,50.0],[48.0,48.9,51.0],[45.0,47.0,50.0]],"ecowitt_wittboy_outTemp":[[7.5,10.5,12.6],[-0.6,5.5,11.2],[-3.4,0.9,9.2]],"ecowitt_wittboy_rain_day":[[0.0,8.749653,17.69999],[0.0,0.984373,17.69999],[0.0,0.0,0.0]],"ecowitt_wittboy_rain_event":[[0.299999,9.048611,17.999989],[17.999989,18.922912,21.200008],[21.200008,21.200008,21.200008]],"ecowitt_wittboy_rain_rate":[[0.0,0.881248,5.399989],[0.0,0.16875,7.80001],[0.0,0.0,0.0]],"ecowitt_wittboy_uvi":[[0.0,0.0,0.0],[0.0,0.0,1.0],[0.0,0.0,1.0]],"ecowitt_wittboy_windDir":[[2,200,359],[9,181,297],[138,184,243]],"ecowitt_wittboy_windGust":[[9.2,22.1,53.7],[7.5,12.0,23.5],[8.4,12.2,19.3]],"ecowitt_wittboy_windSpeed":[[5.0,15.3,43.6],[5.0,9.7,23.5],[5.9,10.2,15.9]],"ecowitt_wn34_shed_groundTemperature":[[6.2,8.3,10.2],[7.2,8.5,9.9],[4.6,5.6,7.4]],"feelslike":[[3.9,7.6,11.5],[-4.6,2.3,8.5],[-8.4,-3.5,5.5]],"inHumidity":[[59.3,60.2,61.0],[57.8,58.9,60.8],[54.4,56.0,58.0]],"inTemp":[[16.1,18.3,20.5],[15.8,17.9,20.5],[15.2,15.5,15.8]],"lightning_strike_count":[[0,0,0],[0,0,0],[0,0,0]],"luminosity":[[0,1066,10253],[0,1672,13270],[0,1930,11820]],"netatmo_Chitterne_co2":[[438,695,1112],[513,746,961],[536,735,865]],"netatmo_Chitterne_inTemp":[[16.7,17.5,18.8],[17.0,17.8,19.2],[16.0,16.6,17.6]],"netatmo_Chitterne_noise":[[32,34,50],[32,33,56],[32,33,53]],"netatmo_Chitterne_outTemp":[[7.3,10.4,12.3],[2.7,6.7,10.1],[-0.9,2.1,7.7]],"netatmo_Chitterne_pressure":[[980,987,997],[984,988,992],[992,993,995]],"outHumidity":[[93,96,97],[84,91,96],[90,92,97]],"outTemp":[[7.3,10.3,12.3],[-0.6,5.3,10.5],[-3.4,0.5,7.7]],"pressure":[[989,995,1006],[992,997,1002],[1002,1002,1002]],"rain":[[0.0,1.777774,18.999962],[0.0,0.197916,18.999962],[0.0,0.0,0.0]],"rainRate":[[0.0,21.777734,127.999744],[0.0,2.361106,139.99972],[0.0,0.0,0.0]],"rain_total":[[0.1,8.798318,16.199993],[0.0,0.536511,16.199993],[0.0,0.009659,1.699997]],"vpd":[[0.03,0.06,0.1],[0.03,0.08,0.2],[0.03,0.05,0.1]],"windrun":[[0.42,1.28,3.63],[0.42,0.81,1.96],[0.49,0.85,1.33]]},"on_this_day":{"ET":{"average":{"overall":0.37},"max":{"value":1.83,"when":1764684000},"min":{"value":0.11,"when":1764558000}},"api_cold":{"average":{"overall":0.0},"max":{"value":0.0,"when":1764547200},"min":{"value":0.0,"when":1764547200}},"api_dew":{"average":{"overall":0.0},"max":{"value":0.4,"when":1764651600},"min":{"value":0.0,"when":1764547200}},"api_foggy":{"average":{"overall":0.0},"max":{"value":0.1,"when":1764547200},"min":{"value":0.0,"when":1764547200}},"api_frost_grass":{"average":{"overall":0.1},"max":{"value":0.6,"when":1764720000},"min":{"value":0.0,"when":1764547200}},"api_frost_ground":{"average":{"overall":0.0},"max":{"value":0.1,"when":1764723600},"min":{"value":0.0,"when":1764547200}},"api_hot":{"average":{"overall":0.0},"max":{"value":0.0,"when":1764547200},"min":{"value":0.0,"when":1764547200}},"api_rainy":{"average":{"overall":0.3},"max":{"value":0.9,"when":1764547200},"min":{"value":0.0,"when":1764640800}},"api_snowy":{"average":{"overall":0.0},"max":{"value":0.0,"when":1764547200},"min":{"value":0.0,"when":1764547200}},"api_stormy":{"average":{"overall":0.0},"max":{"value":0.3,"when":1764565200},"min":{"value":0.0,"when":1764547200}},"api_thundery":{"average":{"overall":0.0},"max":{"value":0.0,"when":1764547200},"min":{"value":0.0,"when":1764547200}},"aq_uv_index_clear_sky":{"average":{"overall":0},"max":{"value":1,"when":1764590400},"min":{"value":0,"when":1764547200}},"cloudbase":{"average":{"overall":795},"max":{"value":1366,"when":1764687600},"min":{"value":511,"when":1764763200}},"dewpoint":{"average":{"overall":4.4},"max":{"value":11.7,"when":1764594000},"min":{"value":-4.5,"when":1764748800}},"ecowitt_gateway_inTemp":{"average":{"overall":18.9},"max":{"value":20.5,"when":1764590400},"min":{"value":17.0,"when":1764723600}},"ecowitt_gateway_pressure":{"average":{"overall":1007},"max":{"value":1015,"when":1764547200},"min":{"value":998,"when":1764608400}},"ecowitt_wh31_hall_inTemp":{"average":{"overall":14.3},"max":{"value":17.1,"when":1764608400},"min":{"value":11.4,"when":1764748800}},"ecowitt_wh31_patio_outTemp":{"average":{"overall":6.6},"max":{"value":12.3,"when":1764590400},"min":{"value":-0.6,"when":1764745200}},"ecowitt_wh51_patio_outGroundHumidity":{"average":{"overall":48.1},"max":{"value":51.0,"when":1764691200},"min":{"value":45.0,"when":1764547200}},"ecowitt_wittboy_outTemp":{"average":{"overall":5.6},"max":{"value":12.6,"when":1764590400},"min":{"value":-3.4,"when":1764748800}},"ecowitt_wittboy_rain_day":{"average":{"overall":3.244675},"max":{"value":17.69999,"when":1764622800},"min":{"value":0.0,"when":1764547200}},"ecowitt_wittboy_rain_event":{"average":{"overall":16.39051},"max":{"value":21.200008,"when":1764709200},"min":{"value":0.299999,"when":1764547200}},"ecowitt_wittboy_rain_rate":{"average":{"overall":0.349999},"max":{"value":7.80001,"when":1764691200},"min":{"value":0.0,"when":1764550800}},"ecowitt_wittboy_uvi":{"average":{"overall":0.0},"max":{"value":1.0,"when":1764673200},"min":{"value":0.0,"when":1764547200}},"ecowitt_wittboy_windDir":{"average":{"overall":188},"max":{"value":359,"when":1764561600},"min":{"value":2,"when":1764608400}},"ecowitt_wittboy_windGust":{"average":{"overall":15.4},"max":{"value":53.7,"when":1764576000},"min":{"value":7.5,"when":1764666000}},"ecowitt_wittboy_windSpeed":{"average":{"overall":11.7},"max":{"value":43.6,"when":1764597600},"min":{"value":5.0,"when":1764630000}},"ecowitt_wn34_shed_groundTemperature":{"average":{"overall":7.5},"max":{"value":10.2,"when":1764626400},"min":{"value":4.6,"when":1764763200}},"feelslike":{"average":{"overall":2.1},"max":{"value":11.5,"when":1764594000},"min":{"value":-8.4,"when":1764748800}},"inHumidity":{"average":{"overall":58.4},"max":{"value":61.0,"when":1764626400},"min":{"value":54.4,"when":1764763200}},"inTemp":{"average":{"overall":17.2},"max":{"value":20.5,"when":1764590400},"min":{"value":15.2,"when":1764727200}},"lightning_strike_count":{"average":{"overall":0},"max":{"value":0,"when":1764547200},"min":{"value":0,"when":1764547200}},"luminosity":{"average":{"overall":1556},"max":{"value":13270,"when":1764673200},"min":{"value":0,"when":1764547200}},"netatmo_Chitterne_co2":{"average":{"overall":725},"max":{"value":1112,"when":1764547200},"min":{"value":438,"when":1764615600}},"netatmo_Chitterne_inTemp":{"average":{"overall":17.3},"max":{"value":19.2,"when":1764662400},"min":{"value":16.0,"when":1764774000}},"netatmo_Chitterne_noise":{"average":{"overall":33},"max":{"value":56,"when":1764662400},"min":{"value":32,"when":1764547200}},"netatmo_Chitterne_outTemp":{"average":{"overall":6.4},"max":{"value":12.3,"when":1764594000},"min":{"value":-0.9,"when":1764745200}},"netatmo_Chitterne_pressure":{"average":{"overall":989},"max":{"value":997,"when":1764547200},"min":{"value":980,