{"charts":{"ET":[[0.42,0.5063636363636363,0.6]],"api_cold":[[0.0,0.0,0.0]],"api_dew":[[0.0,0.0,0.0]],"api_foggy":[[0.0,0.0,0.0]],"api_frost_grass":[[0.0,0.0,0.0]],"api_frost_ground":[[0.0,0.0,0.0]],"api_hot":[[0.0,0.0,0.0]],"api_rainy":[[0.0,0.0,0.0]],"api_snowy":[[0.0,0.0,0.0]],"api_stormy":[[0.0,0.0,0.0]],"api_thundery":[[0.0,0.0,0.0]],"aq_uv_index_clear_sky":[[0.0,0.0,0.0]],"cloudbase":[[1464.42,1555.3263636363636,1643.75]],"dateTime":[1759273200],"dewpoint":[[34.74,35.223636363636366,35.81]],"ecowitt_gateway_inTemp":[[67.82,68.16909090909091,68.54]],"ecowitt_gateway_pressure":[[30.46,30.462727272727275,30.47]],"ecowitt_wh31_hall_inTemp":[[58.88,59.141818181818174,59.54]],"ecowitt_wh31_patio_outTemp":[[45.14,45.628181818181815,46.4]],"ecowitt_wh51_patio_outGroundHumidity":[[16.0,16.0,16.0]],"ecowitt_wittboy_outTemp":[[39.38,39.480909090909094,39.74]],"ecowitt_wittboy_rain_day":[[0.0,0.0,0.0]],"ecowitt_wittboy_rain_event":[[0.0,0.0,0.0]],"ecowitt_wittboy_rain_rate":[[0.0,0.0,0.0]],"ecowitt_wittboy_uvi":[[0.0,0.0,0.0]],"ecowitt_wittboy_windDir":[[177.0,184.72727272727272,196.0]],"ecowitt_wittboy_windGust":[[6.71,8.542727272727273,10.07]],"ecowitt_wittboy_windSpeed":[[5.87,7.8554545454545455,10.07]],"ecowitt_wn34_shed_groundTemperature":[[53.9,54.49727272727273,54.92]],"feelslike":[[33.1,34.1109090909091,35.39]],"inHumidity":[[57.4,57.57272727272727,57.7]],"inTemp":[[69.4,69.47272727272728,69.6]],"lightning_strike_count":[[0.0,0.0,0.0]],"luminosity":[[0.0,0.0,0.0]],"netatmo_Chitterne_co2":[[1676.57,1721.6754545454546,1791.0]],"netatmo_Chitterne_inTemp":[[69.36,69.49818181818182,69.62]],"netatmo_Chitterne_noise":[[32.0,32.72727272727273,37.0]],"netatmo_Chitterne_outTemp":[[45.24,45.57636363636364,46.22]],"netatmo_Chitterne_pressure":[[29.93,29.932727272727274,29.94]],"outHumidity":[[81.4,82.2,83.2]],"outTemp":[[39.4,39.49090909090909,39.7]],"pressure":[[30.2,30.2,30.2]],"rain":[[0.0,0.0,0.0]],"rainRate":[[0.0,0.0,0.0]],"rain_total":[[0.0,0.0,0.0]],"vpd":[[0.04,0.04090909090909091,0.05]],"windrun":[[0.49,0.6554545454545454,0.84]]},"on_this_day":{"ET":{"average":{"overall":0.51},"max":{"value":0.6,"when":1759273200},"min":{"value":0.42,"when":1759273200}},"api_cold":{"average":{"overall":0.0},"max":{"value":0.0,"when":1759273200},"min":{"value":0.0,"when":1759273200}},"api_dew":{"average":{"overall":0.0},"max":{"value":0.0,"when":1759273200},"min":{"value":0.0,"when":1759273200}},"api_foggy":{"average":{"overall":0.0},"max":{"value":0.0,"when":1759273200},"min":{"value":0.0,"when":1759273200}},"api_frost_grass":{"average":{"overall":0.0},"max":{"value":0.0,"when":1759273200},"min":{"value":0.0,"when":1759273200}},"api_frost_ground":{"average":{"overall":0.0},"max":{"value":0.0,"when":1759273200},"min":{"value":0.0,"when":1759273200}},"api_hot":{"average":{"overall":0.0},"max":{"value":0.0,"when":1759273200},"min":{"value":0.0,"when":1759273200}},"api_rainy":{"average":{"overall":0.0},"max":{"value":0.0,"when":1759273200},"min":{"value":0.0,"when":1759273200}},"api_snowy":{"average":{"overall":0.0},"max":{"value":0.0,"when":1759273200},"min":{"value":0.0,"when":1759273200}},"api_stormy":{"average":{"overall":0.0},"max":{"value":0.0,"when":1759273200},"min":{"value":0.0,"when":1759273200}},"api_thundery":{"average":{"overall":0.0},"max":{"value":0.0,"when":1759273200},"min":{"value":0.0,"when":1759273200}},"aq_uv_index_clear_sky":{"average":{"overall":0},"max":{"value":0,"when":1759273200},"min":{"value":0,"when":1759273200}},"cloudbase":{"average":{"overall":1555},"max":{"value":1644,"when":1759273200},"min":{"value":1464,"when":1759273200}},"dewpoint":{"average":{"overall":1.8},"max":{"value":2.1,"when":1759273200},"min":{"value":1.5,"when":1759273200}},"ecowitt_gateway_inTemp":{"average":{"overall":20.1},"max":{"value":20.3,"when":1759273200},"min":{"value":19.9,"when":1759273200}},"ecowitt_gateway_pressure":{"average":{"overall":1032},"max":{"value":1032,"when":1759273200},"min":{"value":1031,"when":1759273200}},"ecowitt_wh31_hall_inTemp":{"average":{"overall":15.1},"max":{"value":15.3,"when":1759273200},"min":{"value":14.9,"when":1759273200}},"ecowitt_wh31_patio_outTemp":{"average":{"overall":7.6},"max":{"value":8.0,"when":1759273200},"min":{"value":7.3,"when":1759273200}},"ecowitt_wh51_patio_outGroundHumidity":{"average":{"overall":16.0},"max":{"value":16.0,"when":1759273200},"min":{"value":16.0,"when":1759273200}},"ecowitt_wittboy_outTemp":{"average":{"overall":4.2},"max":{"value":4.3,"when":1759273200},"min":{"value":4.1,"when":1759273200}},"ecowitt_wittboy_rain_day":{"average":{"overall":0.0},"max":{"value":0.0,"when":1759273200},"min":{"value":0.0,"when":1759273200}},"ecowitt_wittboy_rain_event":{"average":{"overall":0.0},"max":{"value":0.0,"when":1759273200},"min":{"value":0.0,"when":1759273200}},"ecowitt_wittboy_rain_rate":{"average":{"overall":0.0},"max":{"value":0.0,"when":1759273200},"min":{"value":0.0,"when":1759273200}},"ecowitt_wittboy_uvi":{"average":{"overall":0.0},"max":{"value":0.0,"when":1759273200},"min":{"value":0.0,"when":1759273200}},"ecowitt_wittboy_windDir":{"average":{"overall":185},"max":{"value":196,"when":1759273200},"min":{"value":177,"when":1759273200}},"ecowitt_wittboy_windGust":{"average":{"overall":8.5},"max":{"value":10.1,"when":1759273200},"min":{"value":6.7,"when":1759273200}},"ecowitt_wittboy_windSpeed":{"average":{"overall":7.9},"max":{"value":10.1,"when":1759273200},"min":{"value":5.9,"when":1759273200}},"ecowitt_wn34_shed_groundTemperature":{"average":{"overall":12.5},"max":{"value":12.7,"when":1759273200},"min":{"value":12.2,"when":1759273200}},"feelslike":{"average":{"overall":1.2},"max":{"value":1.9,"when":1759273200},"min":{"value":0.6,"when":1759273200}},"inHumidity":{"average":{"overall":57.6},"max":{"value":57.7,"when":1759273200},"min":{"value":57.4,"when":1759273200}},"inTemp":{"average":{"overall":20.8},"max":{"value":20.9,"when":1759273200},"min":{"value":20.8,"when":1759273200}},"lightning_strike_count":{"average":{"overall":0},"max":{"value":0,"when":1759273200},"min":{"value":0,"when":1759273200}},"luminosity":{"average":{"overall":0},"max":{"value":0,"when":1759273200},"min":{"value":0,"when":1759273200}},"netatmo_Chitterne_co2":{"average":{"overall":1722},"max":{"value":1791,"when":1759273200},"min":{"value":1677,"when":1759273200}},"netatmo_Chitterne_inTemp":{"average":{"overall":20.8},"max":{"value":20.9,"when":1759273200},"min":{"value":20.8,"when":1759273200}},"netatmo_Chitterne_noise":{"average":{"overall":33},"max":{"value":37,"when":1759273200},"min":{"value":32,"when":1759273200}},"netatmo_Chitterne_outTemp":{"average":{"overall":7.5},"max":{"value":7.9,"when":1759273200},"min":{"value":7.4,"when":1759273200}},"netatmo_Chitterne_pressure":{"average":{"overall":1014},"max":{"value":1014,"when":1759273200},"min":{"value":1014,"when":1759273200}},"outHumidity":{"average":{"overall":82},"max":{"value":83,"when":1759273200},"min":{"value":81,"when":1759273200}},"outTemp":{"average":{"overall":4.2},"max":{"value":4.3,"when":1759273200},"min":{"value":4.1,"when":1759273200}},"pressure":{"average":{"overall":1023},"max":{"value":1023,"when":1759273200},"min":{"value":1023,"when":1759273200}},"rain":{"average":{"overall":0.0},"max":{"value":0.0,"when":1759273200},"min":{"value":0.0,"when":1759273200}},"rainRate":{"average":{"overall":0.0},"max":{"value":0.0,"when":1759273200},"min":{"value":0.0,"when":1759273200}},"rain_total":{"average":{"overall":0.0},"max":{"value":0.0,"when":1759273200},"min":{"value":0.0,"when":1759273200}},"vpd":{"average":{"overall":0.14},"max":{"value":0.17,"when":1759273200},"min":{"value":0.14,"when":1759273200}},"windrun":{"average":{"overall":0.66},"max":{"value":0.84,"when":1759273200},"min":{"value":0.49,"when":1759273200}}}}