{"charts":{"ET":[[0.28,2.1140579710144927,10.07]],"api_cold":[[0.0,0.0,0.0]],"api_dew":[[0.0,0.0,0.0]],"api_foggy":[[0.0,0.03702898550724638,0.14]],"api_frost_grass":[[0.0,0.0,0.0]],"api_frost_ground":[[0.0,0.0,0.0]],"api_hot":[[0.0,0.0,0.0]],"api_rainy":[[0.0,0.002028985507246377,0.14]],"api_snowy":[[0.0,0.0,0.0]],"api_stormy":[[0.0,0.0,0.0]],"api_thundery":[[0.0,0.0,0.0]],"aq_uv_index_clear_sky":[[0.0,0.7786956521739129,3.25]],"cloudbase":[[740.98,1787.6210507246376,3325.79]],"dateTime":[1759273200],"dewpoint":[[34.69,45.47702898550723,56.01]],"ecowitt_gateway_inTemp":[[67.64,70.31532608695652,73.94]],"ecowitt_gateway_pressure":[[30.4,30.44905797101449,30.48]],"ecowitt_wh31_hall_inTemp":[[58.28,61.07989130434781,63.5]],"ecowitt_wh31_patio_outTemp":[[43.88,53.939673913043485,67.37]],"ecowitt_wh51_patio_outGroundHumidity":[[15.0,15.509057971014494,16.0]],"ecowitt_wittboy_outTemp":[[38.3,51.387499999999996,69.29]],"ecowitt_wittboy_rain_day":[[0.0,0.002524815217391305,0.003937]],"ecowitt_wittboy_rain_event":[[0.0,0.00031381884057971016,0.003937]],"ecowitt_wittboy_rain_rate":[[0.0,0.0002567608695652174,0.023622]],"ecowitt_wittboy_uvi":[[0.0,0.5942028985507246,4.0]],"ecowitt_wittboy_windDir":[[7.0,180.20652173913044,339.0]],"ecowitt_wittboy_windGust":[[5.87,10.69018115942029,19.29]],"ecowitt_wittboy_windSpeed":[[0.0,8.744021739130433,18.45]],"ecowitt_wn34_shed_groundTemperature":[[49.94,54.22163043478261,58.64]],"feelslike":[[29.66,47.70934782608696,68.46]],"inHumidity":[[57.0,58.04094202898551,59.8]],"inTemp":[[68.2,70.52717391304347,73.9]],"lightning_strike_count":[[0.0,0.0,0.0]],"luminosity":[[0.0,9962.826123188406,56920.0]],"netatmo_Chitterne_co2":[[979.0,1431.4475724637682,2025.0]],"netatmo_Chitterne_inTemp":[[66.74,68.61909420289855,70.16]],"netatmo_Chitterne_noise":[[32.0,33.97101449275362,65.0]],"netatmo_Chitterne_outTemp":[[43.52,53.88833333333333,67.46]],"netatmo_Chitterne_pressure":[[29.9,29.93050724637681,29.96]],"outHumidity":[[62.1,80.00398550724638,94.0]],"outTemp":[[38.3,51.4427536231884,69.3]],"pressure":[[30.1,30.199637681159427,30.2]],"rain":[[0.0,0.0,0.0]],"rainRate":[[0.0,0.0,0.0]],"rain_total":[[0.0,0.0,0.0]],"vpd":[[0.02,0.09351449275362317,0.27]],"windrun":[[0.19,0.7310507246376811,1.54]]},"on_this_day":{"ET":{"average":{"overall":2.11},"max":{"value":10.07,"when":1759320000},"min":{"value":0.28,"when":1759294800}},"api_cold":{"average":{"overall":0.0},"max":{"value":0.0,"when":1759273200},"min":{"value":0.0,"when":1759273200}},"api_dew":{"average":{"overall":0.0},"max":{"value":0.0,"when":1759273200},"min":{"value":0.0,"when":1759273200}},"api_foggy":{"average":{"overall":0.0},"max":{"value":0.1,"when":1759294800},"min":{"value":0.0,"when":1759273200}},"api_frost_grass":{"average":{"overall":0.0},"max":{"value":0.0,"when":1759273200},"min":{"value":0.0,"when":1759273200}},"api_frost_ground":{"average":{"overall":0.0},"max":{"value":0.0,"when":1759273200},"min":{"value":0.0,"when":1759273200}},"api_hot":{"average":{"overall":0.0},"max":{"value":0.0,"when":1759273200},"min":{"value":0.0,"when":1759273200}},"api_rainy":{"average":{"overall":0.0},"max":{"value":0.1,"when":1759302000},"min":{"value":0.0,"when":1759273200}},"api_snowy":{"average":{"overall":0.0},"max":{"value":0.0,"when":1759273200},"min":{"value":0.0,"when":1759273200}},"api_stormy":{"average":{"overall":0.0},"max":{"value":0.0,"when":1759273200},"min":{"value":0.0,"when":1759273200}},"api_thundery":{"average":{"overall":0.0},"max":{"value":0.0,"when":1759273200},"min":{"value":0.0,"when":1759273200}},"aq_uv_index_clear_sky":{"average":{"overall":1},"max":{"value":3,"when":1759316400},"min":{"value":0,"when":1759273200}},"cloudbase":{"average":{"overall":1788},"max":{"value":3326,"when":1759330800},"min":{"value":741,"when":1759305600}},"dewpoint":{"average":{"overall":7.5},"max":{"value":13.3,"when":1759327200},"min":{"value":1.5,"when":1759287600}},"ecowitt_gateway_inTemp":{"average":{"overall":21.3},"max":{"value":23.3,"when":1759323600},"min":{"value":19.8,"when":1759276800}},"ecowitt_gateway_pressure":{"average":{"overall":1031},"max":{"value":1032,"when":1759302000},"min":{"value":1029,"when":1759334400}},"ecowitt_wh31_hall_inTemp":{"average":{"overall":16.2},"max":{"value":17.5,"when":1759341600},"min":{"value":14.6,"when":1759291200}},"ecowitt_wh31_patio_outTemp":{"average":{"overall":12.2},"max":{"value":19.7,"when":1759323600},"min":{"value":6.6,"when":1759291200}},"ecowitt_wh51_patio_outGroundHumidity":{"average":{"overall":15.5},"max":{"value":16.0,"when":1759273200},"min":{"value":15.0,"when":1759312800}},"ecowitt_wittboy_outTemp":{"average":{"overall":10.8},"max":{"value":20.7,"when":1759327200},"min":{"value":3.5,"when":1759291200}},"ecowitt_wittboy_rain_day":{"average":{"overall":0.06413},"max":{"value":0.1,"when":1759302000},"min":{"value":0.0,"when":1759273200}},"ecowitt_wittboy_rain_event":{"average":{"overall":0.007971},"max":{"value":0.1,"when":1759302000},"min":{"value":0.0,"when":1759273200}},"ecowitt_wittboy_rain_rate":{"average":{"overall":0.006522},"max":{"value":0.599999,"when":1759302000},"min":{"value":0.0,"when":1759273200}},"ecowitt_wittboy_uvi":{"average":{"overall":0.6},"max":{"value":4.0,"when":1759316400},"min":{"value":0.0,"when":1759273200}},"ecowitt_wittboy_windDir":{"average":{"overall":180},"max":{"value":339,"when":1759320000},"min":{"value":7,"when":1759312800}},"ecowitt_wittboy_windGust":{"average":{"overall":10.7},"max":{"value":19.3,"when":1759287600},"min":{"value":5.9,"when":1759334400}},"ecowitt_wittboy_windSpeed":{"average":{"overall":8.7},"max":{"value":18.4,"when":1759287600},"min":{"value":0.0,"when":1759323600}},"ecowitt_wn34_shed_groundTemperature":{"average":{"overall":12.3},"max":{"value":14.8,"when":1759338000},"min":{"value":10.0,"when":1759298400}},"feelslike":{"average":{"overall":8.7},"max":{"value":20.3,"when":1759327200},"min":{"value":-1.3,"when":1759291200}},"inHumidity":{"average":{"overall":58.0},"max":{"value":59.8,"when":1759341600},"min":{"value":57.0,"when":1759291200}},"inTemp":{"average":{"overall":21.4},"max":{"value":23.3,"when":1759323600},"min":{"value":20.1,"when":1759287600}},"lightning_strike_count":{"average":{"overall":0},"max":{"value":0,"when":1759273200},"min":{"value":0,"when":1759273200}},"luminosity":{"average":{"overall":9963},"max":{"value":56920,"when":1759320000},"min":{"value":0,"when":1759273200}},"netatmo_Chitterne_co2":{"average":{"overall":1431},"max":{"value":2025,"when":1759348800},"min":{"value":979,"when":1759323600}},"netatmo_Chitterne_inTemp":{"average":{"overall":20.3},"max":{"value":21.2,"when":1759352400},"min":{"value":19.3,"when":1759302000}},"netatmo_Chitterne_noise":{"average":{"overall":34},"max":{"value":65,"when":1759352400},"min":{"value":32,"when":1759273200}},"netatmo_Chitterne_outTemp":{"average":{"overall":12.2},"max":{"value":19.7,"when":1759323600},"min":{"value":6.4,"when":1759291200}},"netatmo_Chitterne_pressure":{"average":{"overall":1014},"max":{"value":1015,"when":1759309200},"min":{"value":1013,"when":1759330800}},"outHumidity":{"average":{"overall":80},"max":{"value":94,"when":1759305600},"min":{"value":62,"when":1759330800}},"outTemp":{"average":{"overall":10.8},"max":{"value":20.7,"when":1759327200},"min":{"value":3.5,"when":1759291200}},"pressure":{"average":{"overall":1023},"max":{"value":1023,"when":1759273200},"min":{"value":1019,"when":1759334400}},"rain":{"average":{"overall":0.0},"max":{"value":0.0,"when":1759273200},"min":{"value":0.0,"when":1759273200}},"rainRate":{"average":{"overall":0.0},"max":{"value":0.0,"when":1759273200},"min":{"value":0.0,"when":1759273200}},"rain_total":{"average":{"overall":0.0},"max":{"value":0.0,"when":1759273200},"min":{"value":0.0,"when":1759273200}},"vpd":{"average":{"overall":0.32},"max":{"value":0.91,"when":1759323600},"min":{"value":0.07,"when":1759302000}},"windrun":{"average":{"overall":0.73},"max":{"value":1.54,"when":1759287600},"min":{"value":0.19,"when":1759323600}}}}