{"charts":{"ET":[[0.28,0.5815,1.2]],"api_cold":[[0.0,0.0,0.0]],"api_dew":[[0.0,0.0,0.0]],"api_foggy":[[0.0,0.042777777777777776,0.14]],"api_frost_grass":[[0.0,0.0,0.0]],"api_frost_ground":[[0.0,0.0,0.0]],"api_hot":[[0.0,0.0,0.0]],"api_rainy":[[0.0,0.005185185185185185,0.14]],"api_snowy":[[0.0,0.0,0.0]],"api_stormy":[[0.0,0.0,0.0]],"api_thundery":[[0.0,0.0,0.0]],"aq_uv_index_clear_sky":[[0.0,0.08441666666666667,0.75]],"cloudbase":[[770.38,1242.7270833333337,1643.75]],"dateTime":[1759273200],"dewpoint":[[34.69,38.2755,47.06]],"ecowitt_gateway_inTemp":[[67.64,68.41224999999999,69.74]],"ecowitt_gateway_pressure":[[30.45,30.465166666666665,30.48]],"ecowitt_wh31_hall_inTemp":[[58.28,58.989,60.08]],"ecowitt_wh31_patio_outTemp":[[43.88,46.03849999999999,49.94]],"ecowitt_wh51_patio_outGroundHumidity":[[16.0,16.0,16.0]],"ecowitt_wittboy_outTemp":[[38.3,41.55375,49.01]],"ecowitt_wittboy_rain_day":[[0.0,0.0006889750000000001,0.003937]],"ecowitt_wittboy_rain_event":[[0.0,0.0006889750000000001,0.003937]],"ecowitt_wittboy_rain_rate":[[0.0,0.00059055,0.023622]],"ecowitt_wittboy_uvi":[[0.0,0.0,0.0]],"ecowitt_wittboy_windDir":[[14.0,184.82500000000002,266.0]],"ecowitt_wittboy_windGust":[[6.71,11.961666666666668,19.29]],"ecowitt_wittboy_windSpeed":[[5.87,9.716499999999998,18.45]],"ecowitt_wn34_shed_groundTemperature":[[49.94,51.64,54.92]],"feelslike":[[29.66,35.99158333333334,45.6]],"inHumidity":[[57.0,57.549166666666665,58.3]],"inTemp":[[68.2,68.88583333333334,69.7]],"lightning_strike_count":[[0.0,0.0,0.0]],"luminosity":[[0.0,1565.2913333333333,8828.33]],"netatmo_Chitterne_co2":[[1358.0,1621.4879999999998,1791.0]],"netatmo_Chitterne_inTemp":[[66.74,68.08708333333333,69.62]],"netatmo_Chitterne_noise":[[32.0,32.88333333333333,54.0]],"netatmo_Chitterne_outTemp":[[43.52,45.64516666666666,49.25]],"netatmo_Chitterne_pressure":[[29.93,29.935333333333336,29.95]],"outHumidity":[[81.4,86.57916666666667,93.6]],"outTemp":[[38.3,41.5575,49.0]],"pressure":[[30.2,30.199999999999996,30.2]],"rain":[[0.0,0.0,0.0]],"rainRate":[[0.0,0.0,0.0]],"rain_total":[[0.0,0.0,0.0]],"vpd":[[0.02,0.03425000000000001,0.05]],"windrun":[[0.49,0.8108333333333333,1.54]]},"on_this_day":{"ET":{"average":{"overall":0.58},"max":{"value":1.2,"when":1759305600},"min":{"value":0.28,"when":1759294800}},"api_cold":{"average":{"overall":0.0},"max":{"value":0.0,"when":1759273200},"min":{"value":0.0,"when":1759273200}},"api_dew":{"average":{"overall":0.0},"max":{"value":0.0,"when":1759273200},"min":{"value":0.0,"when":1759273200}},"api_foggy":{"average":{"overall":0.0},"max":{"value":0.1,"when":1759294800},"min":{"value":0.0,"when":1759273200}},"api_frost_grass":{"average":{"overall":0.0},"max":{"value":0.0,"when":1759273200},"min":{"value":0.0,"when":1759273200}},"api_frost_ground":{"average":{"overall":0.0},"max":{"value":0.0,"when":1759273200},"min":{"value":0.0,"when":1759273200}},"api_hot":{"average":{"overall":0.0},"max":{"value":0.0,"when":1759273200},"min":{"value":0.0,"when":1759273200}},"api_rainy":{"average":{"overall":0.0},"max":{"value":0.1,"when":1759302000},"min":{"value":0.0,"when":1759273200}},"api_snowy":{"average":{"overall":0.0},"max":{"value":0.0,"when":1759273200},"min":{"value":0.0,"when":1759273200}},"api_stormy":{"average":{"overall":0.0},"max":{"value":0.0,"when":1759273200},"min":{"value":0.0,"when":1759273200}},"api_thundery":{"average":{"overall":0.0},"max":{"value":0.0,"when":1759273200},"min":{"value":0.0,"when":1759273200}},"aq_uv_index_clear_sky":{"average":{"overall":0},"max":{"value":1,"when":1759302000},"min":{"value":0,"when":1759273200}},"cloudbase":{"average":{"overall":1243},"max":{"value":1644,"when":1759273200},"min":{"value":770,"when":1759302000}},"dewpoint":{"average":{"overall":3.5},"max":{"value":8.4,"when":1759305600},"min":{"value":1.5,"when":1759287600}},"ecowitt_gateway_inTemp":{"average":{"overall":20.2},"max":{"value":21.0,"when":1759302000},"min":{"value":19.8,"when":1759276800}},"ecowitt_gateway_pressure":{"average":{"overall":1032},"max":{"value":1032,"when":1759302000},"min":{"value":1031,"when":1759284000}},"ecowitt_wh31_hall_inTemp":{"average":{"overall":15.0},"max":{"value":15.6,"when":1759302000},"min":{"value":14.6,"when":1759291200}},"ecowitt_wh31_patio_outTemp":{"average":{"overall":7.8},"max":{"value":10.0,"when":1759305600},"min":{"value":6.6,"when":1759291200}},"ecowitt_wh51_patio_outGroundHumidity":{"average":{"overall":16.0},"max":{"value":16.0,"when":1759273200},"min":{"value":16.0,"when":1759273200}},"ecowitt_wittboy_outTemp":{"average":{"overall":5.3},"max":{"value":9.4,"when":1759305600},"min":{"value":3.5,"when":1759291200}},"ecowitt_wittboy_rain_day":{"average":{"overall":0.0175},"max":{"value":0.1,"when":1759302000},"min":{"value":0.0,"when":1759273200}},"ecowitt_wittboy_rain_event":{"average":{"overall":0.0175},"max":{"value":0.1,"when":1759302000},"min":{"value":0.0,"when":1759273200}},"ecowitt_wittboy_rain_rate":{"average":{"overall":0.015},"max":{"value":0.599999,"when":1759302000},"min":{"value":0.0,"when":1759273200}},"ecowitt_wittboy_uvi":{"average":{"overall":0.0},"max":{"value":0.0,"when":1759273200},"min":{"value":0.0,"when":1759273200}},"ecowitt_wittboy_windDir":{"average":{"overall":185},"max":{"value":266,"when":1759291200},"min":{"value":14,"when":1759291200}},"ecowitt_wittboy_windGust":{"average":{"overall":12.0},"max":{"value":19.3,"when":1759287600},"min":{"value":6.7,"when":1759273200}},"ecowitt_wittboy_windSpeed":{"average":{"overall":9.7},"max":{"value":18.4,"when":1759287600},"min":{"value":5.9,"when":1759273200}},"ecowitt_wn34_shed_groundTemperature":{"average":{"overall":10.9},"max":{"value":12.7,"when":1759273200},"min":{"value":10.0,"when":1759298400}},"feelslike":{"average":{"overall":2.2},"max":{"value":7.6,"when":1759305600},"min":{"value":-1.3,"when":1759291200}},"inHumidity":{"average":{"overall":57.5},"max":{"value":58.3,"when":1759302000},"min":{"value":57.0,"when":1759291200}},"inTemp":{"average":{"overall":20.5},"max":{"value":20.9,"when":1759302000},"min":{"value":20.1,"when":1759287600}},"lightning_strike_count":{"average":{"overall":0},"max":{"value":0,"when":1759273200},"min":{"value":0,"when":1759273200}},"luminosity":{"average":{"overall":1565},"max":{"value":8828,"when":1759305600},"min":{"value":0,"when":1759273200}},"netatmo_Chitterne_co2":{"average":{"overall":1621},"max":{"value":1791,"when":1759273200},"min":{"value":1358,"when":1759302000}},"netatmo_Chitterne_inTemp":{"average":{"overall":20.0},"max":{"value":20.9,"when":1759273200},"min":{"value":19.3,"when":1759302000}},"netatmo_Chitterne_noise":{"average":{"overall":33},"max":{"value":54,"when":1759302000},"min":{"value":32,"when":1759273200}},"netatmo_Chitterne_outTemp":{"average":{"overall":7.6},"max":{"value":9.6,"when":1759305600},"min":{"value":6.4,"when":1759291200}},"netatmo_Chitterne_pressure":{"average":{"overall":1014},"max":{"value":1014,"when":1759298400},"min":{"value":1014,"when":1759273200}},"outHumidity":{"average":{"overall":87},"max":{"value":94,"when":1759302000},"min":{"value":81,"when":1759273200}},"outTemp":{"average":{"overall":5.3},"max":{"value":9.4,"when":1759305600},"min":{"value":3.5,"when":1759291200}},"pressure":{"average":{"overall":1023},"max":{"value":1023,"when":1759273200},"min":{"value":1023,"when":1759273200}},"rain":{"average":{"overall":0.0},"max":{"value":0.0,"when":1759273200},"min":{"value":0.0,"when":1759273200}},"rainRate":{"average":{"overall":0.0},"max":{"value":0.0,"when":1759273200},"min":{"value":0.0,"when":1759273200}},"rain_total":{"average":{"overall":0.0},"max":{"value":0.0,"when":1759273200},"min":{"value":0.0,"when":1759273200}},"vpd":{"average":{"overall":0.12},"max":{"value":0.17,"when":1759273200},"min":{"value":0.07,"when":1759302000}},"windrun":{"average":{"overall":0.81},"max":{"value":1.54,"when":1759287600},"min":{"value":0.49,"when":1759273200}}}}