{"charts":{"ET":[[0.28,1.7432142857142858,7.83]],"api_cold":[[0.0,0.0,0.0]],"api_dew":[[0.0,0.0,0.0]],"api_foggy":[[0.0,0.050833333333333335,0.14]],"api_frost_grass":[[0.0,0.0,0.0]],"api_frost_ground":[[0.0,0.0,0.0]],"api_hot":[[0.0,0.0,0.0]],"api_rainy":[[0.0,0.0033333333333333335,0.14]],"api_snowy":[[0.0,0.0,0.0]],"api_stormy":[[0.0,0.0,0.0]],"api_thundery":[[0.0,0.0,0.0]],"aq_uv_index_clear_sky":[[0.0,0.7251190476190477,3.25]],"cloudbase":[[740.98,1385.8333928571428,2633.46]],"dateTime":[1759273200],"dewpoint":[[34.69,43.04235714285714,55.71]],"ecowitt_gateway_inTemp":[[67.64,69.39446428571428,73.13]],"ecowitt_gateway_pressure":[[30.44,30.462452380952374,30.48]],"ecowitt_wh31_hall_inTemp":[[58.28,59.827642857142855,62.42]],"ecowitt_wh31_patio_outTemp":[[43.88,50.34085714285714,64.76]],"ecowitt_wh51_patio_outGroundHumidity":[[15.0,15.836309523809524,16.0]],"ecowitt_wittboy_outTemp":[[38.3,47.28928571428571,64.79]],"ecowitt_wittboy_rain_day":[[0.0,0.0016169821428571429,0.003937]],"ecowitt_wittboy_rain_event":[[0.0,0.0005155595238095238,0.003937]],"ecowitt_wittboy_rain_rate":[[0.0,0.0004218214285714286,0.023622]],"ecowitt_wittboy_uvi":[[0.0,0.5178571428571429,4.0]],"ecowitt_wittboy_windDir":[[7.0,185.55357142857142,339.0]],"ecowitt_wittboy_windGust":[[6.71,11.764678571428574,19.29]],"ecowitt_wittboy_windSpeed":[[4.19,9.456904761904761,18.45]],"ecowitt_wn34_shed_groundTemperature":[[49.94,52.09139285714286,54.92]],"feelslike":[[29.66,42.69947619047618,64.76]],"inHumidity":[[57.0,57.61833333333333,58.7]],"inTemp":[[68.2,69.73273809523809,73.1]],"lightning_strike_count":[[0.0,0.0,0.0]],"luminosity":[[0.0,9149.275988095238,47395.0]],"netatmo_Chitterne_co2":[[1015.0,1499.7744761904762,1791.0]],"netatmo_Chitterne_inTemp":[[66.74,68.07160714285713,69.62]],"netatmo_Chitterne_noise":[[32.0,32.875,54.0]],"netatmo_Chitterne_outTemp":[[43.52,49.97578571428571,64.94]],"netatmo_Chitterne_pressure":[[29.93,29.939345238095235,29.96]],"outHumidity":[[69.6,84.7934523809524,94.0]],"outTemp":[[38.3,47.184285714285714,64.8]],"pressure":[[30.2,30.199999999999992,30.2]],"rain":[[0.0,0.0,0.0]],"rainRate":[[0.0,0.0,0.0]],"rain_total":[[0.0,0.0,0.0]],"vpd":[[0.02,0.056964285714285724,0.19]],"windrun":[[0.35,0.7891666666666666,1.54]]},"on_this_day":{"ET":{"average":{"overall":1.74},"max":{"value":7.83,"when":1759316400},"min":{"value":0.28,"when":1759294800}},"api_cold":{"average":{"overall":0.0},"max":{"value":0.0,"when":1759273200},"min":{"value":0.0,"when":1759273200}},"api_dew":{"average":{"overall":0.0},"max":{"value":0.0,"when":1759273200},"min":{"value":0.0,"when":1759273200}},"api_foggy":{"average":{"overall":0.1},"max":{"value":0.1,"when":1759294800},"min":{"value":0.0,"when":1759273200}},"api_frost_grass":{"average":{"overall":0.0},"max":{"value":0.0,"when":1759273200},"min":{"value":0.0,"when":1759273200}},"api_frost_ground":{"average":{"overall":0.0},"max":{"value":0.0,"when":1759273200},"min":{"value":0.0,"when":1759273200}},"api_hot":{"average":{"overall":0.0},"max":{"value":0.0,"when":1759273200},"min":{"value":0.0,"when":1759273200}},"api_rainy":{"average":{"overall":0.0},"max":{"value":0.1,"when":1759302000},"min":{"value":0.0,"when":1759273200}},"api_snowy":{"average":{"overall":0.0},"max":{"value":0.0,"when":1759273200},"min":{"value":0.0,"when":1759273200}},"api_stormy":{"average":{"overall":0.0},"max":{"value":0.0,"when":1759273200},"min":{"value":0.0,"when":1759273200}},"api_thundery":{"average":{"overall":0.0},"max":{"value":0.0,"when":1759273200},"min":{"value":0.0,"when":1759273200}},"aq_uv_index_clear_sky":{"average":{"overall":1},"max":{"value":3,"when":1759316400},"min":{"value":0,"when":1759273200}},"cloudbase":{"average":{"overall":1386},"max":{"value":2633,"when":1759320000},"min":{"value":741,"when":1759305600}},"dewpoint":{"average":{"overall":6.1},"max":{"value":13.2,"when":1759312800},"min":{"value":1.5,"when":1759287600}},"ecowitt_gateway_inTemp":{"average":{"overall":20.8},"max":{"value":22.8,"when":1759320000},"min":{"value":19.8,"when":1759276800}},"ecowitt_gateway_pressure":{"average":{"overall":1032},"max":{"value":1032,"when":1759302000},"min":{"value":1031,"when":1759320000}},"ecowitt_wh31_hall_inTemp":{"average":{"overall":15.5},"max":{"value":16.9,"when":1759320000},"min":{"value":14.6,"when":1759291200}},"ecowitt_wh31_patio_outTemp":{"average":{"overall":10.2},"max":{"value":18.2,"when":1759320000},"min":{"value":6.6,"when":1759291200}},"ecowitt_wh51_patio_outGroundHumidity":{"average":{"overall":15.8},"max":{"value":16.0,"when":1759273200},"min":{"value":15.0,"when":1759312800}},"ecowitt_wittboy_outTemp":{"average":{"overall":8.5},"max":{"value":18.2,"when":1759320000},"min":{"value":3.5,"when":1759291200}},"ecowitt_wittboy_rain_day":{"average":{"overall":0.041071},"max":{"value":0.1,"when":1759302000},"min":{"value":0.0,"when":1759273200}},"ecowitt_wittboy_rain_event":{"average":{"overall":0.013095},"max":{"value":0.1,"when":1759302000},"min":{"value":0.0,"when":1759273200}},"ecowitt_wittboy_rain_rate":{"average":{"overall":0.010714},"max":{"value":0.599999,"when":1759302000},"min":{"value":0.0,"when":1759273200}},"ecowitt_wittboy_uvi":{"average":{"overall":0.5},"max":{"value":4.0,"when":1759316400},"min":{"value":0.0,"when":1759273200}},"ecowitt_wittboy_windDir":{"average":{"overall":186},"max":{"value":339,"when":1759320000},"min":{"value":7,"when":1759312800}},"ecowitt_wittboy_windGust":{"average":{"overall":11.8},"max":{"value":19.3,"when":1759287600},"min":{"value":6.7,"when":1759273200}},"ecowitt_wittboy_windSpeed":{"average":{"overall":9.5},"max":{"value":18.4,"when":1759287600},"min":{"value":4.2,"when":1759316400}},"ecowitt_wn34_shed_groundTemperature":{"average":{"overall":11.2},"max":{"value":12.7,"when":1759273200},"min":{"value":10.0,"when":1759298400}},"feelslike":{"average":{"overall":5.9},"max":{"value":18.2,"when":1759320000},"min":{"value":-1.3,"when":1759291200}},"inHumidity":{"average":{"overall":57.6},"max":{"value":58.7,"when":1759312800},"min":{"value":57.0,"when":1759291200}},"inTemp":{"average":{"overall":21.0},"max":{"value":22.8,"when":1759320000},"min":{"value":20.1,"when":1759287600}},"lightning_strike_count":{"average":{"overall":0},"max":{"value":0,"when":1759273200},"min":{"value":0,"when":1759273200}},"luminosity":{"average":{"overall":9149},"max":{"value":47395,"when":1759316400},"min":{"value":0,"when":1759273200}},"netatmo_Chitterne_co2":{"average":{"overall":1500},"max":{"value":1791,"when":1759273200},"min":{"value":1015,"when":1759320000}},"netatmo_Chitterne_inTemp":{"average":{"overall":20.0},"max":{"value":20.9,"when":1759273200},"min":{"value":19.3,"when":1759302000}},"netatmo_Chitterne_noise":{"average":{"overall":33},"max":{"value":54,"when":1759302000},"min":{"value":32,"when":1759273200}},"netatmo_Chitterne_outTemp":{"average":{"overall":10.0},"max":{"value":18.3,"when":1759320000},"min":{"value":6.4,"when":1759291200}},"netatmo_Chitterne_pressure":{"average":{"overall":1014},"max":{"value":1015,"when":1759309200},"min":{"value":1014,"when":1759273200}},"outHumidity":{"average":{"overall":85},"max":{"value":94,"when":1759305600},"min":{"value":70,"when":1759320000}},"outTemp":{"average":{"overall":8.4},"max":{"value":18.2,"when":1759320000},"min":{"value":3.5,"when":1759291200}},"pressure":{"average":{"overall":1023},"max":{"value":1023,"when":1759273200},"min":{"value":1023,"when":1759273200}},"rain":{"average":{"overall":0.0},"max":{"value":0.0,"when":1759273200},"min":{"value":0.0,"when":1759273200}},"rainRate":{"average":{"overall":0.0},"max":{"value":0.0,"when":1759273200},"min":{"value":0.0,"when":1759273200}},"rain_total":{"average":{"overall":0.0},"max":{"value":0.0,"when":1759273200},"min":{"value":0.0,"when":1759273200}},"vpd":{"average":{"overall":0.19},"max":{"value":0.64,"when":1759320000},"min":{"value":0.07,"when":1759302000}},"windrun":{"average":{"overall":0.79},"max":{"value":1.54,"when":1759287600},"min":{"value":0.35,"when":1759316400}}}}