{"charts":{"ET":[[0.28,2.4198830409356726,10.07]],"api_cold":[[0.0,0.0,0.0]],"api_dew":[[0.0,0.0,0.0]],"api_foggy":[[0.0,0.037456140350877194,0.14]],"api_frost_grass":[[0.0,0.0,0.0]],"api_frost_ground":[[0.0,0.0,0.0]],"api_hot":[[0.0,0.0,0.0]],"api_rainy":[[0.0,0.002456140350877193,0.14]],"api_snowy":[[0.0,0.0,0.0]],"api_stormy":[[0.0,0.0,0.0]],"api_thundery":[[0.0,0.0,0.0]],"aq_uv_index_clear_sky":[[0.0,0.945394736842105,3.25]],"cloudbase":[[740.98,1800.134561403509,3325.79]],"dateTime":[1759273200],"dewpoint":[[34.69,45.86029239766081,56.01]],"ecowitt_gateway_inTemp":[[67.64,70.1511842105263,73.94]],"ecowitt_gateway_pressure":[[30.4,30.45067251461988,30.48]],"ecowitt_wh31_hall_inTemp":[[58.28,60.69017543859648,63.44]],"ecowitt_wh31_patio_outTemp":[[43.88,54.12359649122807,67.37]],"ecowitt_wh51_patio_outGroundHumidity":[[15.0,15.61622807017544,16.0]],"ecowitt_wittboy_outTemp":[[38.3,52.08074561403509,69.29]],"ecowitt_wittboy_rain_day":[[0.0,0.002227513157894737,0.003937]],"ecowitt_wittboy_rain_event":[[0.0,0.0003798859649122807,0.003937]],"ecowitt_wittboy_rain_rate":[[0.0,0.0003108157894736842,0.023622]],"ecowitt_wittboy_uvi":[[0.0,0.7192982456140351,4.0]],"ecowitt_wittboy_windDir":[[7.0,179.41520467836256,339.0]],"ecowitt_wittboy_windGust":[[5.87,11.1340350877193,19.29]],"ecowitt_wittboy_windSpeed":[[0.0,8.930350877192982,18.45]],"ecowitt_wn34_shed_groundTemperature":[[49.94,53.6155701754386,58.64]],"feelslike":[[29.66,48.34454678362573,68.46]],"inHumidity":[[57.0,57.859649122807014,59.2]],"inTemp":[[68.2,70.39824561403509,73.9]],"lightning_strike_count":[[0.0,0.0,0.0]],"luminosity":[[0.0,12084.905029239766,56920.0]],"netatmo_Chitterne_co2":[[979.0,1400.2501754385964,1791.0]],"netatmo_Chitterne_inTemp":[[66.74,68.37203216374269,69.7]],"netatmo_Chitterne_noise":[[32.0,33.05263157894736,54.0]],"netatmo_Chitterne_outTemp":[[43.52,53.95592105263159,67.46]],"netatmo_Chitterne_pressure":[[29.9,29.93245614035088,29.96]],"outHumidity":[[62.1,79.91710526315791,94.0]],"outTemp":[[38.3,51.974853801169594,69.3]],"pressure":[[30.1,30.19956140350877,30.2]],"rain":[[0.0,0.0,0.0]],"rainRate":[[0.0,0.0,0.0]],"rain_total":[[0.0,0.0,0.0]],"vpd":[[0.02,0.09849415204678362,0.27]],"windrun":[[0.19,0.7469005847953217,1.54]]},"on_this_day":{"ET":{"average":{"overall":2.42},"max":{"value":10.07,"when":1759320000},"min":{"value":0.28,"when":1759294800}},"api_cold":{"average":{"overall":0.0},"max":{"value":0.0,"when":1759273200},"min":{"value":0.0,"when":1759273200}},"api_dew":{"average":{"overall":0.0},"max":{"value":0.0,"when":1759273200},"min":{"value":0.0,"when":1759273200}},"api_foggy":{"average":{"overall":0.0},"max":{"value":0.1,"when":1759294800},"min":{"value":0.0,"when":1759273200}},"api_frost_grass":{"average":{"overall":0.0},"max":{"value":0.0,"when":1759273200},"min":{"value":0.0,"when":1759273200}},"api_frost_ground":{"average":{"overall":0.0},"max":{"value":0.0,"when":1759273200},"min":{"value":0.0,"when":1759273200}},"api_hot":{"average":{"overall":0.0},"max":{"value":0.0,"when":1759273200},"min":{"value":0.0,"when":1759273200}},"api_rainy":{"average":{"overall":0.0},"max":{"value":0.1,"when":1759302000},"min":{"value":0.0,"when":1759273200}},"api_snowy":{"average":{"overall":0.0},"max":{"value":0.0,"when":1759273200},"min":{"value":0.0,"when":1759273200}},"api_stormy":{"average":{"overall":0.0},"max":{"value":0.0,"when":1759273200},"min":{"value":0.0,"when":1759273200}},"api_thundery":{"average":{"overall":0.0},"max":{"value":0.0,"when":1759273200},"min":{"value":0.0,"when":1759273200}},"aq_uv_index_clear_sky":{"average":{"overall":1},"max":{"value":3,"when":1759316400},"min":{"value":0,"when":1759273200}},"cloudbase":{"average":{"overall":1800},"max":{"value":3326,"when":1759330800},"min":{"value":741,"when":1759305600}},"dewpoint":{"average":{"overall":7.7},"max":{"value":13.3,"when":1759327200},"min":{"value":1.5,"when":1759287600}},"ecowitt_gateway_inTemp":{"average":{"overall":21.2},"max":{"value":23.3,"when":1759323600},"min":{"value":19.8,"when":1759276800}},"ecowitt_gateway_pressure":{"average":{"overall":1031},"max":{"value":1032,"when":1759302000},"min":{"value":1029,"when":1759334400}},"ecowitt_wh31_hall_inTemp":{"average":{"overall":15.9},"max":{"value":17.5,"when":1759338000},"min":{"value":14.6,"when":1759291200}},"ecowitt_wh31_patio_outTemp":{"average":{"overall":12.3},"max":{"value":19.7,"when":1759323600},"min":{"value":6.6,"when":1759291200}},"ecowitt_wh51_patio_outGroundHumidity":{"average":{"overall":15.6},"max":{"value":16.0,"when":1759273200},"min":{"value":15.0,"when":1759312800}},"ecowitt_wittboy_outTemp":{"average":{"overall":11.2},"max":{"value":20.7,"when":1759327200},"min":{"value":3.5,"when":1759291200}},"ecowitt_wittboy_rain_day":{"average":{"overall":0.056579},"max":{"value":0.1,"when":1759302000},"min":{"value":0.0,"when":1759273200}},"ecowitt_wittboy_rain_event":{"average":{"overall":0.009649},"max":{"value":0.1,"when":1759302000},"min":{"value":0.0,"when":1759273200}},"ecowitt_wittboy_rain_rate":{"average":{"overall":0.007895},"max":{"value":0.599999,"when":1759302000},"min":{"value":0.0,"when":1759273200}},"ecowitt_wittboy_uvi":{"average":{"overall":0.7},"max":{"value":4.0,"when":1759316400},"min":{"value":0.0,"when":1759273200}},"ecowitt_wittboy_windDir":{"average":{"overall":179},"max":{"value":339,"when":1759320000},"min":{"value":7,"when":1759312800}},"ecowitt_wittboy_windGust":{"average":{"overall":11.1},"max":{"value":19.3,"when":1759287600},"min":{"value":5.9,"when":1759334400}},"ecowitt_wittboy_windSpeed":{"average":{"overall":8.9},"max":{"value":18.4,"when":1759287600},"min":{"value":0.0,"when":1759323600}},"ecowitt_wn34_shed_groundTemperature":{"average":{"overall":12.0},"max":{"value":14.8,"when":1759338000},"min":{"value":10.0,"when":1759298400}},"feelslike":{"average":{"overall":9.1},"max":{"value":20.3,"when":1759327200},"min":{"value":-1.3,"when":1759291200}},"inHumidity":{"average":{"overall":57.9},"max":{"value":59.2,"when":1759338000},"min":{"value":57.0,"when":1759291200}},"inTemp":{"average":{"overall":21.3},"max":{"value":23.3,"when":1759323600},"min":{"value":20.1,"when":1759287600}},"lightning_strike_count":{"average":{"overall":0},"max":{"value":0,"when":1759273200},"min":{"value":0,"when":1759273200}},"luminosity":{"average":{"overall":12085},"max":{"value":56920,"when":1759320000},"min":{"value":0,"when":1759273200}},"netatmo_Chitterne_co2":{"average":{"overall":1400},"max":{"value":1791,"when":1759273200},"min":{"value":979,"when":1759323600}},"netatmo_Chitterne_inTemp":{"average":{"overall":20.2},"max":{"value":20.9,"when":1759338000},"min":{"value":19.3,"when":1759302000}},"netatmo_Chitterne_noise":{"average":{"overall":33},"max":{"value":54,"when":1759302000},"min":{"value":32,"when":1759273200}},"netatmo_Chitterne_outTemp":{"average":{"overall":12.2},"max":{"value":19.7,"when":1759323600},"min":{"value":6.4,"when":1759291200}},"netatmo_Chitterne_pressure":{"average":{"overall":1014},"max":{"value":1015,"when":1759309200},"min":{"value":1013,"when":1759330800}},"outHumidity":{"average":{"overall":80},"max":{"value":94,"when":1759305600},"min":{"value":62,"when":1759330800}},"outTemp":{"average":{"overall":11.1},"max":{"value":20.7,"when":1759327200},"min":{"value":3.5,"when":1759291200}},"pressure":{"average":{"overall":1023},"max":{"value":1023,"when":1759273200},"min":{"value":1019,"when":1759334400}},"rain":{"average":{"overall":0.0},"max":{"value":0.0,"when":1759273200},"min":{"value":0.0,"when":1759273200}},"rainRate":{"average":{"overall":0.0},"max":{"value":0.0,"when":1759273200},"min":{"value":0.0,"when":1759273200}},"rain_total":{"average":{"overall":0.0},"max":{"value":0.0,"when":1759273200},"min":{"value":0.0,"when":1759273200}},"vpd":{"average":{"overall":0.33},"max":{"value":0.91,"when":1759323600},"min":{"value":0.07,"when":1759302000}},"windrun":{"average":{"overall":0.75},"max":{"value":1.54,"when":1759287600},"min":{"value":0.19,"when":1759323600}}}}