{"charts":{"ET":[[0.28,2.1870833333333333,10.07]],"api_cold":[[0.0,0.0,0.0]],"api_dew":[[0.0,0.0,0.0]],"api_foggy":[[0.0,0.03234848484848485,0.14]],"api_frost_grass":[[0.0,0.0,0.0]],"api_frost_ground":[[0.0,0.0,0.0]],"api_hot":[[0.0,0.0,0.0]],"api_rainy":[[0.0,0.0021212121212121214,0.14]],"api_snowy":[[0.0,0.0,0.0]],"api_stormy":[[0.0,0.0,0.0]],"api_thundery":[[0.0,0.0,0.0]],"aq_uv_index_clear_sky":[[0.0,0.814090909090909,3.25]],"cloudbase":[[740.98,1797.0279924242423,3325.79]],"dateTime":[1759273200],"dewpoint":[[34.69,45.80208333333332,56.01]],"ecowitt_gateway_inTemp":[[67.64,70.33920454545454,73.94]],"ecowitt_gateway_pressure":[[30.4,30.449621212121205,30.48]],"ecowitt_wh31_hall_inTemp":[[58.28,61.032499999999985,63.5]],"ecowitt_wh31_patio_outTemp":[[43.88,54.18500000000001,67.37]],"ecowitt_wh51_patio_outGroundHumidity":[[15.0,15.53219696969697,16.0]],"ecowitt_wittboy_outTemp":[[38.3,51.783181818181816,69.29]],"ecowitt_wittboy_rain_day":[[0.0,0.0024606250000000006,0.003937]],"ecowitt_wittboy_rain_event":[[0.0,0.0003280833333333334,0.003937]],"ecowitt_wittboy_rain_rate":[[0.0,0.0002684318181818182,0.023622]],"ecowitt_wittboy_uvi":[[0.0,0.6212121212121212,4.0]],"ecowitt_wittboy_windDir":[[7.0,180.12121212121212,339.0]],"ecowitt_wittboy_windGust":[[5.87,10.836060606060606,19.29]],"ecowitt_wittboy_windSpeed":[[0.0,8.830113636363635,18.45]],"ecowitt_wn34_shed_groundTemperature":[[49.94,54.15159090909091,58.64]],"feelslike":[[29.66,48.14090909090908,68.46]],"inHumidity":[[57.0,57.9969696969697,59.8]],"inTemp":[[68.2,70.55227272727272,73.9]],"lightning_strike_count":[[0.0,0.0,0.0]],"luminosity":[[0.0,10415.681856060606,56920.0]],"netatmo_Chitterne_co2":[[979.0,1401.1719318181817,1791.0]],"netatmo_Chitterne_inTemp":[[66.74,68.54670454545455,69.8]],"netatmo_Chitterne_noise":[[32.0,33.37121212121212,57.0]],"netatmo_Chitterne_outTemp":[[43.52,54.10931818181818,67.46]],"netatmo_Chitterne_pressure":[[29.9,29.931401515151514,29.96]],"outHumidity":[[62.1,79.90946969696971,94.0]],"outTemp":[[38.3,51.840151515151504,69.3]],"pressure":[[30.1,30.199621212121215,30.2]],"rain":[[0.0,0.0,0.0]],"rainRate":[[0.0,0.0,0.0]],"rain_total":[[0.0,0.0,0.0]],"vpd":[[0.02,0.09556818181818182,0.27]],"windrun":[[0.19,0.7382954545454545,1.54]]},"on_this_day":{"ET":{"average":{"overall":2.19},"max":{"value":10.07,"when":1759320000},"min":{"value":0.28,"when":1759294800}},"api_cold":{"average":{"overall":0.0},"max":{"value":0.0,"when":1759273200},"min":{"value":0.0,"when":1759273200}},"api_dew":{"average":{"overall":0.0},"max":{"value":0.0,"when":1759273200},"min":{"value":0.0,"when":1759273200}},"api_foggy":{"average":{"overall":0.0},"max":{"value":0.1,"when":1759294800},"min":{"value":0.0,"when":1759273200}},"api_frost_grass":{"average":{"overall":0.0},"max":{"value":0.0,"when":1759273200},"min":{"value":0.0,"when":1759273200}},"api_frost_ground":{"average":{"overall":0.0},"max":{"value":0.0,"when":1759273200},"min":{"value":0.0,"when":1759273200}},"api_hot":{"average":{"overall":0.0},"max":{"value":0.0,"when":1759273200},"min":{"value":0.0,"when":1759273200}},"api_rainy":{"average":{"overall":0.0},"max":{"value":0.1,"when":1759302000},"min":{"value":0.0,"when":1759273200}},"api_snowy":{"average":{"overall":0.0},"max":{"value":0.0,"when":1759273200},"min":{"value":0.0,"when":1759273200}},"api_stormy":{"average":{"overall":0.0},"max":{"value":0.0,"when":1759273200},"min":{"value":0.0,"when":1759273200}},"api_thundery":{"average":{"overall":0.0},"max":{"value":0.0,"when":1759273200},"min":{"value":0.0,"when":1759273200}},"aq_uv_index_clear_sky":{"average":{"overall":1},"max":{"value":3,"when":1759316400},"min":{"value":0,"when":1759273200}},"cloudbase":{"average":{"overall":1797},"max":{"value":3326,"when":1759330800},"min":{"value":741,"when":1759305600}},"dewpoint":{"average":{"overall":7.7},"max":{"value":13.3,"when":1759327200},"min":{"value":1.5,"when":1759287600}},"ecowitt_gateway_inTemp":{"average":{"overall":21.3},"max":{"value":23.3,"when":1759323600},"min":{"value":19.8,"when":1759276800}},"ecowitt_gateway_pressure":{"average":{"overall":1031},"max":{"value":1032,"when":1759302000},"min":{"value":1029,"when":1759334400}},"ecowitt_wh31_hall_inTemp":{"average":{"overall":16.1},"max":{"value":17.5,"when":1759341600},"min":{"value":14.6,"when":1759291200}},"ecowitt_wh31_patio_outTemp":{"average":{"overall":12.3},"max":{"value":19.7,"when":1759323600},"min":{"value":6.6,"when":1759291200}},"ecowitt_wh51_patio_outGroundHumidity":{"average":{"overall":15.5},"max":{"value":16.0,"when":1759273200},"min":{"value":15.0,"when":1759312800}},"ecowitt_wittboy_outTemp":{"average":{"overall":11.0},"max":{"value":20.7,"when":1759327200},"min":{"value":3.5,"when":1759291200}},"ecowitt_wittboy_rain_day":{"average":{"overall":0.0625},"max":{"value":0.1,"when":1759302000},"min":{"value":0.0,"when":1759273200}},"ecowitt_wittboy_rain_event":{"average":{"overall":0.008333},"max":{"value":0.1,"when":1759302000},"min":{"value":0.0,"when":1759273200}},"ecowitt_wittboy_rain_rate":{"average":{"overall":0.006818},"max":{"value":0.599999,"when":1759302000},"min":{"value":0.0,"when":1759273200}},"ecowitt_wittboy_uvi":{"average":{"overall":0.6},"max":{"value":4.0,"when":1759316400},"min":{"value":0.0,"when":1759273200}},"ecowitt_wittboy_windDir":{"average":{"overall":180},"max":{"value":339,"when":1759320000},"min":{"value":7,"when":1759312800}},"ecowitt_wittboy_windGust":{"average":{"overall":10.8},"max":{"value":19.3,"when":1759287600},"min":{"value":5.9,"when":1759334400}},"ecowitt_wittboy_windSpeed":{"average":{"overall":8.8},"max":{"value":18.4,"when":1759287600},"min":{"value":0.0,"when":1759323600}},"ecowitt_wn34_shed_groundTemperature":{"average":{"overall":12.3},"max":{"value":14.8,"when":1759338000},"min":{"value":10.0,"when":1759298400}},"feelslike":{"average":{"overall":9.0},"max":{"value":20.3,"when":1759327200},"min":{"value":-1.3,"when":1759291200}},"inHumidity":{"average":{"overall":58.0},"max":{"value":59.8,"when":1759341600},"min":{"value":57.0,"when":1759291200}},"inTemp":{"average":{"overall":21.4},"max":{"value":23.3,"when":1759323600},"min":{"value":20.1,"when":1759287600}},"lightning_strike_count":{"average":{"overall":0},"max":{"value":0,"when":1759273200},"min":{"value":0,"when":1759273200}},"luminosity":{"average":{"overall":10416},"max":{"value":56920,"when":1759320000},"min":{"value":0,"when":1759273200}},"netatmo_Chitterne_co2":{"average":{"overall":1401},"max":{"value":1791,"when":1759273200},"min":{"value":979,"when":1759323600}},"netatmo_Chitterne_inTemp":{"average":{"overall":20.3},"max":{"value":21.0,"when":1759348800},"min":{"value":19.3,"when":1759302000}},"netatmo_Chitterne_noise":{"average":{"overall":33},"max":{"value":57,"when":1759345200},"min":{"value":32,"when":1759273200}},"netatmo_Chitterne_outTemp":{"average":{"overall":12.3},"max":{"value":19.7,"when":1759323600},"min":{"value":6.4,"when":1759291200}},"netatmo_Chitterne_pressure":{"average":{"overall":1014},"max":{"value":1015,"when":1759309200},"min":{"value":1013,"when":1759330800}},"outHumidity":{"average":{"overall":80},"max":{"value":94,"when":1759305600},"min":{"value":62,"when":1759330800}},"outTemp":{"average":{"overall":11.0},"max":{"value":20.7,"when":1759327200},"min":{"value":3.5,"when":1759291200}},"pressure":{"average":{"overall":1023},"max":{"value":1023,"when":1759273200},"min":{"value":1019,"when":1759334400}},"rain":{"average":{"overall":0.0},"max":{"value":0.0,"when":1759273200},"min":{"value":0.0,"when":1759273200}},"rainRate":{"average":{"overall":0.0},"max":{"value":0.0,"when":1759273200},"min":{"value":0.0,"when":1759273200}},"rain_total":{"average":{"overall":0.0},"max":{"value":0.0,"when":1759273200},"min":{"value":0.0,"when":1759273200}},"vpd":{"average":{"overall":0.32},"max":{"value":0.91,"when":1759323600},"min":{"value":0.07,"when":1759302000}},"windrun":{"average":{"overall":0.74},"max":{"value":1.54,"when":1759287600},"min":{"value":0.19,"when":1759323600}}}}