{"charts":{"ET":[[0.19,0.27,0.36],[0.2,0.27,0.34]],"api_cold":[[0.0,0.0,0.0],[0.0,0.0,0.0]],"api_dew":[[0.0,0.0,0.0],[0.1,0.2,0.3]],"api_foggy":[[0.0,0.0,0.0],[0.0,0.0,0.0]],"api_frost_grass":[[0.0,0.0,0.0],[0.0,0.0,0.0]],"api_frost_ground":[[0.0,0.0,0.0],[0.0,0.0,0.0]],"api_hot":[[0.0,0.0,0.0],[0.0,0.0,0.0]],"api_rainy":[[0.6,0.6,0.7],[0.1,0.1,0.1]],"api_snowy":[[0.0,0.0,0.0],[0.0,0.0,0.0]],"api_stormy":[[0.0,0.0,0.0],[0.0,0.0,0.0]],"api_thundery":[[0.0,0.0,0.0],[0.0,0.0,0.0]],"aq_uv_index_clear_sky":[[0,0,0],[0,0,0]],"cloudbase":[[841,861,880],[864,929,1001]],"dateTime":[1761433200,1761436800],"dewpoint":[[5.5,5.6,5.8],[3.7,4.6,5.5]],"ecowitt_gateway_inTemp":[[19.0,19.2,19.5],[18.6,18.8,18.9]],"ecowitt_gateway_pressure":[[1013,1014,1014],[1014,1014,1014]],"ecowitt_wh31_hall_inTemp":[[13.8,13.9,13.9],[13.4,13.7,13.9]],"ecowitt_wh31_patio_outTemp":[[7.7,7.9,8.1],[7.2,7.5,7.7]],"ecowitt_wh51_patio_outGroundHumidity":[[43.0,43.0,43.0],[43.0,43.0,43.0]],"ecowitt_wittboy_outTemp":[[6.6,6.7,6.8],[5.0,5.8,6.6]],"ecowitt_wittboy_rain_day":[[0.1,0.616665,5.299989],[0.2,0.292857,0.299999]],"ecowitt_wittboy_rain_event":[[6.400013,6.666679,6.700012],[6.700012,6.792869,6.800012]],"ecowitt_wittboy_rain_rate":[[0.0,0.399999,1.199998],[0.0,0.128571,0.599999]],"ecowitt_wittboy_uvi":[[0.0,0.0,0.0],[0.0,0.0,0.0]],"ecowitt_wittboy_windDir":[[170,207,255],[177,191,222]],"ecowitt_wittboy_windGust":[[9.2,15.1,21.0],[8.4,11.4,17.6]],"ecowitt_wittboy_windSpeed":[[6.7,12.2,20.1],[6.7,9.4,15.1]],"ecowitt_wn34_shed_groundTemperature":[[8.8,8.9,9.1],[8.7,8.9,9.2]],"feelslike":[[2.7,3.8,4.8],[2.0,2.9,4.1]],"inHumidity":[[63.3,63.7,64.0],[63.3,63.6,63.8]],"inTemp":[[16.3,16.4,16.5],[16.1,16.2,16.3]],"lightning_strike_count":[[0,0,0],[0,0,0]],"luminosity":[[0,0,0],[0,0,0]],"netatmo_Chitterne_co2":[[876,992,1098],[1120,1157,1192]],"netatmo_Chitterne_inTemp":[[16.1,16.2,16.2],[16.1,16.2,16.2]],"netatmo_Chitterne_noise":[[32,36,47],[31,32,32]],"netatmo_Chitterne_outTemp":[[7.6,7.7,7.9],[7.0,7.3,7.5]],"netatmo_Chitterne_pressure":[[995,995,996],[996,996,996]],"outHumidity":[[92,92,92],[90,91,92]],"outTemp":[[6.6,6.7,6.8],[4.9,5.8,6.6]],"pressure":[[1006,1006,1006],[1006,1006,1006]],"rain":[[0.0,0.333333,3.999992],[0.0,0.0,0.0]],"rainRate":[[0.0,3.999992,15.999968],[0.0,0.0,0.0]],"rain_total":[[0.0,0.299999,2.699995],[0.1,0.1,0.1]],"vpd":[[0.07,0.07,0.07],[0.07,0.07,0.1]],"windrun":[[0.56,1.01,1.68],[0.56,0.79,1.26]]},"on_this_day":{"ET":{"average":{"overall":0.27},"max":{"value":0.36,"when":1761433200},"min":{"value":0.19,"when":1761433200}},"api_cold":{"average":{"overall":0.0},"max":{"value":0.0,"when":1761433200},"min":{"value":0.0,"when":1761433200}},"api_dew":{"average":{"overall":0.1},"max":{"value":0.3,"when":1761436800},"min":{"value":0.0,"when":1761433200}},"api_foggy":{"average":{"overall":0.0},"max":{"value":0.0,"when":1761433200},"min":{"value":0.0,"when":1761433200}},"api_frost_grass":{"average":{"overall":0.0},"max":{"value":0.0,"when":1761433200},"min":{"value":0.0,"when":1761433200}},"api_frost_ground":{"average":{"overall":0.0},"max":{"value":0.0,"when":1761433200},"min":{"value":0.0,"when":1761433200}},"api_hot":{"average":{"overall":0.0},"max":{"value":0.0,"when":1761433200},"min":{"value":0.0,"when":1761433200}},"api_rainy":{"average":{"overall":0.4},"max":{"value":0.7,"when":1761433200},"min":{"value":0.1,"when":1761436800}},"api_snowy":{"average":{"overall":0.0},"max":{"value":0.0,"when":1761433200},"min":{"value":0.0,"when":1761433200}},"api_stormy":{"average":{"overall":0.0},"max":{"value":0.0,"when":1761433200},"min":{"value":0.0,"when":1761433200}},"api_thundery":{"average":{"overall":0.0},"max":{"value":0.0,"when":1761433200},"min":{"value":0.0,"when":1761433200}},"aq_uv_index_clear_sky":{"average":{"overall":0},"max":{"value":0,"when":1761433200},"min":{"value":0,"when":1761433200}},"cloudbase":{"average":{"overall":895},"max":{"value":1001,"when":1761436800},"min":{"value":841,"when":1761433200}},"dewpoint":{"average":{"overall":5.1},"max":{"value":5.8,"when":1761433200},"min":{"value":3.7,"when":1761436800}},"ecowitt_gateway_inTemp":{"average":{"overall":19.0},"max":{"value":19.5,"when":1761433200},"min":{"value":18.6,"when":1761436800}},"ecowitt_gateway_pressure":{"average":{"overall":1014},"max":{"value":1014,"when":1761436800},"min":{"value":1013,"when":1761433200}},"ecowitt_wh31_hall_inTemp":{"average":{"overall":13.8},"max":{"value":13.9,"when":1761436800},"min":{"value":13.4,"when":1761436800}},"ecowitt_wh31_patio_outTemp":{"average":{"overall":7.7},"max":{"value":8.1,"when":1761433200},"min":{"value":7.2,"when":1761436800}},"ecowitt_wh51_patio_outGroundHumidity":{"average":{"overall":43.0},"max":{"value":43.0,"when":1761433200},"min":{"value":43.0,"when":1761433200}},"ecowitt_wittboy_outTemp":{"average":{"overall":6.2},"max":{"value":6.8,"when":1761433200},"min":{"value":5.0,"when":1761436800}},"ecowitt_wittboy_rain_day":{"average":{"overall":0.454761},"max":{"value":5.299989,"when":1761433200},"min":{"value":0.1,"when":1761433200}},"ecowitt_wittboy_rain_event":{"average":{"overall":6.729774},"max":{"value":6.800012,"when":1761436800},"min":{"value":6.400013,"when":1761433200}},"ecowitt_wittboy_rain_rate":{"average":{"overall":0.264285},"max":{"value":1.199998,"when":1761433200},"min":{"value":0.0,"when":1761433200}},"ecowitt_wittboy_uvi":{"average":{"overall":0.0},"max":{"value":0.0,"when":1761433200},"min":{"value":0.0,"when":1761433200}},"ecowitt_wittboy_windDir":{"average":{"overall":199},"max":{"value":255,"when":1761433200},"min":{"value":170,"when":1761433200}},"ecowitt_wittboy_windGust":{"average":{"overall":13.2},"max":{"value":21.0,"when":1761433200},"min":{"value":8.4,"when":1761436800}},"ecowitt_wittboy_windSpeed":{"average":{"overall":10.8},"max":{"value":20.1,"when":1761433200},"min":{"value":6.7,"when":1761433200}},"ecowitt_wn34_shed_groundTemperature":{"average":{"overall":8.9},"max":{"value":9.2,"when":1761436800},"min":{"value":8.7,"when":1761436800}},"feelslike":{"average":{"overall":3.3},"max":{"value":4.8,"when":1761433200},"min":{"value":2.0,"when":1761436800}},"inHumidity":{"average":{"overall":63.6},"max":{"value":64.0,"when":1761433200},"min":{"value":63.3,"when":1761433200}},"inTemp":{"average":{"overall":16.3},"max":{"value":16.5,"when":1761433200},"min":{"value":16.1,"when":1761436800}},"lightning_strike_count":{"average":{"overall":0},"max":{"value":0,"when":1761433200},"min":{"value":0,"when":1761433200}},"luminosity":{"average":{"overall":0},"max":{"value":0,"when":1761433200},"min":{"value":0,"when":1761433200}},"netatmo_Chitterne_co2":{"average":{"overall":1075},"max":{"value":1192,"when":1761436800},"min":{"value":876,"when":1761433200}},"netatmo_Chitterne_inTemp":{"average":{"overall":16.2},"max":{"value":16.2,"when":1761433200},"min":{"value":16.1,"when":1761433200}},"netatmo_Chitterne_noise":{"average":{"overall":34},"max":{"value":47,"when":1761433200},"min":{"value":31,"when":1761436800}},"netatmo_Chitterne_outTemp":{"average":{"overall":7.5},"max":{"value":7.9,"when":1761433200},"min":{"value":7.0,"when":1761436800}},"netatmo_Chitterne_pressure":{"average":{"overall":996},"max":{"value":996,"when":1761436800},"min":{"value":995,"when":1761433200}},"outHumidity":{"average":{"overall":91},"max":{"value":92,"when":1761433200},"min":{"value":90,"when":1761436800}},"outTemp":{"average":{"overall":6.2},"max":{"value":6.8,"when":1761433200},"min":{"value":4.9,"when":1761436800}},"pressure":{"average":{"overall":1006},"max":{"value":1006,"when":1761433200},"min":{"value":1006,"when":1761433200}},"rain":{"average":{"overall":0.166666},"max":{"value":3.999992,"when":1761433200},"min":{"value":0.0,"when":1761433200}},"rainRate":{"average":{"overall":1.999996},"max":{"value":15.999968,"when":1761433200},"min":{"value":0.0,"when":1761433200}},"rain_total":{"average":{"overall":0.2},"max":{"value":2.699995,"when":1761433200},"min":{"value":0.0,"when":1761433200}},"vpd":{"average":{"overall":0.07},"max":{"value":0.1,