{"charts":{"ET":[[0.27,0.33,0.39],[0.29,0.37,0.48]],"api_cold":[[0.0,0.0,0.0],[0.0,0.0,0.0]],"api_dew":[[0.3,0.3,0.3],[0.3,0.3,0.3]],"api_foggy":[[0.0,0.0,0.0],[0.0,0.0,0.0]],"api_frost_grass":[[0.1,0.1,0.1],[0.1,0.1,0.1]],"api_frost_ground":[[0.0,0.0,0.0],[0.0,0.0,0.0]],"api_hot":[[0.0,0.0,0.0],[0.0,0.0,0.0]],"api_rainy":[[0.0,0.0,0.0],[0.0,0.0,0.0]],"api_snowy":[[0.0,0.0,0.0],[0.0,0.0,0.0]],"api_stormy":[[0.0,0.0,0.0],[0.0,0.0,0.0]],"api_thundery":[[0.0,0.0,0.0],[0.0,0.0,0.0]],"aq_uv_index_clear_sky":[[0,0,0],[0,0,0]],"cloudbase":[[1056,1075,1103],[1092,1116,1156]],"dateTime":[1764460800,1764464400],"dewpoint":[[3.0,3.1,3.4],[2.8,3.0,3.0]],"ecowitt_gateway_inTemp":[[17.7,17.7,17.8],[17.7,17.7,17.7]],"ecowitt_gateway_pressure":[[1012,1013,1013],[1013,1013,1013]],"ecowitt_wh31_hall_inTemp":[[13.8,13.8,13.9],[13.8,13.8,13.8]],"ecowitt_wh31_patio_outTemp":[[5.3,5.4,5.5],[5.4,5.4,5.5]],"ecowitt_wh51_patio_outGroundHumidity":[[45.0,45.0,45.0],[45.0,45.0,45.0]],"ecowitt_wittboy_outTemp":[[4.8,4.9,5.1],[4.8,4.8,4.8]],"ecowitt_wittboy_rain_day":[[0.0,1.008333,12.100001],[0.0,0.0,0.0]],"ecowitt_wittboy_rain_event":[[12.000001,12.000001,12.000001],[12.000001,12.000001,12.000001]],"ecowitt_wittboy_rain_rate":[[0.0,0.0,0.0],[0.0,0.0,0.0]],"ecowitt_wittboy_uvi":[[0.0,0.0,0.0],[0.0,0.0,0.0]],"ecowitt_wittboy_windDir":[[160,212,270],[147,190,230]],"ecowitt_wittboy_windGust":[[10.1,13.9,18.4],[13.4,17.1,19.3]],"ecowitt_wittboy_windSpeed":[[6.7,11.2,15.9],[6.7,12.2,15.1]],"ecowitt_wn34_shed_groundTemperature":[[7.9,8.0,8.1],[7.8,7.9,8.0]],"feelslike":[[0.8,1.5,2.2],[0.2,1.1,1.8]],"inHumidity":[[59.3,59.3,59.4],[59.4,59.5,59.7]],"inTemp":[[16.4,16.5,16.6],[16.4,16.4,16.4]],"lightning_strike_count":[[0,0,0],[0,0,0]],"luminosity":[[0,0,0],[0,0,0]],"netatmo_Chitterne_co2":[[1271,1312,1348],[1299,1327,1355]],"netatmo_Chitterne_inTemp":[[17.7,17.8,18.0],[17.6,17.7,17.7]],"netatmo_Chitterne_noise":[[35,39,48],[34,37,42]],"netatmo_Chitterne_outTemp":[[5.2,5.2,5.3],[5.2,5.2,5.3]],"netatmo_Chitterne_pressure":[[994,994,995],[995,995,995]],"outHumidity":[[88,88,88],[87,88,88]],"outTemp":[[4.8,4.9,5.1],[4.8,4.8,4.8]],"pressure":[[1002,1002,1002],[1002,1003,1006]],"rain":[[0.0,0.0,0.0],[0.0,0.0,0.0]],"rainRate":[[0.0,0.0,0.0],[0.0,0.0,0.0]],"rain_total":[[0.0,1.058333,12.7],[0.0,0.0,0.0]],"vpd":[[0.1,0.1,0.1],[0.1,0.1,0.1]],"windrun":[[0.56,0.93,1.33],[0.56,1.01,1.26]]},"on_this_day":{"ET":{"average":{"overall":0.35},"max":{"value":0.48,"when":1764464400},"min":{"value":0.27,"when":1764460800}},"api_cold":{"average":{"overall":0.0},"max":{"value":0.0,"when":1764460800},"min":{"value":0.0,"when":1764460800}},"api_dew":{"average":{"overall":0.3},"max":{"value":0.3,"when":1764460800},"min":{"value":0.3,"when":1764460800}},"api_foggy":{"average":{"overall":0.0},"max":{"value":0.0,"when":1764460800},"min":{"value":0.0,"when":1764460800}},"api_frost_grass":{"average":{"overall":0.1},"max":{"value":0.1,"when":1764460800},"min":{"value":0.1,"when":1764460800}},"api_frost_ground":{"average":{"overall":0.0},"max":{"value":0.0,"when":1764460800},"min":{"value":0.0,"when":1764460800}},"api_hot":{"average":{"overall":0.0},"max":{"value":0.0,"when":1764460800},"min":{"value":0.0,"when":1764460800}},"api_rainy":{"average":{"overall":0.0},"max":{"value":0.0,"when":1764460800},"min":{"value":0.0,"when":1764460800}},"api_snowy":{"average":{"overall":0.0},"max":{"value":0.0,"when":1764460800},"min":{"value":0.0,"when":1764460800}},"api_stormy":{"average":{"overall":0.0},"max":{"value":0.0,"when":1764460800},"min":{"value":0.0,"when":1764460800}},"api_thundery":{"average":{"overall":0.0},"max":{"value":0.0,"when":1764460800},"min":{"value":0.0,"when":1764460800}},"aq_uv_index_clear_sky":{"average":{"overall":0},"max":{"value":0,"when":1764460800},"min":{"value":0,"when":1764460800}},"cloudbase":{"average":{"overall":1095},"max":{"value":1156,"when":1764464400},"min":{"value":1056,"when":1764460800}},"dewpoint":{"average":{"overall":3.1},"max":{"value":3.4,"when":1764460800},"min":{"value":2.8,"when":1764464400}},"ecowitt_gateway_inTemp":{"average":{"overall":17.7},"max":{"value":17.8,"when":1764460800},"min":{"value":17.7,"when":1764460800}},"ecowitt_gateway_pressure":{"average":{"overall":1013},"max":{"value":1013,"when":1764460800},"min":{"value":1012,"when":1764460800}},"ecowitt_wh31_hall_inTemp":{"average":{"overall":13.8},"max":{"value":13.9,"when":1764460800},"min":{"value":13.8,"when":1764460800}},"ecowitt_wh31_patio_outTemp":{"average":{"overall":5.4},"max":{"value":5.5,"when":1764460800},"min":{"value":5.3,"when":1764460800}},"ecowitt_wh51_patio_outGroundHumidity":{"average":{"overall":45.0},"max":{"value":45.0,"when":1764460800},"min":{"value":45.0,"when":1764460800}},"ecowitt_wittboy_outTemp":{"average":{"overall":4.9},"max":{"value":5.1,"when":1764460800},"min":{"value":4.8,"when":1764460800}},"ecowitt_wittboy_rain_day":{"average":{"overall":0.504167},"max":{"value":12.100001,"when":1764460800},"min":{"value":0.0,"when":1764460800}},"ecowitt_wittboy_rain_event":{"average":{"overall":12.000001},"max":{"value":12.000001,"when":1764460800},"min":{"value":12.000001,"when":1764460800}},"ecowitt_wittboy_rain_rate":{"average":{"overall":0.0},"max":{"value":0.0,"when":1764460800},"min":{"value":0.0,"when":1764460800}},"ecowitt_wittboy_uvi":{"average":{"overall":0.0},"max":{"value":0.0,"when":1764460800},"min":{"value":0.0,"when":1764460800}},"ecowitt_wittboy_windDir":{"average":{"overall":201},"max":{"value":270,"when":1764460800},"min":{"value":147,"when":1764464400}},"ecowitt_wittboy_windGust":{"average":{"overall":15.5},"max":{"value":19.3,"when":1764464400},"min":{"value":10.1,"when":1764460800}},"ecowitt_wittboy_windSpeed":{"average":{"overall":11.7},"max":{"value":15.9,"when":1764460800},"min":{"value":6.7,"when":1764460800}},"ecowitt_wn34_shed_groundTemperature":{"average":{"overall":8.0},"max":{"value":8.1,"when":1764460800},"min":{"value":7.8,"when":1764464400}},"feelslike":{"average":{"overall":1.3},"max":{"value":2.2,"when":1764460800},"min":{"value":0.2,"when":1764464400}},"inHumidity":{"average":{"overall":59.4},"max":{"value":59.7,"when":1764464400},"min":{"value":59.3,"when":1764460800}},"inTemp":{"average":{"overall":16.4},"max":{"value":16.6,"when":1764460800},"min":{"value":16.4,"when":1764460800}},"lightning_strike_count":{"average":{"overall":0},"max":{"value":0,"when":1764460800},"min":{"value":0,"when":1764460800}},"luminosity":{"average":{"overall":0},"max":{"value":0,"when":1764460800},"min":{"value":0,"when":1764460800}},"netatmo_Chitterne_co2":{"average":{"overall":1320},"max":{"value":1355,"when":1764464400},"min":{"value":1271,"when":1764460800}},"netatmo_Chitterne_inTemp":{"average":{"overall":17.8},"max":{"value":18.0,"when":1764460800},"min":{"value":17.6,"when":1764464400}},"netatmo_Chitterne_noise":{"average":{"overall":38},"max":{"value":48,"when":1764460800},"min":{"value":34,"when":1764464400}},"netatmo_Chitterne_outTemp":{"average":{"overall":5.2},"max":{"value":5.3,"when":1764460800},"min":{"value":5.2,"when":1764460800}},"netatmo_Chitterne_pressure":{"average":{"overall":995},"max":{"value":995,"when":1764464400},"min":{"value":994,"when":1764460800}},"outHumidity":{"average":{"overall":88},"max":{"value":88,"when":1764460800},"min":{"value":87,"when":1764464400}},"outTemp":{"average":{"overall":4.8},"max":{"value":5.1,"when":1764460800},"min":{"value":4.8,"when":1764460800}},"pressure":{"average":{"overall":1003},"max":{"value":1006,"when":1764464400},"min":{"value":1002,"when":1764460800}},"rain":{"average":{"overall":0.0},"max":{"value":0.0,"when":1764460800},"min":{"value":0.0,"when":1764460800}},"rainRate":{"average":{"overall":0.0},"max":{"value":0.0,"when":1764460800},"min":{"value":0.0,"when":1764460800}},"rain_total":{"average":{"overall":0.529167},"max":{"value":12.7,"when":1764460800},"min":{"value":0.0,"when":1764460800}},"vpd":{"average":{"overall":0.1},"max":{"value":0.1,"when":1764460800},"min":{"value":0.1,"when":1764460800}},