{"charts":{"ET":[[0.28,2.0480555555555555,10.07],[0.22,1.0416025641025641,3.88]],"api_cold":[[0.0,0.0,0.0],[0.0,0.0,0.0]],"api_dew":[[0.0,0.0,0.0],[0.0,0.0,0.0]],"api_foggy":[[0.0,0.044444444444444446,0.29],[0.14,0.27138888888888896,0.57]],"api_frost_grass":[[0.0,0.0,0.0],[0.0,0.0,0.0]],"api_frost_ground":[[0.0,0.0,0.0],[0.0,0.0,0.0]],"api_hot":[[0.0,0.0,0.0],[0.0,0.0,0.0]],"api_rainy":[[0.0,0.0019444444444444446,0.14],[0.0,0.0,0.0]],"api_snowy":[[0.0,0.0,0.0],[0.0,0.0,0.0]],"api_stormy":[[0.0,0.0,0.0],[0.0,0.0,0.0]],"api_thundery":[[0.0,0.0,0.0],[0.0,0.0,0.0]],"aq_uv_index_clear_sky":[[0.0,0.7462499999999999,3.25],[0.0,0.5228846153846154,2.5]],"cloudbase":[[740.98,1776.9200694444444,3325.79],[665.79,1056.7707051282052,1527.86]],"dateTime":[1759273200,1759359600],"dewpoint":[[34.69,45.084618055555545,56.01],[35.5,44.96179487179487,55.39]],"ecowitt_gateway_inTemp":[[67.64,70.22947916666665,73.94],[67.46,69.4826923076923,73.01]],"ecowitt_gateway_pressure":[[30.4,30.44864583333333,30.48],[30.32,30.380897435897435,30.44]],"ecowitt_wh31_hall_inTemp":[[58.28,61.07916666666666,63.5],[60.32,60.921602564102564,62.06]],"ecowitt_wh31_patio_outTemp":[[43.88,53.63510416666668,67.37],[45.17,50.67320512820514,59.57]],"ecowitt_wh51_patio_outGroundHumidity":[[15.0,15.487847222222223,16.0],[14.0,14.913461538461538,15.0]],"ecowitt_wittboy_outTemp":[[38.3,50.919270833333336,69.29],[39.74,47.70814102564103,59.75]],"ecowitt_wittboy_rain_day":[[0.0,0.002583656250000001,0.003937],[0.0,0.0,0.0]],"ecowitt_wittboy_rain_event":[[0.0,0.00030074305555555556,0.003937],[0.0,0.0,0.0]],"ecowitt_wittboy_rain_rate":[[0.0,0.0002460625,0.023622],[0.0,0.0,0.0]],"ecowitt_wittboy_uvi":[[0.0,0.5694444444444444,4.0],[0.0,0.20512820512820512,1.0]],"ecowitt_wittboy_windDir":[[7.0,180.4965277777778,339.0],[59.0,187.80769230769226,352.0]],"ecowitt_wittboy_windGust":[[5.87,10.672916666666666,19.29],[5.87,11.610384615384616,22.65]],"ecowitt_wittboy_windSpeed":[[0.0,8.769965277777777,18.45],[4.19,9.286538461538463,22.65]],"ecowitt_wn34_shed_groundTemperature":[[49.94,54.239375,58.64],[51.05,52.649487179487174,54.44]],"feelslike":[[29.66,47.16635416666667,68.46],[33.62,43.55724358974359,58.84]],"inHumidity":[[57.0,58.04375000000001,59.8],[57.9,58.64615384615385,60.6]],"inTemp":[[68.2,70.49513888888889,73.9],[68.4,69.91858974358975,73.0]],"lightning_strike_count":[[0.0,0.0,0.0],[0.0,0.0,0.0]],"luminosity":[[0.0,9547.708368055555,56920.0],[0.0,5460.664615384617,25350.0]],"netatmo_Chitterne_co2":[[979.0,1458.0807291666667,2108.0],[1300.86,1728.1036538461537,2103.29]],"netatmo_Chitterne_inTemp":[[66.74,68.66795138888888,70.16],[67.46,68.26115384615385,69.62]],"netatmo_Chitterne_noise":[[32.0,33.760416666666664,65.0],[32.0,34.032051282051285,65.0]],"netatmo_Chitterne_outTemp":[[43.52,53.59159722222223,67.46],[45.5,50.314102564102555,59.26]],"netatmo_Chitterne_pressure":[[29.9,29.9296875,29.96],[29.82,29.85987179487179,29.91]],"outHumidity":[[62.1,80.11354166666668,94.0],[82.8,89.42051282051284,95.3]],"outTemp":[[38.3,50.97187499999999,69.3],[39.7,47.68974358974359,59.5]],"pressure":[[30.1,30.199652777777786,30.2],[30.1,30.12051282051283,30.2]],"rain":[[0.0,0.0,0.0],[0.0,0.0,0.0]],"rainRate":[[0.0,0.0,0.0],[0.0,0.0,0.0]],"rain_total":[[0.0,0.0,0.0],[0.0,0.0,0.0]],"vpd":[[0.02,0.09156249999999999,0.27],[0.02,0.03512820512820513,0.07]],"windrun":[[0.19,0.7331597222222221,1.54],[0.35,0.7749358974358975,1.89]]},"on_this_day":{"ET":{"average":{"overall":1.54},"max":{"value":10.07,"when":1759320000},"min":{"value":0.22,"when":1759370400}},"api_cold":{"average":{"overall":0.0},"max":{"value":0.0,"when":1759273200},"min":{"value":0.0,"when":1759273200}},"api_dew":{"average":{"overall":0.0},"max":{"value":0.0,"when":1759273200},"min":{"value":0.0,"when":1759273200}},"api_foggy":{"average":{"overall":0.2},"max":{"value":0.6,"when":1759359600},"min":{"value":0.0,"when":1759273200}},"api_frost_grass":{"average":{"overall":0.0},"max":{"value":0.0,"when":1759273200},"min":{"value":0.0,"when":1759273200}},"api_frost_ground":{"average":{"overall":0.0},"max":{"value":0.0,"when":1759273200},"min":{"value":0.0,"when":1759273200}},"api_hot":{"average":{"overall":0.0},"max":{"value":0.0,"when":1759273200},"min":{"value":0.0,"when":1759273200}},"api_rainy":{"average":{"overall":0.0},"max":{"value":0.1,"when":1759302000},"min":{"value":0.0,"when":1759273200}},"api_snowy":{"average":{"overall":0.0},"max":{"value":0.0,"when":1759273200},"min":{"value":0.0,"when":1759273200}},"api_stormy":{"average":{"overall":0.0},"max":{"value":0.0,"when":1759273200},"min":{"value":0.0,"when":1759273200}},"api_thundery":{"average":{"overall":0.0},"max":{"value":0.0,"when":1759273200},"min":{"value":0.0,"when":1759273200}},"aq_uv_index_clear_sky":{"average":{"overall":1},"max":{"value":3,"when":1759316400},"min":{"value":0,"when":1759273200}},"cloudbase":{"average":{"overall":1417},"max":{"value":3326,"when":1759330800},"min":{"value":666,"when":1759395600}},"dewpoint":{"average":{"overall":7.2},"max":{"value":13.3,"when":1759327200},"min":{"value":1.5,"when":1759287600}},"ecowitt_gateway_inTemp":{"average":{"overall":21.0},"max":{"value":23.3,"when":1759323600},"min":{"value":19.7,"when":1759363200}},"ecowitt_gateway_pressure":{"average":{"overall":1030},"max":{"value":1032,"when":1759302000},"min":{"value":1027,"when":1759402800}},"ecowitt_wh31_hall_inTemp":{"average":{"overall":16.1},"max":{"value":17.5,"when":1759341600},"min":{"value":14.6,"when":1759291200}},"ecowitt_wh31_patio_outTemp":{"average":{"overall":11.2},"max":{"value":19.7,"when":1759323600},"min":{"value":6.6,"when":1759291200}},"ecowitt_wh51_patio_outGroundHumidity":{"average":{"overall":15.2},"max":{"value":16.0,"when":1759273200},"min":{"value":14.0,"when":1759399200}},"ecowitt_wittboy_outTemp":{"average":{"overall":9.6},"max":{"value":20.7,"when":1759327200},"min":{"value":3.5,"when":1759291200}},"ecowitt_wittboy_rain_day":{"average":{"overall":0.032812},"max":{"value":0.1,"when":1759302000},"min":{"value":0.0,"when":1759273200}},"ecowitt_wittboy_rain_event":{"average":{"overall":0.003819},"max":{"value":0.1,"when":1759302000},"min":{"value":0.0,"when":1759273200}},"ecowitt_wittboy_rain_rate":{"average":{"overall":0.003125},"max":{"value":0.599999,"when":1759302000},"min":{"value":0.0,"when":1759273200}},"ecowitt_wittboy_uvi":{"average":{"overall":0.4},"max":{"value":4.0,"when":1759316400},"min":{"value":0.0,"when":1759273200}},"ecowitt_wittboy_windDir":{"average":{"overall":184},"max":{"value":352,"when":1759392000},"min":{"value":7,"when":1759312800}},"ecowitt_wittboy_windGust":{"average":{"overall":11.1},"max":{"value":22.6,"when":1759377600},"min":{"value":5.9,"when":1759334400}},"ecowitt_wittboy_windSpeed":{"average":{"overall":9.0},"max":{"value":22.6,"when":1759377600},"min":{"value":0.0,"when":1759323600}},"ecowitt_wn34_shed_groundTemperature":{"average":{"overall":11.9},"max":{"value":14.8,"when":1759338000},"min":{"value":10.0,"when":1759298400}},"feelslike":{"average":{"overall":7.4},"max":{"value":20.3,"when":1759327200},"min":{"value":-1.3,"when":1759291200}},"inHumidity":{"average":{"overall":58.3},"max":{"value":60.6,"when":1759399200},"min":{"value":57.0,"when":1759291200}},"inTemp":{"average":{"overall":21.2},"max":{"value":23.3,"when":1759323600},"min":{"value":20.1,"when":1759287600}},"lightning_strike_count":{"average":{"overall":0},"max":{"value":0,"when":1759273200},"min":{"value":0,"when":1759273200}},"luminosity":{"average":{"overall":7504},"max":{"value":56920,"when":1759320000},"min":{"value":0,"when":1759273200}},"netatmo_Chitterne_co2":{"average":{"overall":1593},"max":{"value":2108,"when":1759356000},"min":{"value":979,"when":1759323600}},"netatmo_Chitterne_inTemp":{"average":{"overall":20.3},"max":{"value":21.2,"when":1759352400},"min":{"value":19.3,"when":1759302000}},"netatmo_Chitterne_noise":{"average":{"overall":34},"max":{"value":65,"when":1759352400},"min":{"value":32,"when":1759273200}},