{"charts":{"ET":[[0.19,0.27,0.36],[0.2,0.28,0.34],[0.25,0.29,0.34],[0.16,0.22,0.25],[0.2,0.23,0.25]],"api_cold":[[0.0,0.0,0.0],[0.0,0.0,0.0],[0.0,0.0,0.0],[0.0,0.0,0.0],[0.0,0.0,0.0]],"api_dew":[[0.0,0.0,0.0],[0.1,0.3,0.4],[0.3,0.4,0.4],[0.3,0.3,0.3],[0.3,0.3,0.3]],"api_foggy":[[0.0,0.0,0.0],[0.0,0.0,0.0],[0.0,0.0,0.0],[0.0,0.0,0.0],[0.0,0.0,0.0]],"api_frost_grass":[[0.0,0.0,0.0],[0.0,0.0,0.0],[0.0,0.1,0.1],[0.1,0.1,0.1],[0.1,0.1,0.1]],"api_frost_ground":[[0.0,0.0,0.0],[0.0,0.0,0.0],[0.0,0.0,0.0],[0.0,0.0,0.0],[0.0,0.0,0.0]],"api_hot":[[0.0,0.0,0.0],[0.0,0.0,0.0],[0.0,0.0,0.0],[0.0,0.0,0.0],[0.0,0.0,0.0]],"api_rainy":[[0.6,0.6,0.7],[0.1,0.1,0.1],[0.1,0.1,0.1],[0.0,0.0,0.0],[0.0,0.0,0.0]],"api_snowy":[[0.0,0.0,0.0],[0.0,0.0,0.0],[0.0,0.0,0.0],[0.0,0.0,0.0],[0.0,0.0,0.0]],"api_stormy":[[0.0,0.0,0.0],[0.0,0.0,0.0],[0.0,0.0,0.0],[0.0,0.0,0.0],[0.0,0.0,0.0]],"api_thundery":[[0.0,0.0,0.0],[0.0,0.0,0.0],[0.0,0.0,0.0],[0.0,0.0,0.0],[0.0,0.0,0.0]],"aq_uv_index_clear_sky":[[0,0,0],[0,0,0],[0,0,0],[0,0,0],[0,0,0]],"cloudbase":[[841,861,880],[864,962,1044],[972,995,1010],[898,932,975],[913,952,991]],"dateTime":[1761433200,1761436800,1761444000,1761447600,1761451200],"dewpoint":[[5.5,5.6,5.8],[2.7,4.0,5.5],[2.8,2.8,2.8],[1.9,2.4,2.7],[2.0,2.1,2.2]],"ecowitt_gateway_inTemp":[[19.0,19.2,19.5],[18.6,18.7,18.9],[18.6,18.6,18.6],[18.8,18.9,18.9],[18.9,18.9,18.9]],"ecowitt_gateway_pressure":[[1013,1014,1014],[1014,1014,1015],[1015,1015,1015],[1015,1015,1015],[1015,1015,1016]],"ecowitt_wh31_hall_inTemp":[[13.8,13.9,13.9],[13.2,13.5,13.9],[13.2,13.2,13.2],[13.0,13.1,13.1],[13.1,13.1,13.1]],"ecowitt_wh31_patio_outTemp":[[7.7,7.9,8.1],[6.6,7.2,7.7],[6.4,6.5,6.6],[5.6,5.7,5.7],[5.5,5.6,5.6]],"ecowitt_wh51_patio_outGroundHumidity":[[43.0,43.0,43.0],[43.0,43.2,44.0],[44.0,44.0,44.0],[44.0,44.0,44.0],[44.0,44.0,44.0]],"ecowitt_wittboy_outTemp":[[6.6,6.7,6.8],[4.0,5.2,6.6],[4.0,4.0,4.0],[3.4,3.6,3.7],[3.2,3.3,3.4]],"ecowitt_wittboy_rain_day":[[0.1,0.616665,5.299989],[0.2,0.295833,0.299999],[0.299999,0.299999,0.299999],[0.299999,0.299999,0.299999],[0.299999,0.299999,0.299999]],"ecowitt_wittboy_rain_event":[[6.400013,6.666679,6.700012],[6.700012,6.795845,6.800012],[6.800012,6.800012,6.800012],[6.800012,6.800012,6.800012],[6.800012,6.800012,6.800012]],"ecowitt_wittboy_rain_rate":[[0.0,0.399999,1.199998],[0.0,0.075,0.599999],[0.0,0.0,0.0],[0.0,0.0,0.0],[0.0,0.0,0.0]],"ecowitt_wittboy_uvi":[[0.0,0.0,0.0],[0.0,0.0,0.0],[0.0,0.0,0.0],[0.0,0.0,0.0],[0.0,0.0,0.0]],"ecowitt_wittboy_windDir":[[170,207,255],[169,186,222],[183,194,208],[143,192,211],[203,209,218]],"ecowitt_wittboy_windGust":[[9.2,15.1,21.0],[8.4,11.0,17.6],[9.2,12.6,18.4],[8.4,9.9,12.6],[8.4,10.3,11.7]],"ecowitt_wittboy_windSpeed":[[6.7,12.2,20.1],[6.7,9.2,15.1],[7.5,10.9,16.8],[5.9,8.4,10.9],[6.7,7.3,8.4]],"ecowitt_wn34_shed_groundTemperature":[[8.8,8.9,9.1],[8.5,8.8,9.2],[8.4,8.4,8.5],[8.0,8.0,8.1],[7.8,7.9,8.2]],"feelslike":[[2.7,3.8,4.8],[0.8,2.2,4.1],[0.4,0.9,1.1],[-0.1,0.7,1.3],[0.2,0.3,0.5]],"inHumidity":[[63.3,63.7,64.0],[63.0,63.4,63.8],[63.0,63.0,63.0],[62.1,62.4,62.7],[62.0,62.1,62.3]],"inTemp":[[16.3,16.4,16.5],[15.9,16.1,16.3],[15.9,15.9,15.9],[15.9,15.9,15.9],[15.9,15.9,15.9]],"lightning_strike_count":[[0,0,0],[0,0,0],[0,0,0],[0,0,0],[0,0,0]],"luminosity":[[0,0,0],[0,0,0],[0,0,0],[0,0,0],[0,0,0]],"netatmo_Chitterne_co2":[[876,992,1098],[1100,1147,1192],[1088,1097,1104],[965,983,997],[935,958,986]],"netatmo_Chitterne_inTemp":[[16.1,16.2,16.2],[16.1,16.1,16.2],[16.0,16.1,16.1],[15.9,15.9,15.9],[15.8,15.9,15.9]],"netatmo_Chitterne_noise":[[32,36,47],[31,33,49],[32,33,34],[32,32,32],[32,34,38]],"netatmo_Chitterne_outTemp":[[7.6,7.7,7.9],[6.4,7.0,7.5],[6.2,6.3,6.4],[5.3,5.4,5.6],[5.2,5.2,5.3]],"netatmo_Chitterne_pressure":[[995,995,996],[996,996,996],[996,996,997],[997,997,997],[997,997,997]],"outHumidity":[[92,92,92],[89,90,92],[90,90,90],[90,91,91],[90,91,91]],"outTemp":[[6.6,6.7,6.8],[4.0,5.2,6.6],[4.0,4.0,4.0],[3.3,3.6,3.7],[3.2,3.3,3.4]],"pressure":[[1006,1006,1006],[1006,1006,1006],[1006,1006,1006],[1006,1006,1006],[1006,1006,1006]],"rain":[[0.0,0.333333,3.999992],[0.0,0.0,0.0],[0.0,0.0,0.0],[0.0,0.0,0.0],[0.0,0.0,0.0]],"rainRate":[[0.0,3.999992,15.999968],[0.0,0.0,0.0],[0.0,0.0,0.0],[0.0,0.0,0.0],[0.0,0.0,0.0]],"rain_total":[[0.0,0.299999,2.699995],[0.1,0.1,0.1],[0.1,0.1,0.1],[0.1,0.1,0.1],[0.1,0.1,0.1]],"vpd":[[0.07,0.07,0.07],[0.07,0.08,0.1],[0.07,0.07,0.07],[0.07,0.07,0.07],[0.07,0.07,0.07]],"windrun":[[0.56,1.01,1.68],[0.56,0.76,1.26],[0.63,0.91,1.4],[0.49,0.7,0.91],[0.56,0.61,0.7]]},"on_this_day":{"ET":{"average":{"overall":0.26},"max":{"value":0.36,"when":1761433200},"min":{"value":0.16,"when":1761447600}},"api_cold":{"average":{"overall":0.0},"max":{"value":0.0,"when":1761433200},"min":{"value":0.0,"when":1761433200}},"api_dew":{"average":{"overall":0.2},"max":{"value":0.4,"when":1761436800},"min":{"value":0.0,"when":1761433200}},"api_foggy":{"average":{"overall":0.0},"max":{"value":0.0,"when":1761433200},"min":{"value":0.0,"when":1761433200}},"api_frost_grass":{"average":{"overall":0.1},"max":{"value":0.1,"when":1761444000},"min":{"value":0.0,"when":1761433200}},"api_frost_ground":{"average":{"overall":0.0},"max":{"value":0.0,"when":1761433200},"min":{"value":0.0,"when":1761433200}},"api_hot":{"average":{"overall":0.0},"max":{"value":0.0,"when":1761433200},"min":{"value":0.0,"when":1761433200}},"api_rainy":{"average":{"overall":0.2},"max":{"value":0.7,"when":1761433200},"min":{"value":0.0,"when":1761447600}},"api_snowy":{"average":{"overall":0.0},"max":{"value":0.0,"when":1761433200},"min":{"value":0.0,"when":1761433200}},"api_stormy":{"average":{"overall":0.0},"max":{"value":0.0,"when":1761433200},"min":{"value":0.0,"when":1761433200}},"api_thundery":{"average":{"overall":0.0},"max":{"value":0.0,"when":1761433200},"min":{"value":0.0,"when":1761433200}},"aq_uv_index_clear_sky":{"average":{"overall":0},"max":{"value":0,"when":1761433200},"min":{"value":0,"when":1761433200}},"cloudbase":{"average":{"overall":940},"max":{"value":1044,"when":1761436800},"min":{"value":841,"when":1761433200}},"dewpoint":{"average":{"overall":3.4},"max":{"value":5.8,"when":1761433200},"min":{"value":1.9,"when":1761447600}},"ecowitt_gateway_inTemp":{"average":{"overall":18.9},"max":{"value":19.5,"when":1761433200},"min":{"value":18.6,"when":1761436800}},"ecowitt_gateway_pressure":{"average":{"overall":1015},"max":{"value":1016,"when":1761451200},"min":{"value":1013,"when":1761433200}},"ecowitt_wh31_hall_inTemp":{"average":{"overall":13.4},"max":{"value":13.9,"when":1761436800},"min":{"value":13.0,"when":1761447600}},"ecowitt_wh31_patio_outTemp":{"average":{"overall":6.6},"max":{"value":8.1,"when":1761433200},"min":{"value":5.5,"when":1761451200}},"ecowitt_wh51_patio_outGroundHumidity":{"average":{"overall":43.6},"max":{"value":44.0,"when":1761436800},"min":{"value":43.0,"when":1761433200}},"ecowitt_wittboy_outTemp":{"average":{"overall":4.5},"max":{"value":6.8,"when":1761433200},"min":{"value":3.2,"when":1761451200}},"ecowitt_wittboy_rain_day":{"average":{"overall":0.362499},"max":{"value":5.299989,"when":1761433200},"min":{"value":0.1,"when":1761433200}},"ecowitt_wittboy_rain_event":{"average":{"overall":6.772512},"max":{"value":6.800012,"when":1761436800},"min":{"value":6.400013,"when":1761433200}},"ecowitt_wittboy_rain_rate":{"average":{"overall":0.095},"max":{"value":1.199998,"when":1761433200},"min":{"value":0.0,"when":1761433200}},"ecowitt_wittboy_uvi":{"average":{"overall":0.0},"max":{"value":0.0,"when":1761433200},"min":{"value":0.0,"when":1761433200}},"ecowitt_wittboy_windDir":{"average":{"overall":198},"max":{"value":255,"when":1761433200},"min":{"value":143,"when":1761447600}},"ecowitt_wittboy_windGust":{"average":{"overall":11.8},"max":{"value":21.0,"when":1761433200},"min":{"value":8.4,"when":1761436800}},"ecowitt_wittboy_windSpeed":{"average":{"overall":9.6},"max":{"value":20.1,"when":1761433200},"min":{"value":5.9,"when":1761447600}},"ecowitt_wn34_shed_groundTemperature":{"average":{"overall":8.4},