{"charts":{"ET":[[0.28,2.2421111111111114,10.07]],"api_cold":[[0.0,0.0,0.0]],"api_dew":[[0.0,0.0,0.0]],"api_foggy":[[0.0,0.04744444444444444,0.14]],"api_frost_grass":[[0.0,0.0,0.0]],"api_frost_ground":[[0.0,0.0,0.0]],"api_hot":[[0.0,0.0,0.0]],"api_rainy":[[0.0,0.0031111111111111114,0.14]],"api_snowy":[[0.0,0.0,0.0]],"api_stormy":[[0.0,0.0,0.0]],"api_thundery":[[0.0,0.0,0.0]],"aq_uv_index_clear_sky":[[0.0,0.8934444444444445,3.25]],"cloudbase":[[740.98,1513.4985000000001,3240.73]],"dateTime":[1759273200],"dewpoint":[[34.69,43.87611111111111,55.97]],"ecowitt_gateway_inTemp":[[67.64,69.68199999999999,73.94]],"ecowitt_gateway_pressure":[[30.43,30.459999999999994,30.48]],"ecowitt_wh31_hall_inTemp":[[58.28,60.022166666666664,62.6]],"ecowitt_wh31_patio_outTemp":[[43.88,51.503166666666665,67.37]],"ecowitt_wh51_patio_outGroundHumidity":[[15.0,15.780555555555557,16.0]],"ecowitt_wittboy_outTemp":[[38.3,48.732499999999995,68.72]],"ecowitt_wittboy_rain_day":[[0.0,0.00177165,0.003937]],"ecowitt_wittboy_rain_event":[[0.0,0.00048118888888888894,0.003937]],"ecowitt_wittboy_rain_rate":[[0.0,0.00039370000000000003,0.023622]],"ecowitt_wittboy_uvi":[[0.0,0.7277777777777777,4.0]],"ecowitt_wittboy_windDir":[[7.0,183.96666666666667,339.0]],"ecowitt_wittboy_windGust":[[6.71,11.702722222222224,19.29]],"ecowitt_wittboy_windSpeed":[[0.0,9.469722222222224,18.45]],"ecowitt_wn34_shed_groundTemperature":[[49.94,52.40166666666667,56.6]],"feelslike":[[29.66,44.38122222222223,68.31]],"inHumidity":[[57.0,57.653888888888886,58.7]],"inTemp":[[68.2,69.9961111111111,73.9]],"lightning_strike_count":[[0.0,0.0,0.0]],"luminosity":[[0.0,11870.351944444443,56920.0]],"netatmo_Chitterne_co2":[[993.71,1466.6403333333333,1791.0]],"netatmo_Chitterne_inTemp":[[66.74,68.10483333333333,69.62]],"netatmo_Chitterne_noise":[[32.0,32.85,54.0]],"netatmo_Chitterne_outTemp":[[43.52,51.1645,67.46]],"netatmo_Chitterne_pressure":[[29.93,29.938333333333333,29.96]],"outHumidity":[[63.4,83.31166666666667,94.0]],"outTemp":[[38.3,48.62555555555556,68.7]],"pressure":[[30.2,30.199999999999992,30.2]],"rain":[[0.0,0.0,0.0]],"rainRate":[[0.0,0.0,0.0]],"rain_total":[[0.0,0.0,0.0]],"vpd":[[0.02,0.07094444444444445,0.27]],"windrun":[[0.19,0.7923333333333333,1.54]]},"on_this_day":{"ET":{"average":{"overall":2.24},"max":{"value":10.07,"when":1759320000},"min":{"value":0.28,"when":1759294800}},"api_cold":{"average":{"overall":0.0},"max":{"value":0.0,"when":1759273200},"min":{"value":0.0,"when":1759273200}},"api_dew":{"average":{"overall":0.0},"max":{"value":0.0,"when":1759273200},"min":{"value":0.0,"when":1759273200}},"api_foggy":{"average":{"overall":0.0},"max":{"value":0.1,"when":1759294800},"min":{"value":0.0,"when":1759273200}},"api_frost_grass":{"average":{"overall":0.0},"max":{"value":0.0,"when":1759273200},"min":{"value":0.0,"when":1759273200}},"api_frost_ground":{"average":{"overall":0.0},"max":{"value":0.0,"when":1759273200},"min":{"value":0.0,"when":1759273200}},"api_hot":{"average":{"overall":0.0},"max":{"value":0.0,"when":1759273200},"min":{"value":0.0,"when":1759273200}},"api_rainy":{"average":{"overall":0.0},"max":{"value":0.1,"when":1759302000},"min":{"value":0.0,"when":1759273200}},"api_snowy":{"average":{"overall":0.0},"max":{"value":0.0,"when":1759273200},"min":{"value":0.0,"when":1759273200}},"api_stormy":{"average":{"overall":0.0},"max":{"value":0.0,"when":1759273200},"min":{"value":0.0,"when":1759273200}},"api_thundery":{"average":{"overall":0.0},"max":{"value":0.0,"when":1759273200},"min":{"value":0.0,"when":1759273200}},"aq_uv_index_clear_sky":{"average":{"overall":1},"max":{"value":3,"when":1759316400},"min":{"value":0,"when":1759273200}},"cloudbase":{"average":{"overall":1513},"max":{"value":3241,"when":1759323600},"min":{"value":741,"when":1759305600}},"dewpoint":{"average":{"overall":6.6},"max":{"value":13.3,"when":1759323600},"min":{"value":1.5,"when":1759287600}},"ecowitt_gateway_inTemp":{"average":{"overall":20.9},"max":{"value":23.3,"when":1759323600},"min":{"value":19.8,"when":1759276800}},"ecowitt_gateway_pressure":{"average":{"overall":1031},"max":{"value":1032,"when":1759302000},"min":{"value":1030,"when":1759320000}},"ecowitt_wh31_hall_inTemp":{"average":{"overall":15.6},"max":{"value":17.0,"when":1759320000},"min":{"value":14.6,"when":1759291200}},"ecowitt_wh31_patio_outTemp":{"average":{"overall":10.8},"max":{"value":19.7,"when":1759323600},"min":{"value":6.6,"when":1759291200}},"ecowitt_wh51_patio_outGroundHumidity":{"average":{"overall":15.8},"max":{"value":16.0,"when":1759273200},"min":{"value":15.0,"when":1759312800}},"ecowitt_wittboy_outTemp":{"average":{"overall":9.3},"max":{"value":20.4,"when":1759323600},"min":{"value":3.5,"when":1759291200}},"ecowitt_wittboy_rain_day":{"average":{"overall":0.045},"max":{"value":0.1,"when":1759302000},"min":{"value":0.0,"when":1759273200}},"ecowitt_wittboy_rain_event":{"average":{"overall":0.012222},"max":{"value":0.1,"when":1759302000},"min":{"value":0.0,"when":1759273200}},"ecowitt_wittboy_rain_rate":{"average":{"overall":0.01},"max":{"value":0.599999,"when":1759302000},"min":{"value":0.0,"when":1759273200}},"ecowitt_wittboy_uvi":{"average":{"overall":0.7},"max":{"value":4.0,"when":1759316400},"min":{"value":0.0,"when":1759273200}},"ecowitt_wittboy_windDir":{"average":{"overall":184},"max":{"value":339,"when":1759320000},"min":{"value":7,"when":1759312800}},"ecowitt_wittboy_windGust":{"average":{"overall":11.7},"max":{"value":19.3,"when":1759287600},"min":{"value":6.7,"when":1759273200}},"ecowitt_wittboy_windSpeed":{"average":{"overall":9.5},"max":{"value":18.4,"when":1759287600},"min":{"value":0.0,"when":1759323600}},"ecowitt_wn34_shed_groundTemperature":{"average":{"overall":11.3},"max":{"value":13.7,"when":1759323600},"min":{"value":10.0,"when":1759298400}},"feelslike":{"average":{"overall":6.9},"max":{"value":20.2,"when":1759323600},"min":{"value":-1.3,"when":1759291200}},"inHumidity":{"average":{"overall":57.7},"max":{"value":58.7,"when":1759312800},"min":{"value":57.0,"when":1759291200}},"inTemp":{"average":{"overall":21.1},"max":{"value":23.3,"when":1759323600},"min":{"value":20.1,"when":1759287600}},"lightning_strike_count":{"average":{"overall":0},"max":{"value":0,"when":1759273200},"min":{"value":0,"when":1759273200}},"luminosity":{"average":{"overall":11870},"max":{"value":56920,"when":1759320000},"min":{"value":0,"when":1759273200}},"netatmo_Chitterne_co2":{"average":{"overall":1467},"max":{"value":1791,"when":1759273200},"min":{"value":994,"when":1759320000}},"netatmo_Chitterne_inTemp":{"average":{"overall":20.1},"max":{"value":20.9,"when":1759273200},"min":{"value":19.3,"when":1759302000}},"netatmo_Chitterne_noise":{"average":{"overall":33},"max":{"value":54,"when":1759302000},"min":{"value":32,"when":1759273200}},"netatmo_Chitterne_outTemp":{"average":{"overall":10.6},"max":{"value":19.7,"when":1759323600},"min":{"value":6.4,"when":1759291200}},"netatmo_Chitterne_pressure":{"average":{"overall":1014},"max":{"value":1015,"when":1759309200},"min":{"value":1014,"when":1759273200}},"outHumidity":{"average":{"overall":83},"max":{"value":94,"when":1759305600},"min":{"value":63,"when":1759323600}},"outTemp":{"average":{"overall":9.2},"max":{"value":20.4,"when":1759323600},"min":{"value":3.5,"when":1759291200}},"pressure":{"average":{"overall":1023},"max":{"value":1023,"when":1759273200},"min":{"value":1023,"when":1759273200}},"rain":{"average":{"overall":0.0},"max":{"value":0.0,"when":1759273200},"min":{"value":0.0,"when":1759273200}},"rainRate":{"average":{"overall":0.0},"max":{"value":0.0,"when":1759273200},"min":{"value":0.0,"when":1759273200}},"rain_total":{"average":{"overall":0.0},"max":{"value":0.0,"when":1759273200},"min":{"value":0.0,"when":1759273200}},"vpd":{"average":{"overall":0.24},"max":{"value":0.91,"when":1759323600},"min":{"value":0.07,"when":1759302000}},"windrun":{"average":{"overall":0.79},"max":{"value":1.54,"when":1759287600},"min":{"value":0.19,"when":1759323600}}}}