{"charts":{"ET":[[0.28,0.4677380952380953,0.6]],"api_cold":[[0.0,0.0,0.0]],"api_dew":[[0.0,0.0,0.0]],"api_foggy":[[0.0,0.013333333333333334,0.14]],"api_frost_grass":[[0.0,0.0,0.0]],"api_frost_ground":[[0.0,0.0,0.0]],"api_hot":[[0.0,0.0,0.0]],"api_rainy":[[0.0,0.0,0.0]],"api_snowy":[[0.0,0.0,0.0]],"api_stormy":[[0.0,0.0,0.0]],"api_thundery":[[0.0,0.0,0.0]],"aq_uv_index_clear_sky":[[0.0,0.0,0.0]],"cloudbase":[[1118.31,1384.1513888888892,1643.75]],"dateTime":[1759273200],"dewpoint":[[34.69,35.92170634920635,37.97]],"ecowitt_gateway_inTemp":[[67.64,68.01416666666667,68.54]],"ecowitt_gateway_pressure":[[30.45,30.462896825396825,30.47]],"ecowitt_wh31_hall_inTemp":[[58.28,58.671190476190475,59.54]],"ecowitt_wh31_patio_outTemp":[[43.88,45.14130952380952,46.4]],"ecowitt_wh51_patio_outGroundHumidity":[[16.0,16.0,16.0]],"ecowitt_wittboy_outTemp":[[38.3,39.60845238095238,40.94]],"ecowitt_wittboy_rain_day":[[0.0,0.0,0.0]],"ecowitt_wittboy_rain_event":[[0.0,0.0,0.0]],"ecowitt_wittboy_rain_rate":[[0.0,0.0,0.0]],"ecowitt_wittboy_uvi":[[0.0,0.0,0.0]],"ecowitt_wittboy_windDir":[[14.0,183.27380952380955,266.0]],"ecowitt_wittboy_windGust":[[6.71,11.578611111111112,19.29]],"ecowitt_wittboy_windSpeed":[[5.87,9.763531746031745,18.45]],"ecowitt_wn34_shed_groundTemperature":[[50.09,52.22928571428571,54.92]],"feelslike":[[29.66,33.77373015873015,36.82]],"inHumidity":[[57.0,57.478968253968254,58.1]],"inTemp":[[68.2,68.6952380952381,69.6]],"lightning_strike_count":[[0.0,0.0,0.0]],"luminosity":[[0.0,0.0,0.0]],"netatmo_Chitterne_co2":[[1567.86,1687.1105952380951,1791.0]],"netatmo_Chitterne_inTemp":[[67.46,68.51876984126984,69.62]],"netatmo_Chitterne_noise":[[32.0,32.94047619047619,46.0]],"netatmo_Chitterne_outTemp":[[43.52,44.862063492063484,46.22]],"netatmo_Chitterne_pressure":[[29.93,29.932142857142857,29.94]],"outHumidity":[[81.4,84.51666666666667,87.9]],"outTemp":[[38.3,39.61388888888889,40.9]],"pressure":[[30.2,30.199999999999996,30.2]],"rain":[[0.0,0.0,0.0]],"rainRate":[[0.0,0.0,0.0]],"rain_total":[[0.0,0.0,0.0]],"vpd":[[0.03,0.03793650793650794,0.05]],"windrun":[[0.49,0.8147222222222222,1.54]]},"on_this_day":{"ET":{"average":{"overall":0.47},"max":{"value":0.6,"when":1759273200},"min":{"value":0.28,"when":1759294800}},"api_cold":{"average":{"overall":0.0},"max":{"value":0.0,"when":1759273200},"min":{"value":0.0,"when":1759273200}},"api_dew":{"average":{"overall":0.0},"max":{"value":0.0,"when":1759273200},"min":{"value":0.0,"when":1759273200}},"api_foggy":{"average":{"overall":0.0},"max":{"value":0.1,"when":1759294800},"min":{"value":0.0,"when":1759273200}},"api_frost_grass":{"average":{"overall":0.0},"max":{"value":0.0,"when":1759273200},"min":{"value":0.0,"when":1759273200}},"api_frost_ground":{"average":{"overall":0.0},"max":{"value":0.0,"when":1759273200},"min":{"value":0.0,"when":1759273200}},"api_hot":{"average":{"overall":0.0},"max":{"value":0.0,"when":1759273200},"min":{"value":0.0,"when":1759273200}},"api_rainy":{"average":{"overall":0.0},"max":{"value":0.0,"when":1759273200},"min":{"value":0.0,"when":1759273200}},"api_snowy":{"average":{"overall":0.0},"max":{"value":0.0,"when":1759273200},"min":{"value":0.0,"when":1759273200}},"api_stormy":{"average":{"overall":0.0},"max":{"value":0.0,"when":1759273200},"min":{"value":0.0,"when":1759273200}},"api_thundery":{"average":{"overall":0.0},"max":{"value":0.0,"when":1759273200},"min":{"value":0.0,"when":1759273200}},"aq_uv_index_clear_sky":{"average":{"overall":0},"max":{"value":0,"when":1759273200},"min":{"value":0,"when":1759273200}},"cloudbase":{"average":{"overall":1384},"max":{"value":1644,"when":1759273200},"min":{"value":1118,"when":1759294800}},"dewpoint":{"average":{"overall":2.2},"max":{"value":3.3,"when":1759294800},"min":{"value":1.5,"when":1759287600}},"ecowitt_gateway_inTemp":{"average":{"overall":20.0},"max":{"value":20.3,"when":1759273200},"min":{"value":19.8,"when":1759276800}},"ecowitt_gateway_pressure":{"average":{"overall":1032},"max":{"value":1032,"when":1759273200},"min":{"value":1031,"when":1759284000}},"ecowitt_wh31_hall_inTemp":{"average":{"overall":14.8},"max":{"value":15.3,"when":1759273200},"min":{"value":14.6,"when":1759291200}},"ecowitt_wh31_patio_outTemp":{"average":{"overall":7.3},"max":{"value":8.0,"when":1759273200},"min":{"value":6.6,"when":1759291200}},"ecowitt_wh51_patio_outGroundHumidity":{"average":{"overall":16.0},"max":{"value":16.0,"when":1759273200},"min":{"value":16.0,"when":1759273200}},"ecowitt_wittboy_outTemp":{"average":{"overall":4.2},"max":{"value":5.0,"when":1759294800},"min":{"value":3.5,"when":1759291200}},"ecowitt_wittboy_rain_day":{"average":{"overall":0.0},"max":{"value":0.0,"when":1759273200},"min":{"value":0.0,"when":1759273200}},"ecowitt_wittboy_rain_event":{"average":{"overall":0.0},"max":{"value":0.0,"when":1759273200},"min":{"value":0.0,"when":1759273200}},"ecowitt_wittboy_rain_rate":{"average":{"overall":0.0},"max":{"value":0.0,"when":1759273200},"min":{"value":0.0,"when":1759273200}},"ecowitt_wittboy_uvi":{"average":{"overall":0.0},"max":{"value":0.0,"when":1759273200},"min":{"value":0.0,"when":1759273200}},"ecowitt_wittboy_windDir":{"average":{"overall":183},"max":{"value":266,"when":1759291200},"min":{"value":14,"when":1759291200}},"ecowitt_wittboy_windGust":{"average":{"overall":11.6},"max":{"value":19.3,"when":1759287600},"min":{"value":6.7,"when":1759273200}},"ecowitt_wittboy_windSpeed":{"average":{"overall":9.8},"max":{"value":18.4,"when":1759287600},"min":{"value":5.9,"when":1759273200}},"ecowitt_wn34_shed_groundTemperature":{"average":{"overall":11.2},"max":{"value":12.7,"when":1759273200},"min":{"value":10.1,"when":1759294800}},"feelslike":{"average":{"overall":1.0},"max":{"value":2.7,"when":1759294800},"min":{"value":-1.3,"when":1759291200}},"inHumidity":{"average":{"overall":57.5},"max":{"value":58.1,"when":1759280400},"min":{"value":57.0,"when":1759291200}},"inTemp":{"average":{"overall":20.4},"max":{"value":20.9,"when":1759273200},"min":{"value":20.1,"when":1759287600}},"lightning_strike_count":{"average":{"overall":0},"max":{"value":0,"when":1759273200},"min":{"value":0,"when":1759273200}},"luminosity":{"average":{"overall":0},"max":{"value":0,"when":1759273200},"min":{"value":0,"when":1759273200}},"netatmo_Chitterne_co2":{"average":{"overall":1687},"max":{"value":1791,"when":1759273200},"min":{"value":1568,"when":1759280400}},"netatmo_Chitterne_inTemp":{"average":{"overall":20.3},"max":{"value":20.9,"when":1759273200},"min":{"value":19.7,"when":1759294800}},"netatmo_Chitterne_noise":{"average":{"overall":33},"max":{"value":46,"when":1759276800},"min":{"value":32,"when":1759273200}},"netatmo_Chitterne_outTemp":{"average":{"overall":7.1},"max":{"value":7.9,"when":1759273200},"min":{"value":6.4,"when":1759291200}},"netatmo_Chitterne_pressure":{"average":{"overall":1014},"max":{"value":1014,"when":1759273200},"min":{"value":1014,"when":1759273200}},"outHumidity":{"average":{"overall":85},"max":{"value":88,"when":1759294800},"min":{"value":81,"when":1759273200}},"outTemp":{"average":{"overall":4.2},"max":{"value":4.9,"when":1759294800},"min":{"value":3.5,"when":1759291200}},"pressure":{"average":{"overall":1023},"max":{"value":1023,"when":1759273200},"min":{"value":1023,"when":1759273200}},"rain":{"average":{"overall":0.0},"max":{"value":0.0,"when":1759273200},"min":{"value":0.0,"when":1759273200}},"rainRate":{"average":{"overall":0.0},"max":{"value":0.0,"when":1759273200},"min":{"value":0.0,"when":1759273200}},"rain_total":{"average":{"overall":0.0},"max":{"value":0.0,"when":1759273200},"min":{"value":0.0,"when":1759273200}},"vpd":{"average":{"overall":0.13},"max":{"value":0.17,"when":1759273200},"min":{"value":0.1,"when":1759291200}},"windrun":{"average":{"overall":0.81},"max":{"value":1.54,"when":1759287600},"min":{"value":0.49,"when":1759273200}}}}