{"charts":{"ET":[[0.28,1.3706410256410257,7.83]],"api_cold":[[0.0,0.0,0.0]],"api_dew":[[0.0,0.0,0.0]],"api_foggy":[[0.0,0.05474358974358974,0.14]],"api_frost_grass":[[0.0,0.0,0.0]],"api_frost_ground":[[0.0,0.0,0.0]],"api_hot":[[0.0,0.0,0.0]],"api_rainy":[[0.0,0.0035897435897435897,0.14]],"api_snowy":[[0.0,0.0,0.0]],"api_stormy":[[0.0,0.0,0.0]],"api_thundery":[[0.0,0.0,0.0]],"aq_uv_index_clear_sky":[[0.0,0.5240384615384616,2.5]],"cloudbase":[[740.98,1282.2481410256414,2098.33]],"dateTime":[1759273200],"dewpoint":[[34.69,42.140897435897436,55.71]],"ecowitt_gateway_inTemp":[[67.64,69.03538461538461,72.38]],"ecowitt_gateway_pressure":[[30.45,30.463782051282045,30.48]],"ecowitt_wh31_hall_inTemp":[[58.28,59.630961538461534,62.24]],"ecowitt_wh31_patio_outTemp":[[43.88,49.18826923076923,62.93]],"ecowitt_wh51_patio_outGroundHumidity":[[15.0,15.900641025641026,16.0]],"ecowitt_wittboy_outTemp":[[38.3,45.9148076923077,62.75]],"ecowitt_wittboy_rain_day":[[0.0,0.0014385192307692308,0.003937]],"ecowitt_wittboy_rain_event":[[0.0,0.0005552179487179488,0.003937]],"ecowitt_wittboy_rain_rate":[[0.0,0.0004542692307692308,0.023622]],"ecowitt_wittboy_uvi":[[0.0,0.40384615384615385,4.0]],"ecowitt_wittboy_windDir":[[7.0,180.71794871794873,266.0]],"ecowitt_wittboy_windGust":[[6.71,11.949102564102567,19.29]],"ecowitt_wittboy_windSpeed":[[4.19,9.727435897435896,18.45]],"ecowitt_wn34_shed_groundTemperature":[[49.94,51.86807692307692,54.92]],"feelslike":[[29.66,40.99544871794872,62.38]],"inHumidity":[[57.0,57.63333333333333,58.7]],"inTemp":[[68.2,69.40128205128205,72.4]],"lightning_strike_count":[[0.0,0.0,0.0]],"luminosity":[[0.0,7096.239551282051,47395.0]],"netatmo_Chitterne_co2":[[1096.57,1540.079423076923,1791.0]],"netatmo_Chitterne_inTemp":[[66.74,68.04942307692308,69.62]],"netatmo_Chitterne_noise":[[32.0,32.94230769230769,54.0]],"netatmo_Chitterne_outTemp":[[43.52,48.78602564102563,62.68]],"netatmo_Chitterne_pressure":[[29.93,29.939615384615383,29.96]],"outHumidity":[[75.3,86.07243589743591,94.0]],"outTemp":[[38.3,45.79166666666667,62.8]],"pressure":[[30.2,30.199999999999992,30.2]],"rain":[[0.0,0.0,0.0]],"rainRate":[[0.0,0.0,0.0]],"rain_total":[[0.0,0.0,0.0]],"vpd":[[0.02,0.04602564102564103,0.15]],"windrun":[[0.35,0.8117307692307691,1.54]]},"on_this_day":{"ET":{"average":{"overall":1.37},"max":{"value":7.83,"when":1759316400},"min":{"value":0.28,"when":1759294800}},"api_cold":{"average":{"overall":0.0},"max":{"value":0.0,"when":1759273200},"min":{"value":0.0,"when":1759273200}},"api_dew":{"average":{"overall":0.0},"max":{"value":0.0,"when":1759273200},"min":{"value":0.0,"when":1759273200}},"api_foggy":{"average":{"overall":0.1},"max":{"value":0.1,"when":1759294800},"min":{"value":0.0,"when":1759273200}},"api_frost_grass":{"average":{"overall":0.0},"max":{"value":0.0,"when":1759273200},"min":{"value":0.0,"when":1759273200}},"api_frost_ground":{"average":{"overall":0.0},"max":{"value":0.0,"when":1759273200},"min":{"value":0.0,"when":1759273200}},"api_hot":{"average":{"overall":0.0},"max":{"value":0.0,"when":1759273200},"min":{"value":0.0,"when":1759273200}},"api_rainy":{"average":{"overall":0.0},"max":{"value":0.1,"when":1759302000},"min":{"value":0.0,"when":1759273200}},"api_snowy":{"average":{"overall":0.0},"max":{"value":0.0,"when":1759273200},"min":{"value":0.0,"when":1759273200}},"api_stormy":{"average":{"overall":0.0},"max":{"value":0.0,"when":1759273200},"min":{"value":0.0,"when":1759273200}},"api_thundery":{"average":{"overall":0.0},"max":{"value":0.0,"when":1759273200},"min":{"value":0.0,"when":1759273200}},"aq_uv_index_clear_sky":{"average":{"overall":1},"max":{"value":2,"when":1759309200},"min":{"value":0,"when":1759273200}},"cloudbase":{"average":{"overall":1282},"max":{"value":2098,"when":1759316400},"min":{"value":741,"when":1759305600}},"dewpoint":{"average":{"overall":5.6},"max":{"value":13.2,"when":1759312800},"min":{"value":1.5,"when":1759287600}},"ecowitt_gateway_inTemp":{"average":{"overall":20.6},"max":{"value":22.4,"when":1759312800},"min":{"value":19.8,"when":1759276800}},"ecowitt_gateway_pressure":{"average":{"overall":1032},"max":{"value":1032,"when":1759302000},"min":{"value":1031,"when":1759284000}},"ecowitt_wh31_hall_inTemp":{"average":{"overall":15.4},"max":{"value":16.8,"when":1759316400},"min":{"value":14.6,"when":1759291200}},"ecowitt_wh31_patio_outTemp":{"average":{"overall":9.5},"max":{"value":17.2,"when":1759316400},"min":{"value":6.6,"when":1759291200}},"ecowitt_wh51_patio_outGroundHumidity":{"average":{"overall":15.9},"max":{"value":16.0,"when":1759273200},"min":{"value":15.0,"when":1759312800}},"ecowitt_wittboy_outTemp":{"average":{"overall":7.7},"max":{"value":17.1,"when":1759316400},"min":{"value":3.5,"when":1759291200}},"ecowitt_wittboy_rain_day":{"average":{"overall":0.036538},"max":{"value":0.1,"when":1759302000},"min":{"value":0.0,"when":1759273200}},"ecowitt_wittboy_rain_event":{"average":{"overall":0.014103},"max":{"value":0.1,"when":1759302000},"min":{"value":0.0,"when":1759273200}},"ecowitt_wittboy_rain_rate":{"average":{"overall":0.011538},"max":{"value":0.599999,"when":1759302000},"min":{"value":0.0,"when":1759273200}},"ecowitt_wittboy_uvi":{"average":{"overall":0.4},"max":{"value":4.0,"when":1759316400},"min":{"value":0.0,"when":1759273200}},"ecowitt_wittboy_windDir":{"average":{"overall":181},"max":{"value":266,"when":1759291200},"min":{"value":7,"when":1759312800}},"ecowitt_wittboy_windGust":{"average":{"overall":11.9},"max":{"value":19.3,"when":1759287600},"min":{"value":6.7,"when":1759273200}},"ecowitt_wittboy_windSpeed":{"average":{"overall":9.7},"max":{"value":18.4,"when":1759287600},"min":{"value":4.2,"when":1759316400}},"ecowitt_wn34_shed_groundTemperature":{"average":{"overall":11.0},"max":{"value":12.7,"when":1759273200},"min":{"value":10.0,"when":1759298400}},"feelslike":{"average":{"overall":5.0},"max":{"value":16.9,"when":1759316400},"min":{"value":-1.3,"when":1759291200}},"inHumidity":{"average":{"overall":57.6},"max":{"value":58.7,"when":1759312800},"min":{"value":57.0,"when":1759291200}},"inTemp":{"average":{"overall":20.8},"max":{"value":22.4,"when":1759312800},"min":{"value":20.1,"when":1759287600}},"lightning_strike_count":{"average":{"overall":0},"max":{"value":0,"when":1759273200},"min":{"value":0,"when":1759273200}},"luminosity":{"average":{"overall":7096},"max":{"value":47395,"when":1759316400},"min":{"value":0,"when":1759273200}},"netatmo_Chitterne_co2":{"average":{"overall":1540},"max":{"value":1791,"when":1759273200},"min":{"value":1097,"when":1759316400}},"netatmo_Chitterne_inTemp":{"average":{"overall":20.0},"max":{"value":20.9,"when":1759273200},"min":{"value":19.3,"when":1759302000}},"netatmo_Chitterne_noise":{"average":{"overall":33},"max":{"value":54,"when":1759302000},"min":{"value":32,"when":1759273200}},"netatmo_Chitterne_outTemp":{"average":{"overall":9.3},"max":{"value":17.0,"when":1759316400},"min":{"value":6.4,"when":1759291200}},"netatmo_Chitterne_pressure":{"average":{"overall":1014},"max":{"value":1015,"when":1759309200},"min":{"value":1014,"when":1759273200}},"outHumidity":{"average":{"overall":86},"max":{"value":94,"when":1759305600},"min":{"value":75,"when":1759316400}},"outTemp":{"average":{"overall":7.7},"max":{"value":17.1,"when":1759316400},"min":{"value":3.5,"when":1759291200}},"pressure":{"average":{"overall":1023},"max":{"value":1023,"when":1759273200},"min":{"value":1023,"when":1759273200}},"rain":{"average":{"overall":0.0},"max":{"value":0.0,"when":1759273200},"min":{"value":0.0,"when":1759273200}},"rainRate":{"average":{"overall":0.0},"max":{"value":0.0,"when":1759273200},"min":{"value":0.0,"when":1759273200}},"rain_total":{"average":{"overall":0.0},"max":{"value":0.0,"when":1759273200},"min":{"value":0.0,"when":1759273200}},"vpd":{"average":{"overall":0.16},"max":{"value":0.51,"when":1759316400},"min":{"value":0.07,"when":1759302000}},"windrun":{"average":{"overall":0.81},"max":{"value":1.54,"when":1759287600},"min":{"value":0.35,"when":1759316400}}}}