{"charts":{"ET":[[0.86,1.03,1.22],[0.88,1.09,1.28],[0.83,1.04,1.25]],"api_cold":[[0.0,0.0,0.0],[0.0,0.0,0.0],[0.0,0.0,0.0]],"api_dew":[[0.0,0.0,0.0],[0.0,0.0,0.0],[0.0,0.0,0.0]],"api_foggy":[[0.0,0.0,0.0],[0.0,0.0,0.0],[0.0,0.0,0.0]],"api_frost_grass":[[0.0,0.0,0.0],[0.0,0.0,0.0],[0.0,0.0,0.0]],"api_frost_ground":[[0.0,0.0,0.0],[0.0,0.0,0.0],[0.0,0.0,0.0]],"api_hot":[[0.0,0.0,0.0],[0.0,0.0,0.0],[0.0,0.0,0.0]],"api_rainy":[[0.0,0.0,0.0],[0.0,0.0,0.0],[0.0,0.0,0.0]],"api_snowy":[[0.0,0.0,0.0],[0.0,0.0,0.0],[0.0,0.0,0.0]],"api_stormy":[[0.0,0.0,0.1],[0.0,0.0,0.0],[0.0,0.0,0.0]],"api_thundery":[[0.0,0.0,0.0],[0.0,0.0,0.0],[0.0,0.0,0.0]],"aq_uv_index_clear_sky":[[0,0,0],[0,0,0],[0,0,0]],"cloudbase":[[1718,1731,1747],[1710,1755,1800],[1645,1733,1800]],"dateTime":[1759618800,1759622400,1759626000],"dewpoint":[[7.8,7.8,7.9],[7.4,7.6,7.8],[7.4,7.4,7.5]],"ecowitt_gateway_inTemp":[[18.9,18.9,19.0],[18.9,18.9,18.9],[18.9,19.0,19.0]],"ecowitt_gateway_pressure":[[1016,1016,1017],[1016,1017,1017],[1017,1017,1017]],"ecowitt_wh31_hall_inTemp":[[16.9,16.9,17.0],[16.8,16.8,16.8],[16.8,16.8,16.8]],"ecowitt_wh31_patio_outTemp":[[11.2,11.3,11.3],[11.1,11.2,11.3],[10.8,11.0,11.1]],"ecowitt_wh51_patio_outGroundHumidity":[[28.0,28.0,28.2],[28.0,28.0,28.0],[28.0,28.0,28.0]],"ecowitt_wittboy_outTemp":[[11.1,11.2,11.3],[11.0,11.1,11.3],[10.6,10.8,11.0]],"ecowitt_wittboy_rain_day":[[0.0,0.0,0.0],[0.0,0.0,0.0],[0.0,0.0,0.0]],"ecowitt_wittboy_rain_event":[[14.199997,14.199997,14.199997],[14.199997,14.199997,14.199997],[14.199997,14.199997,14.199997]],"ecowitt_wittboy_rain_rate":[[0.0,0.0,0.0],[0.0,0.0,0.0],[0.0,0.0,0.0]],"ecowitt_wittboy_uvi":[[0.0,0.0,0.0],[0.0,0.0,0.0],[0.0,0.0,0.0]],"ecowitt_wittboy_windDir":[[117,201,305],[110,202,270],[171,218,270]],"ecowitt_wittboy_windGust":[[14.3,22.4,27.7],[18.4,24.3,32.7],[15.1,22.3,26.8]],"ecowitt_wittboy_windSpeed":[[10.1,16.7,21.8],[10.9,19.5,31.9],[10.1,17.4,26.8]],"ecowitt_wn34_shed_groundTemperature":[[12.8,13.0,13.2],[12.6,12.8,13.0],[12.5,12.6,12.7]],"feelslike":[[6.3,7.4,8.2],[5.6,7.0,8.1],[6.2,6.8,8.1]],"inHumidity":[[62.7,62.7,62.7],[62.3,62.5,62.7],[62.3,62.3,62.3]],"inTemp":[[18.1,18.1,18.2],[17.9,18.0,18.0],[17.9,18.0,18.0]],"lightning_strike_count":[[0,0,0],[0,0,0],[0,0,0]],"luminosity":[[0,0,0],[0,0,0],[0,0,0]],"netatmo_Chitterne_co2":[[1018,1051,1083],[1071,1118,1140],[1117,1148,1166]],"netatmo_Chitterne_inTemp":[[18.4,18.4,18.5],[18.2,18.3,18.4],[18.2,18.2,18.2]],"netatmo_Chitterne_noise":[[31,32,32],[32,34,51],[32,32,32]],"netatmo_Chitterne_outTemp":[[11.2,11.2,11.2],[10.9,11.1,11.2],[10.7,10.8,11.0]],"netatmo_Chitterne_pressure":[[998,998,999],[999,999,999],[999,999,999]],"outHumidity":[[79,80,80],[79,79,80],[79,80,81]],"outTemp":[[11.2,11.2,11.3],[11.0,11.1,11.3],[10.7,10.9,11.1]],"pressure":[[1006,1007,1009],[1009,1009,1009],[1009,1009,1009]],"rain":[[0.0,0.0,0.0],[0.0,0.0,0.0],[0.0,0.0,0.0]],"rainRate":[[0.0,0.0,0.0],[0.0,0.0,0.0],[0.0,0.0,0.0]],"rain_total":[[0.0,0.245454,2.699995],[0.0,0.0,0.0],[0.0,0.0,0.0]],"vpd":[[0.27,0.27,0.27],[0.27,0.27,0.27],[0.24,0.27,0.27]],"windrun":[[0.84,1.39,1.82],[0.91,1.63,2.66],[0.84,1.45,2.24]]},"on_this_day":{"ET":{"average":{"overall":1.05},"max":{"value":1.28,"when":1759622400},"min":{"value":0.83,"when":1759626000}},"api_cold":{"average":{"overall":0.0},"max":{"value":0.0,"when":1759618800},"min":{"value":0.0,"when":1759618800}},"api_dew":{"average":{"overall":0.0},"max":{"value":0.0,"when":1759618800},"min":{"value":0.0,"when":1759618800}},"api_foggy":{"average":{"overall":0.0},"max":{"value":0.0,"when":1759618800},"min":{"value":0.0,"when":1759618800}},"api_frost_grass":{"average":{"overall":0.0},"max":{"value":0.0,"when":1759618800},"min":{"value":0.0,"when":1759618800}},"api_frost_ground":{"average":{"overall":0.0},"max":{"value":0.0,"when":1759618800},"min":{"value":0.0,"when":1759618800}},"api_hot":{"average":{"overall":0.0},"max":{"value":0.0,"when":1759618800},"min":{"value":0.0,"when":1759618800}},"api_rainy":{"average":{"overall":0.0},"max":{"value":0.0,"when":1759618800},"min":{"value":0.0,"when":1759618800}},"api_snowy":{"average":{"overall":0.0},"max":{"value":0.0,"when":1759618800},"min":{"value":0.0,"when":1759618800}},"api_stormy":{"average":{"overall":0.0},"max":{"value":0.1,"when":1759618800},"min":{"value":0.0,"when":1759618800}},"api_thundery":{"average":{"overall":0.0},"max":{"value":0.0,"when":1759618800},"min":{"value":0.0,"when":1759618800}},"aq_uv_index_clear_sky":{"average":{"overall":0},"max":{"value":0,"when":1759618800},"min":{"value":0,"when":1759618800}},"cloudbase":{"average":{"overall":1740},"max":{"value":1800,"when":1759622400},"min":{"value":1645,"when":1759626000}},"dewpoint":{"average":{"overall":7.6},"max":{"value":7.9,"when":1759618800},"min":{"value":7.4,"when":1759626000}},"ecowitt_gateway_inTemp":{"average":{"overall":18.9},"max":{"value":19.0,"when":1759618800},"min":{"value":18.9,"when":1759618800}},"ecowitt_gateway_pressure":{"average":{"overall":1017},"max":{"value":1017,"when":1759622400},"min":{"value":1016,"when":1759618800}},"ecowitt_wh31_hall_inTemp":{"average":{"overall":16.8},"max":{"value":17.0,"when":1759618800},"min":{"value":16.8,"when":1759622400}},"ecowitt_wh31_patio_outTemp":{"average":{"overall":11.1},"max":{"value":11.3,"when":1759618800},"min":{"value":10.8,"when":1759626000}},"ecowitt_wh51_patio_outGroundHumidity":{"average":{"overall":28.0},"max":{"value":28.2,"when":1759618800},"min":{"value":28.0,"when":1759618800}},"ecowitt_wittboy_outTemp":{"average":{"overall":11.0},"max":{"value":11.3,"when":1759618800},"min":{"value":10.6,"when":1759626000}},"ecowitt_wittboy_rain_day":{"average":{"overall":0.0},"max":{"value":0.0,"when":1759618800},"min":{"value":0.0,"when":1759618800}},"ecowitt_wittboy_rain_event":{"average":{"overall":14.199997},"max":{"value":14.199997,"when":1759618800},"min":{"value":14.199997,"when":1759618800}},"ecowitt_wittboy_rain_rate":{"average":{"overall":0.0},"max":{"value":0.0,"when":1759618800},"min":{"value":0.0,"when":1759618800}},"ecowitt_wittboy_uvi":{"average":{"overall":0.0},"max":{"value":0.0,"when":1759618800},"min":{"value":0.0,"when":1759618800}},"ecowitt_wittboy_windDir":{"average":{"overall":207},"max":{"value":305,"when":1759618800},"min":{"value":110,"when":1759622400}},"ecowitt_wittboy_windGust":{"average":{"overall":23.0},"max":{"value":32.7,"when":1759622400},"min":{"value":14.3,"when":1759618800}},"ecowitt_wittboy_windSpeed":{"average":{"overall":17.9},"max":{"value":31.9,"when":1759622400},"min":{"value":10.1,"when":1759618800}},"ecowitt_wn34_shed_groundTemperature":{"average":{"overall":12.8},"max":{"value":13.2,"when":1759618800},"min":{"value":12.5,"when":1759626000}},"feelslike":{"average":{"overall":7.1},"max":{"value":8.2,"when":1759618800},"min":{"value":5.6,"when":1759622400}},"inHumidity":{"average":{"overall":62.5},"max":{"value":62.7,"when":1759618800},"min":{"value":62.3,"when":1759622400}},"inTemp":{"average":{"overall":18.0},"max":{"value":18.2,"when":1759618800},"min":{"value":17.9,"when":1759622400}},"lightning_strike_count":{"average":{"overall":0},"max":{"value":0,"when":1759618800},"min":{"value":0,"when":1759618800}},"luminosity":{"average":{"overall":0},"max":{"value":0,"when":1759618800},"min":{"value":0,"when":1759618800}},"netatmo_Chitterne_co2":{"average":{"overall":1106},"max":{"value":1166,"when":1759626000},"min":{"value":1018,"when":1759618800}},"netatmo_Chitterne_inTemp":{"average":{"overall":18.3},"max":{"value":18.5,"when":1759618800},"min":{"value":18.2,"when":1759622400}},"netatmo_Chitterne_noise":{"average":{"overall":33},"max":{"value":51,"when":1759622400},"min":{"value":31,"when":1759618800}},"netatmo_Chitterne_outTemp":{"average":{"overall":11.0},"max":{"value":11.2,"when":1759618800},"min":{"value":10.7,"when":1759626000}},"netatmo_Chitterne_pressure":{"average":{"overall":999},"max":{"value":999,"when":1759626000},"min":{"value":998,"when":1759618800}},"outHumidity":{"average":{"overall":79},"max":{"value":81,