{"charts":{"ET":[[0.28,1.7267857142857144,7.83]],"api_cold":[[0.0,0.0,0.0]],"api_dew":[[0.0,0.0,0.0]],"api_foggy":[[0.0,0.050833333333333335,0.14]],"api_frost_grass":[[0.0,0.0,0.0]],"api_frost_ground":[[0.0,0.0,0.0]],"api_hot":[[0.0,0.0,0.0]],"api_rainy":[[0.0,0.0033333333333333335,0.14]],"api_snowy":[[0.0,0.0,0.0]],"api_stormy":[[0.0,0.0,0.0]],"api_thundery":[[0.0,0.0,0.0]],"aq_uv_index_clear_sky":[[0.0,0.7251190476190477,3.25]],"cloudbase":[[740.98,1376.0712500000002,2428.5]],"dateTime":[1759273200],"dewpoint":[[34.69,43.05464285714286,55.71]],"ecowitt_gateway_inTemp":[[67.64,69.3730357142857,72.62]],"ecowitt_gateway_pressure":[[30.45,30.462738095238088,30.48]],"ecowitt_wh31_hall_inTemp":[[58.28,59.82035714285714,62.24]],"ecowitt_wh31_patio_outTemp":[[43.88,50.31214285714286,64.1]],"ecowitt_wh51_patio_outGroundHumidity":[[15.0,15.836309523809524,16.0]],"ecowitt_wittboy_outTemp":[[38.3,47.248571428571424,64.58]],"ecowitt_wittboy_rain_day":[[0.0,0.0016169821428571429,0.003937]],"ecowitt_wittboy_rain_event":[[0.0,0.0005155595238095238,0.003937]],"ecowitt_wittboy_rain_rate":[[0.0,0.0004218214285714286,0.023622]],"ecowitt_wittboy_uvi":[[0.0,0.5178571428571429,4.0]],"ecowitt_wittboy_windDir":[[7.0,181.76785714285714,266.0]],"ecowitt_wittboy_windGust":[[6.71,11.58482142857143,19.29]],"ecowitt_wittboy_windSpeed":[[4.19,9.336904761904762,18.45]],"ecowitt_wn34_shed_groundTemperature":[[49.94,52.07767857142858,54.92]],"feelslike":[[29.66,42.66690476190477,64.58]],"inHumidity":[[57.0,57.608333333333334,58.7]],"inTemp":[[68.2,69.71130952380953,72.6]],"lightning_strike_count":[[0.0,0.0,0.0]],"luminosity":[[0.0,9085.228273809524,47395.0]],"netatmo_Chitterne_co2":[[1038.29,1500.4233333333334,1791.0]],"netatmo_Chitterne_inTemp":[[66.74,68.07160714285713,69.62]],"netatmo_Chitterne_noise":[[32.0,32.875,54.0]],"netatmo_Chitterne_outTemp":[[43.52,49.94892857142857,64.22]],"netatmo_Chitterne_pressure":[[29.93,29.939345238095235,29.96]],"outHumidity":[[71.6,84.88630952380954,94.0]],"outTemp":[[38.3,47.15,64.0]],"pressure":[[30.2,30.199999999999992,30.2]],"rain":[[0.0,0.0,0.0]],"rainRate":[[0.0,0.0,0.0]],"rain_total":[[0.0,0.0,0.0]],"vpd":[[0.02,0.05625000000000001,0.17]],"windrun":[[0.35,0.7791666666666666,1.54]]},"on_this_day":{"ET":{"average":{"overall":1.73},"max":{"value":7.83,"when":1759316400},"min":{"value":0.28,"when":1759294800}},"api_cold":{"average":{"overall":0.0},"max":{"value":0.0,"when":1759273200},"min":{"value":0.0,"when":1759273200}},"api_dew":{"average":{"overall":0.0},"max":{"value":0.0,"when":1759273200},"min":{"value":0.0,"when":1759273200}},"api_foggy":{"average":{"overall":0.1},"max":{"value":0.1,"when":1759294800},"min":{"value":0.0,"when":1759273200}},"api_frost_grass":{"average":{"overall":0.0},"max":{"value":0.0,"when":1759273200},"min":{"value":0.0,"when":1759273200}},"api_frost_ground":{"average":{"overall":0.0},"max":{"value":0.0,"when":1759273200},"min":{"value":0.0,"when":1759273200}},"api_hot":{"average":{"overall":0.0},"max":{"value":0.0,"when":1759273200},"min":{"value":0.0,"when":1759273200}},"api_rainy":{"average":{"overall":0.0},"max":{"value":0.1,"when":1759302000},"min":{"value":0.0,"when":1759273200}},"api_snowy":{"average":{"overall":0.0},"max":{"value":0.0,"when":1759273200},"min":{"value":0.0,"when":1759273200}},"api_stormy":{"average":{"overall":0.0},"max":{"value":0.0,"when":1759273200},"min":{"value":0.0,"when":1759273200}},"api_thundery":{"average":{"overall":0.0},"max":{"value":0.0,"when":1759273200},"min":{"value":0.0,"when":1759273200}},"aq_uv_index_clear_sky":{"average":{"overall":1},"max":{"value":3,"when":1759316400},"min":{"value":0,"when":1759273200}},"cloudbase":{"average":{"overall":1376},"max":{"value":2428,"when":1759316400},"min":{"value":741,"when":1759305600}},"dewpoint":{"average":{"overall":6.1},"max":{"value":13.2,"when":1759312800},"min":{"value":1.5,"when":1759287600}},"ecowitt_gateway_inTemp":{"average":{"overall":20.8},"max":{"value":22.6,"when":1759320000},"min":{"value":19.8,"when":1759276800}},"ecowitt_gateway_pressure":{"average":{"overall":1032},"max":{"value":1032,"when":1759302000},"min":{"value":1031,"when":1759284000}},"ecowitt_wh31_hall_inTemp":{"average":{"overall":15.5},"max":{"value":16.8,"when":1759316400},"min":{"value":14.6,"when":1759291200}},"ecowitt_wh31_patio_outTemp":{"average":{"overall":10.2},"max":{"value":17.8,"when":1759320000},"min":{"value":6.6,"when":1759291200}},"ecowitt_wh51_patio_outGroundHumidity":{"average":{"overall":15.8},"max":{"value":16.0,"when":1759273200},"min":{"value":15.0,"when":1759312800}},"ecowitt_wittboy_outTemp":{"average":{"overall":8.5},"max":{"value":18.1,"when":1759316400},"min":{"value":3.5,"when":1759291200}},"ecowitt_wittboy_rain_day":{"average":{"overall":0.041071},"max":{"value":0.1,"when":1759302000},"min":{"value":0.0,"when":1759273200}},"ecowitt_wittboy_rain_event":{"average":{"overall":0.013095},"max":{"value":0.1,"when":1759302000},"min":{"value":0.0,"when":1759273200}},"ecowitt_wittboy_rain_rate":{"average":{"overall":0.010714},"max":{"value":0.599999,"when":1759302000},"min":{"value":0.0,"when":1759273200}},"ecowitt_wittboy_uvi":{"average":{"overall":0.5},"max":{"value":4.0,"when":1759316400},"min":{"value":0.0,"when":1759273200}},"ecowitt_wittboy_windDir":{"average":{"overall":182},"max":{"value":266,"when":1759291200},"min":{"value":7,"when":1759312800}},"ecowitt_wittboy_windGust":{"average":{"overall":11.6},"max":{"value":19.3,"when":1759287600},"min":{"value":6.7,"when":1759273200}},"ecowitt_wittboy_windSpeed":{"average":{"overall":9.3},"max":{"value":18.4,"when":1759287600},"min":{"value":4.2,"when":1759316400}},"ecowitt_wn34_shed_groundTemperature":{"average":{"overall":11.2},"max":{"value":12.7,"when":1759273200},"min":{"value":10.0,"when":1759298400}},"feelslike":{"average":{"overall":5.9},"max":{"value":18.1,"when":1759316400},"min":{"value":-1.3,"when":1759291200}},"inHumidity":{"average":{"overall":57.6},"max":{"value":58.7,"when":1759312800},"min":{"value":57.0,"when":1759291200}},"inTemp":{"average":{"overall":21.0},"max":{"value":22.6,"when":1759320000},"min":{"value":20.1,"when":1759287600}},"lightning_strike_count":{"average":{"overall":0},"max":{"value":0,"when":1759273200},"min":{"value":0,"when":1759273200}},"luminosity":{"average":{"overall":9085},"max":{"value":47395,"when":1759316400},"min":{"value":0,"when":1759273200}},"netatmo_Chitterne_co2":{"average":{"overall":1500},"max":{"value":1791,"when":1759273200},"min":{"value":1038,"when":1759316400}},"netatmo_Chitterne_inTemp":{"average":{"overall":20.0},"max":{"value":20.9,"when":1759273200},"min":{"value":19.3,"when":1759302000}},"netatmo_Chitterne_noise":{"average":{"overall":33},"max":{"value":54,"when":1759302000},"min":{"value":32,"when":1759273200}},"netatmo_Chitterne_outTemp":{"average":{"overall":10.0},"max":{"value":17.9,"when":1759320000},"min":{"value":6.4,"when":1759291200}},"netatmo_Chitterne_pressure":{"average":{"overall":1014},"max":{"value":1015,"when":1759309200},"min":{"value":1014,"when":1759273200}},"outHumidity":{"average":{"overall":85},"max":{"value":94,"when":1759305600},"min":{"value":72,"when":1759316400}},"outTemp":{"average":{"overall":8.4},"max":{"value":17.8,"when":1759316400},"min":{"value":3.5,"when":1759291200}},"pressure":{"average":{"overall":1023},"max":{"value":1023,"when":1759273200},"min":{"value":1023,"when":1759273200}},"rain":{"average":{"overall":0.0},"max":{"value":0.0,"when":1759273200},"min":{"value":0.0,"when":1759273200}},"rainRate":{"average":{"overall":0.0},"max":{"value":0.0,"when":1759273200},"min":{"value":0.0,"when":1759273200}},"rain_total":{"average":{"overall":0.0},"max":{"value":0.0,"when":1759273200},"min":{"value":0.0,"when":1759273200}},"vpd":{"average":{"overall":0.19},"max":{"value":0.58,"when":1759316400},"min":{"value":0.07,"when":1759302000}},"windrun":{"average":{"overall":0.78},"max":{"value":1.54,"when":1759287600},"min":{"value":0.35,"when":1759316400}}}}