{"charts":{"ET":[[0.38,0.4632765151515152,0.6]],"api_cold":[[0.0,0.0,0.0]],"api_dew":[[0.0,0.0,0.0]],"api_foggy":[[0.0,0.0,0.0]],"api_frost_grass":[[0.0,0.0,0.0]],"api_frost_ground":[[0.0,0.0,0.0]],"api_hot":[[0.0,0.0,0.0]],"api_rainy":[[0.0,0.0,0.0]],"api_snowy":[[0.0,0.0,0.0]],"api_stormy":[[0.0,0.0,0.0]],"api_thundery":[[0.0,0.0,0.0]],"aq_uv_index_clear_sky":[[0.0,0.0,0.0]],"cloudbase":[[1310.59,1440.9087121212124,1643.75]],"dateTime":[1759273200],"dewpoint":[[34.74,36.178617424242425,37.41]],"ecowitt_gateway_inTemp":[[67.64,67.83784090909091,68.54]],"ecowitt_gateway_pressure":[[30.45,30.462196969696972,30.47]],"ecowitt_wh31_hall_inTemp":[[58.64,58.81937500000001,59.54]],"ecowitt_wh31_patio_outTemp":[[45.14,45.71130681818181,46.4]],"ecowitt_wh51_patio_outGroundHumidity":[[16.0,16.0,16.0]],"ecowitt_wittboy_outTemp":[[39.26,40.09579545454545,40.82]],"ecowitt_wittboy_rain_day":[[0.0,0.0,0.0]],"ecowitt_wittboy_rain_event":[[0.0,0.0,0.0]],"ecowitt_wittboy_rain_rate":[[0.0,0.0,0.0]],"ecowitt_wittboy_uvi":[[0.0,0.0,0.0]],"ecowitt_wittboy_windDir":[[175.0,186.03787878787875,205.0]],"ecowitt_wittboy_windGust":[[6.71,8.57090909090909,16.78]],"ecowitt_wittboy_windSpeed":[[5.87,7.842727272727274,10.07]],"ecowitt_wn34_shed_groundTemperature":[[51.74,53.27119318181818,54.92]],"feelslike":[[32.87,34.76077651515151,36.4]],"inHumidity":[[57.4,57.66818181818182,58.1]],"inTemp":[[68.4,69.0028409090909,69.6]],"lightning_strike_count":[[0.0,0.0,0.0]],"luminosity":[[0.0,0.0,0.0]],"netatmo_Chitterne_co2":[[1567.86,1652.907821969697,1791.0]],"netatmo_Chitterne_inTemp":[[68.36,69.00047348484848,69.62]],"netatmo_Chitterne_noise":[[32.0,33.31439393939394,46.0]],"netatmo_Chitterne_outTemp":[[44.96,45.46939393939394,46.22]],"netatmo_Chitterne_pressure":[[29.93,29.933750000000003,29.94]],"outHumidity":[[81.4,83.73541666666667,85.5]],"outTemp":[[39.3,40.09943181818181,40.8]],"pressure":[[30.2,30.2,30.2]],"rain":[[0.0,0.0,0.0]],"rainRate":[[0.0,0.0,0.0]],"rain_total":[[0.0,0.0,0.0]],"vpd":[[0.04,0.04020833333333334,0.05]],"windrun":[[0.49,0.6543939393939393,0.84]]},"on_this_day":{"ET":{"average":{"overall":0.46},"max":{"value":0.6,"when":1759273200},"min":{"value":0.38,"when":1759284000}},"api_cold":{"average":{"overall":0.0},"max":{"value":0.0,"when":1759273200},"min":{"value":0.0,"when":1759273200}},"api_dew":{"average":{"overall":0.0},"max":{"value":0.0,"when":1759273200},"min":{"value":0.0,"when":1759273200}},"api_foggy":{"average":{"overall":0.0},"max":{"value":0.0,"when":1759273200},"min":{"value":0.0,"when":1759273200}},"api_frost_grass":{"average":{"overall":0.0},"max":{"value":0.0,"when":1759273200},"min":{"value":0.0,"when":1759273200}},"api_frost_ground":{"average":{"overall":0.0},"max":{"value":0.0,"when":1759273200},"min":{"value":0.0,"when":1759273200}},"api_hot":{"average":{"overall":0.0},"max":{"value":0.0,"when":1759273200},"min":{"value":0.0,"when":1759273200}},"api_rainy":{"average":{"overall":0.0},"max":{"value":0.0,"when":1759273200},"min":{"value":0.0,"when":1759273200}},"api_snowy":{"average":{"overall":0.0},"max":{"value":0.0,"when":1759273200},"min":{"value":0.0,"when":1759273200}},"api_stormy":{"average":{"overall":0.0},"max":{"value":0.0,"when":1759273200},"min":{"value":0.0,"when":1759273200}},"api_thundery":{"average":{"overall":0.0},"max":{"value":0.0,"when":1759273200},"min":{"value":0.0,"when":1759273200}},"aq_uv_index_clear_sky":{"average":{"overall":0},"max":{"value":0,"when":1759273200},"min":{"value":0,"when":1759273200}},"cloudbase":{"average":{"overall":1441},"max":{"value":1644,"when":1759273200},"min":{"value":1311,"when":1759284000}},"dewpoint":{"average":{"overall":2.3},"max":{"value":3.0,"when":1759284000},"min":{"value":1.5,"when":1759273200}},"ecowitt_gateway_inTemp":{"average":{"overall":19.9},"max":{"value":20.3,"when":1759273200},"min":{"value":19.8,"when":1759276800}},"ecowitt_gateway_pressure":{"average":{"overall":1032},"max":{"value":1032,"when":1759273200},"min":{"value":1031,"when":1759284000}},"ecowitt_wh31_hall_inTemp":{"average":{"overall":14.9},"max":{"value":15.3,"when":1759273200},"min":{"value":14.8,"when":1759276800}},"ecowitt_wh31_patio_outTemp":{"average":{"overall":7.6},"max":{"value":8.0,"when":1759273200},"min":{"value":7.3,"when":1759273200}},"ecowitt_wh51_patio_outGroundHumidity":{"average":{"overall":16.0},"max":{"value":16.0,"when":1759273200},"min":{"value":16.0,"when":1759273200}},"ecowitt_wittboy_outTemp":{"average":{"overall":4.5},"max":{"value":4.9,"when":1759280400},"min":{"value":4.0,"when":1759284000}},"ecowitt_wittboy_rain_day":{"average":{"overall":0.0},"max":{"value":0.0,"when":1759273200},"min":{"value":0.0,"when":1759273200}},"ecowitt_wittboy_rain_event":{"average":{"overall":0.0},"max":{"value":0.0,"when":1759273200},"min":{"value":0.0,"when":1759273200}},"ecowitt_wittboy_rain_rate":{"average":{"overall":0.0},"max":{"value":0.0,"when":1759273200},"min":{"value":0.0,"when":1759273200}},"ecowitt_wittboy_uvi":{"average":{"overall":0.0},"max":{"value":0.0,"when":1759273200},"min":{"value":0.0,"when":1759273200}},"ecowitt_wittboy_windDir":{"average":{"overall":186},"max":{"value":205,"when":1759284000},"min":{"value":175,"when":1759284000}},"ecowitt_wittboy_windGust":{"average":{"overall":8.6},"max":{"value":16.8,"when":1759284000},"min":{"value":6.7,"when":1759273200}},"ecowitt_wittboy_windSpeed":{"average":{"overall":7.8},"max":{"value":10.1,"when":1759273200},"min":{"value":5.9,"when":1759273200}},"ecowitt_wn34_shed_groundTemperature":{"average":{"overall":11.8},"max":{"value":12.7,"when":1759273200},"min":{"value":11.0,"when":1759284000}},"feelslike":{"average":{"overall":1.5},"max":{"value":2.4,"when":1759280400},"min":{"value":0.5,"when":1759284000}},"inHumidity":{"average":{"overall":57.7},"max":{"value":58.1,"when":1759280400},"min":{"value":57.4,"when":1759273200}},"inTemp":{"average":{"overall":20.6},"max":{"value":20.9,"when":1759273200},"min":{"value":20.2,"when":1759284000}},"lightning_strike_count":{"average":{"overall":0},"max":{"value":0,"when":1759273200},"min":{"value":0,"when":1759273200}},"luminosity":{"average":{"overall":0},"max":{"value":0,"when":1759273200},"min":{"value":0,"when":1759273200}},"netatmo_Chitterne_co2":{"average":{"overall":1653},"max":{"value":1791,"when":1759273200},"min":{"value":1568,"when":1759280400}},"netatmo_Chitterne_inTemp":{"average":{"overall":20.6},"max":{"value":20.9,"when":1759273200},"min":{"value":20.2,"when":1759284000}},"netatmo_Chitterne_noise":{"average":{"overall":33},"max":{"value":46,"when":1759276800},"min":{"value":32,"when":1759273200}},"netatmo_Chitterne_outTemp":{"average":{"overall":7.5},"max":{"value":7.9,"when":1759273200},"min":{"value":7.2,"when":1759284000}},"netatmo_Chitterne_pressure":{"average":{"overall":1014},"max":{"value":1014,"when":1759273200},"min":{"value":1014,"when":1759273200}},"outHumidity":{"average":{"overall":84},"max":{"value":86,"when":1759284000},"min":{"value":81,"when":1759273200}},"outTemp":{"average":{"overall":4.5},"max":{"value":4.9,"when":1759280400},"min":{"value":4.1,"when":1759284000}},"pressure":{"average":{"overall":1023},"max":{"value":1023,"when":1759273200},"min":{"value":1023,"when":1759273200}},"rain":{"average":{"overall":0.0},"max":{"value":0.0,"when":1759273200},"min":{"value":0.0,"when":1759273200}},"rainRate":{"average":{"overall":0.0},"max":{"value":0.0,"when":1759273200},"min":{"value":0.0,"when":1759273200}},"rain_total":{"average":{"overall":0.0},"max":{"value":0.0,"when":1759273200},"min":{"value":0.0,"when":1759273200}},"vpd":{"average":{"overall":0.14},"max":{"value":0.17,"when":1759273200},"min":{"value":0.14,"when":1759273200}},"windrun":{"average":{"overall":0.65},"max":{"value":0.84,"when":1759273200},"min":{"value":0.49,"when":1759273200}}}}