{"charts":{"ET":[[0.11,0.3,1.38],[0.13,0.38,1.64]],"api_cold":[[0.0,0.0,0.0],[0.0,0.0,0.0]],"api_dew":[[0.0,0.0,0.0],[0.0,0.1,0.4]],"api_foggy":[[0.0,0.0,0.1],[0.0,0.0,0.1]],"api_frost_grass":[[0.0,0.0,0.0],[0.0,0.0,0.1]],"api_frost_ground":[[0.0,0.0,0.0],[0.0,0.0,0.0]],"api_hot":[[0.0,0.0,0.0],[0.0,0.0,0.0]],"api_rainy":[[0.4,0.8,0.9],[0.0,0.1,0.6]],"api_snowy":[[0.0,0.0,0.0],[0.0,0.0,0.0]],"api_stormy":[[0.0,0.1,0.3],[0.0,0.0,0.0]],"api_thundery":[[0.0,0.0,0.0],[0.0,0.0,0.0]],"aq_uv_index_clear_sky":[[0,0,1],[0,0,1]],"cloudbase":[[517,626,810],[606,826,1090]],"dateTime":[1764547200,1764633600],"dewpoint":[[6.1,9.6,11.7],[-0.9,4.2,7.4]],"ecowitt_gateway_inTemp":[[17.5,19.4,20.5],[18.5,19.6,20.5]],"ecowitt_gateway_pressure":[[998,1004,1015],[1002,1005,1007]],"ecowitt_wh31_hall_inTemp":[[13.8,16.0,17.1],[13.8,14.7,15.5]],"ecowitt_wh31_patio_outTemp":[[7.6,10.4,12.3],[3.3,6.7,9.5]],"ecowitt_wh51_patio_outGroundHumidity":[[45.0,48.3,50.0],[48.0,48.5,49.0]],"ecowitt_wittboy_outTemp":[[7.5,10.5,12.6],[0.1,5.4,10.2]],"ecowitt_wittboy_rain_day":[[0.0,8.749653,17.69999],[0.0,0.133333,17.69999]],"ecowitt_wittboy_rain_event":[[0.299999,9.048611,17.999989],[17.999989,18.019861,18.099989]],"ecowitt_wittboy_rain_rate":[[0.0,0.881248,5.399989],[0.0,0.011538,0.599999]],"ecowitt_wittboy_uvi":[[0.0,0.0,0.0],[0.0,0.0,1.0]],"ecowitt_wittboy_windDir":[[2,200,359],[15,184,297]],"ecowitt_wittboy_windGust":[[9.2,22.1,53.7],[7.5,11.5,17.6]],"ecowitt_wittboy_windSpeed":[[5.0,15.3,43.6],[5.0,9.3,15.1]],"ecowitt_wn34_shed_groundTemperature":[[6.2,8.3,10.2],[7.8,8.9,9.9]],"feelslike":[[3.9,7.6,11.5],[-4.5,2.2,7.0]],"inHumidity":[[59.3,60.2,61.0],[58.0,59.3,60.8]],"inTemp":[[16.1,18.3,20.5],[16.9,18.0,20.5]],"lightning_strike_count":[[0,0,0],[0,0,0]],"luminosity":[[0,1066,10253],[0,1608,13270]],"netatmo_Chitterne_co2":[[438,695,1112],[732,870,961]],"netatmo_Chitterne_inTemp":[[16.7,17.5,18.8],[17.6,18.1,19.2]],"netatmo_Chitterne_noise":[[32,34,50],[32,34,56]],"netatmo_Chitterne_outTemp":[[7.3,10.4,12.3],[3.0,6.4,9.2]],"netatmo_Chitterne_pressure":[[980,987,997],[984,986,989]],"outHumidity":[[93,96,97],[88,92,96]],"outTemp":[[7.3,10.3,12.3],[0.1,5.2,9.2]],"pressure":[[989,995,1006],[992,995,1002]],"rain":[[0.0,1.777774,18.999962],[0.0,0.0,0.0]],"rainRate":[[0.0,21.777734,127.999744],[0.0,0.0,0.0]],"rain_total":[[0.1,8.798318,16.199993],[0.0,0.113287,16.199993]],"vpd":[[0.03,0.06,0.1],[0.03,0.07,0.14]],"windrun":[[0.42,1.28,3.63],[0.42,0.78,1.26]]},"on_this_day":{"ET":{"average":{"overall":0.34},"max":{"value":1.64,"when":1764673200},"min":{"value":0.11,"when":1764558000}},"api_cold":{"average":{"overall":0.0},"max":{"value":0.0,"when":1764547200},"min":{"value":0.0,"when":1764547200}},"api_dew":{"average":{"overall":0.1},"max":{"value":0.4,"when":1764651600},"min":{"value":0.0,"when":1764547200}},"api_foggy":{"average":{"overall":0.0},"max":{"value":0.1,"when":1764547200},"min":{"value":0.0,"when":1764547200}},"api_frost_grass":{"average":{"overall":0.0},"max":{"value":0.1,"when":1764658800},"min":{"value":0.0,"when":1764547200}},"api_frost_ground":{"average":{"overall":0.0},"max":{"value":0.0,"when":1764547200},"min":{"value":0.0,"when":1764547200}},"api_hot":{"average":{"overall":0.0},"max":{"value":0.0,"when":1764547200},"min":{"value":0.0,"when":1764547200}},"api_rainy":{"average":{"overall":0.4},"max":{"value":0.9,"when":1764547200},"min":{"value":0.0,"when":1764640800}},"api_snowy":{"average":{"overall":0.0},"max":{"value":0.0,"when":1764547200},"min":{"value":0.0,"when":1764547200}},"api_stormy":{"average":{"overall":0.1},"max":{"value":0.3,"when":1764565200},"min":{"value":0.0,"when":1764547200}},"api_thundery":{"average":{"overall":0.0},"max":{"value":0.0,"when":1764547200},"min":{"value":0.0,"when":1764547200}},"aq_uv_index_clear_sky":{"average":{"overall":0},"max":{"value":1,"when":1764590400},"min":{"value":0,"when":1764547200}},"cloudbase":{"average":{"overall":726},"max":{"value":1090,"when":1764676800},"min":{"value":517,"when":1764576000}},"dewpoint":{"average":{"overall":6.9},"max":{"value":11.7,"when":1764594000},"min":{"value":-0.9,"when":1764662400}},"ecowitt_gateway_inTemp":{"average":{"overall":19.5},"max":{"value":20.5,"when":1764590400},"min":{"value":17.5,"when":1764547200}},"ecowitt_gateway_pressure":{"average":{"overall":1004},"max":{"value":1015,"when":1764547200},"min":{"value":998,"when":1764608400}},"ecowitt_wh31_hall_inTemp":{"average":{"overall":15.3},"max":{"value":17.1,"when":1764608400},"min":{"value":13.8,"when":1764547200}},"ecowitt_wh31_patio_outTemp":{"average":{"overall":8.6},"max":{"value":12.3,"when":1764590400},"min":{"value":3.3,"when":1764662400}},"ecowitt_wh51_patio_outGroundHumidity":{"average":{"overall":48.4},"max":{"value":50.0,"when":1764612000},"min":{"value":45.0,"when":1764547200}},"ecowitt_wittboy_outTemp":{"average":{"overall":7.9},"max":{"value":12.6,"when":1764590400},"min":{"value":0.1,"when":1764662400}},"ecowitt_wittboy_rain_day":{"average":{"overall":4.441493},"max":{"value":17.69999,"when":1764622800},"min":{"value":0.0,"when":1764547200}},"ecowitt_wittboy_rain_event":{"average":{"overall":13.534236},"max":{"value":18.099989,"when":1764669600},"min":{"value":0.299999,"when":1764547200}},"ecowitt_wittboy_rain_rate":{"average":{"overall":0.446393},"max":{"value":5.399989,"when":1764612000},"min":{"value":0.0,"when":1764550800}},"ecowitt_wittboy_uvi":{"average":{"overall":0.0},"max":{"value":1.0,"when":1764673200},"min":{"value":0.0,"when":1764547200}},"ecowitt_wittboy_windDir":{"average":{"overall":192},"max":{"value":359,"when":1764561600},"min":{"value":2,"when":1764608400}},"ecowitt_wittboy_windGust":{"average":{"overall":16.8},"max":{"value":53.7,"when":1764576000},"min":{"value":7.5,"when":1764666000}},"ecowitt_wittboy_windSpeed":{"average":{"overall":12.3},"max":{"value":43.6,"when":1764597600},"min":{"value":5.0,"when":1764630000}},"ecowitt_wn34_shed_groundTemperature":{"average":{"overall":8.6},"max":{"value":10.2,"when":1764626400},"min":{"value":6.2,"when":1764550800}},"feelslike":{"average":{"overall":4.9},"max":{"value":11.5,"when":1764594000},"min":{"value":-4.5,"when":1764662400}},"inHumidity":{"average":{"overall":59.7},"max":{"value":61.0,"when":1764626400},"min":{"value":58.0,"when":1764673200}},"inTemp":{"average":{"overall":18.2},"max":{"value":20.5,"when":1764590400},"min":{"value":16.1,"when":1764547200}},"lightning_strike_count":{"average":{"overall":0},"max":{"value":0,"when":1764547200},"min":{"value":0,"when":1764547200}},"luminosity":{"average":{"overall":1337},"max":{"value":13270,"when":1764673200},"min":{"value":0,"when":1764547200}},"netatmo_Chitterne_co2":{"average":{"overall":782},"max":{"value":1112,"when":1764547200},"min":{"value":438,"when":1764615600}},"netatmo_Chitterne_inTemp":{"average":{"overall":17.8},"max":{"value":19.2,"when":1764662400},"min":{"value":16.7,"when":1764558000}},"netatmo_Chitterne_noise":{"average":{"overall":34},"max":{"value":56,"when":1764662400},"min":{"value":32,"when":1764547200}},"netatmo_Chitterne_outTemp":{"average":{"overall":8.4},"max":{"value":12.3,"when":1764594000},"min":{"value":3.0,"when":1764662400}},"netatmo_Chitterne_pressure":{"average":{"overall":987},"max":{"value":997,"when":1764547200},"min":{"value":980,"when":1764612000}},"outHumidity":{"average":{"overall":94},"max":{"value":97,"when":1764576000},"min":{"value":88,"when":1764676800}},"outTemp":{"average":{"overall":7.7},"max":{"value":12.3,"when":1764590400},"min":{"value":0.1,"when":1764662400}},"pressure":{"average":{"overall":995},"max":{"value":1006,"when":1764547200},"min":{"value":989,"when":1764604800}},"rain":{"average":{"overall":0.888887},"max":{"value":18.999962,"when":1764612000},"min":{"value":0.0,"when":1764547200}},"rainRate":{"average":{"overall":10.888867},"max":{"value":127.999744,"when":1764615600},"min":{"value":0.0,"when":1764547200}},"rain_total":{"average":{"overall":4.455802},"max":{"value":16.199993,"when":1764622800},"min":{"value":0.0,"when":1764633600}},