{"charts":{"ET":[[0.18,0.22,0.27],[0.19,0.21,0.23],[0.2,0.21,0.24],[0.07,0.11,0.18],[0.07,0.09,0.11]],"api_cold":[[0.0,0.0,0.0],[0.0,0.0,0.0],[0.0,0.0,0.0],[0.0,0.0,0.0],[0.0,0.0,0.0]],"api_dew":[[0.3,0.3,0.4],[0.3,0.3,0.4],[0.4,0.4,0.4],[0.1,0.3,0.4],[0.0,0.1,0.1]],"api_foggy":[[0.0,0.0,0.0],[0.0,0.0,0.1],[0.0,0.1,0.1],[0.0,0.1,0.1],[0.0,0.1,0.1]],"api_frost_grass":[[0.1,0.2,0.3],[0.1,0.2,0.3],[0.1,0.1,0.1],[0.1,0.1,0.1],[0.0,0.0,0.0]],"api_frost_ground":[[0.0,0.0,0.0],[0.0,0.0,0.0],[0.0,0.0,0.0],[0.0,0.0,0.0],[0.0,0.0,0.0]],"api_hot":[[0.0,0.0,0.0],[0.0,0.0,0.0],[0.0,0.0,0.0],[0.0,0.0,0.0],[0.0,0.0,0.0]],"api_rainy":[[0.0,0.1,0.1],[0.0,0.0,0.0],[0.1,0.1,0.1],[0.1,0.3,0.4],[0.4,0.6,0.9]],"api_snowy":[[0.0,0.0,0.0],[0.0,0.0,0.0],[0.0,0.0,0.0],[0.0,0.0,0.0],[0.0,0.0,0.0]],"api_stormy":[[0.0,0.0,0.0],[0.0,0.0,0.0],[0.0,0.0,0.0],[0.0,0.0,0.0],[0.0,0.0,0.0]],"api_thundery":[[0.0,0.0,0.0],[0.0,0.0,0.0],[0.0,0.0,0.0],[0.0,0.0,0.0],[0.0,0.0,0.0]],"aq_uv_index_clear_sky":[[0,0,0],[0,0,0],[0,0,0],[0,0,0],[0,0,0]],"cloudbase":[[781,837,933],[780,833,899],[757,804,856],[512,584,735],[484,514,530]],"dateTime":[1763856000,1763859600,1763863200,1763866800,1763870400],"dewpoint":[[0.4,0.7,1.0],[-0.1,0.4,0.9],[0.3,0.8,1.1],[1.4,3.7,5.2],[5.3,5.9,6.3]],"ecowitt_gateway_inTemp":[[16.2,16.3,16.5],[16.2,16.2,16.2],[16.2,16.3,16.5],[16.5,16.7,16.9],[17.0,17.3,17.5]],"ecowitt_gateway_pressure":[[1013,1013,1014],[1012,1012,1013],[1010,1011,1012],[1008,1009,1010],[1007,1007,1008]],"ecowitt_wh31_hall_inTemp":[[11.7,11.8,11.9],[11.6,11.6,11.7],[11.6,11.6,11.6],[11.6,11.7,11.9],[11.9,12.1,12.2]],"ecowitt_wh31_patio_outTemp":[[3.6,3.8,4.0],[3.4,3.7,3.8],[3.4,3.5,3.5],[3.5,5.0,6.1],[6.2,6.7,7.2]],"ecowitt_wh51_patio_outGroundHumidity":[[44.3,44.9,45.0],[45.0,45.0,45.0],[44.0,44.8,45.0],[44.0,44.6,45.0],[45.0,45.5,46.0]],"ecowitt_wittboy_outTemp":[[1.4,1.5,1.6],[0.8,1.2,1.6],[1.3,1.6,1.9],[2.2,4.8,6.3],[6.4,7.0,7.4]],"ecowitt_wittboy_rain_day":[[0.0,0.0,0.0],[0.0,0.0,0.0],[0.0,0.0,0.0],[0.0,0.108333,0.399999],[0.699999,0.833332,1.099998]],"ecowitt_wittboy_rain_event":[[4.299991,4.299991,4.299991],[4.299991,4.299991,4.299991],[4.299991,4.299991,4.299991],[4.299991,4.408325,4.699991],[4.99999,5.133323,5.399989]],"ecowitt_wittboy_rain_rate":[[0.0,0.0,0.0],[0.0,0.0,0.0],[0.0,0.0,0.0],[0.0,0.399999,1.199998],[0.0,1.199998,2.999994]],"ecowitt_wittboy_uvi":[[0.0,0.0,0.0],[0.0,0.0,0.0],[0.0,0.0,0.0],[0.0,0.0,0.0],[0.0,0.0,0.0]],"ecowitt_wittboy_windDir":[[160,182,192],[170,188,210],[152,180,191],[167,219,301],[155,200,307]],"ecowitt_wittboy_windGust":[[9.2,12.4,15.1],[10.9,12.1,13.4],[11.7,12.9,15.1],[8.4,12.2,15.9],[10.9,16.9,22.6]],"ecowitt_wittboy_windSpeed":[[7.5,10.7,14.3],[8.4,10.1,11.7],[9.2,11.0,12.6],[5.9,10.3,13.4],[7.5,11.8,17.6]],"ecowitt_wn34_shed_groundTemperature":[[5.2,5.4,5.5],[5.1,5.3,5.4],[5.0,5.3,5.5],[5.1,5.3,5.4],[5.2,5.3,5.5]],"feelslike":[[-2.8,-2.2,-1.6],[-3.0,-2.4,-1.8],[-2.9,-2.3,-1.7],[-1.7,1.0,2.9],[2.6,3.2,4.2]],"inHumidity":[[57.0,57.0,57.1],[57.3,57.4,57.7],[57.3,57.4,57.7],[57.7,57.9,58.2],[58.0,58.3,58.7]],"inTemp":[[14.7,14.8,14.9],[14.4,14.5,14.6],[14.4,14.4,14.5],[14.4,14.6,14.7],[14.7,14.8,14.9]],"lightning_strike_count":[[0,0,0],[0,0,0],[0,0,0],[0,0,0],[0,0,0]],"luminosity":[[0,0,0],[0,0,0],[0,0,0],[0,0,0],[0,0,0]],"netatmo_Chitterne_co2":[[1232,1265,1298],[1224,1256,1283],[1081,1144,1204],[982,1024,1066],[907,941,978]],"netatmo_Chitterne_inTemp":[[16.0,16.1,16.4],[15.6,15.7,15.9],[15.3,15.5,15.6],[15.2,15.2,15.3],[15.1,15.2,15.2]],"netatmo_Chitterne_noise":[[32,32,33],[32,32,32],[32,32,32],[32,33,45],[32,32,32]],"netatmo_Chitterne_outTemp":[[3.6,3.7,4.1],[3.3,3.6,3.7],[3.2,3.2,3.3],[3.2,4.4,5.6],[5.7,6.3,6.8]],"netatmo_Chitterne_pressure":[[994,995,995],[993,994,994],[992,992,993],[990,991,992],[988,989,990]],"outHumidity":[[92,92,93],[92,92,93],[92,93,93],[94,96,97],[97,97,98]],"outTemp":[[1.4,1.5,1.6],[0.8,1.2,1.6],[1.3,1.6,1.9],[2.2,4.3,5.6],[5.7,6.3,6.8]],"pressure":[[1002,1004,1006],[1002,1002,1002],[1002,1002,1002],[999,1000,1002],[999,999,999]],"rain":[[0.0,0.0,0.0],[0.0,0.0,0.0],[0.0,0.0,0.0],[0.0,0.833332,6.999986],[0.0,2.111107,7.999984]],"rainRate":[[0.0,0.0,0.0],[0.0,0.0,0.0],[0.0,0.0,0.0],[0.0,9.666647,27.999944],[0.0,23.111065,55.999888]],"rain_total":[[0.0,0.408333,4.89999],[0.0,0.0,0.0],[0.0,0.0,0.0],[0.0,0.05,0.2],[0.299999,0.60476,0.799998]],"vpd":[[0.03,0.06,0.1],[0.03,0.05,0.07],[0.03,0.04,0.07],[0.03,0.03,0.03],[0.03,0.03,0.03]],"windrun":[[0.63,0.89,1.19],[0.7,0.84,0.98],[0.77,0.92,1.05],[0.49,0.86,1.12],[0.63,0.99,1.47]]},"on_this_day":{"ET":{"average":{"overall":0.17},"max":{"value":0.27,"when":1763856000},"min":{"value":0.07,"when":1763866800}},"api_cold":{"average":{"overall":0.0},"max":{"value":0.0,"when":1763856000},"min":{"value":0.0,"when":1763856000}},"api_dew":{"average":{"overall":0.3},"max":{"value":0.4,"when":1763856000},"min":{"value":0.0,"when":1763870400}},"api_foggy":{"average":{"overall":0.0},"max":{"value":0.1,"when":1763859600},"min":{"value":0.0,"when":1763856000}},"api_frost_grass":{"average":{"overall":0.1},"max":{"value":0.3,"when":1763856000},"min":{"value":0.0,"when":1763870400}},"api_frost_ground":{"average":{"overall":0.0},"max":{"value":0.0,"when":1763856000},"min":{"value":0.0,"when":1763856000}},"api_hot":{"average":{"overall":0.0},"max":{"value":0.0,"when":1763856000},"min":{"value":0.0,"when":1763856000}},"api_rainy":{"average":{"overall":0.2},"max":{"value":0.9,"when":1763870400},"min":{"value":0.0,"when":1763856000}},"api_snowy":{"average":{"overall":0.0},"max":{"value":0.0,"when":1763856000},"min":{"value":0.0,"when":1763856000}},"api_stormy":{"average":{"overall":0.0},"max":{"value":0.0,"when":1763856000},"min":{"value":0.0,"when":1763856000}},"api_thundery":{"average":{"overall":0.0},"max":{"value":0.0,"when":1763856000},"min":{"value":0.0,"when":1763856000}},"aq_uv_index_clear_sky":{"average":{"overall":0},"max":{"value":0,"when":1763856000},"min":{"value":0,"when":1763856000}},"cloudbase":{"average":{"overall":714},"max":{"value":933,"when":1763856000},"min":{"value":484,"when":1763870400}},"dewpoint":{"average":{"overall":2.3},"max":{"value":6.3,"when":1763870400},"min":{"value":-0.1,"when":1763859600}},"ecowitt_gateway_inTemp":{"average":{"overall":16.6},"max":{"value":17.5,"when":1763870400},"min":{"value":16.2,"when":1763859600}},"ecowitt_gateway_pressure":{"average":{"overall":1010},"max":{"value":1014,"when":1763856000},"min":{"value":1007,"when":1763870400}},"ecowitt_wh31_hall_inTemp":{"average":{"overall":11.8},"max":{"value":12.2,"when":1763870400},"min":{"value":11.6,"when":1763866800}},"ecowitt_wh31_patio_outTemp":{"average":{"overall":4.5},"max":{"value":7.2,"when":1763870400},"min":{"value":3.4,"when":1763859600}},"ecowitt_wh51_patio_outGroundHumidity":{"average":{"overall":44.9},"max":{"value":46.0,"when":1763870400},"min":{"value":44.0,"when":1763863200}},"ecowitt_wittboy_outTemp":{"average":{"overall":3.2},"max":{"value":7.4,"when":1763870400},"min":{"value":0.8,"when":1763859600}},"ecowitt_wittboy_rain_day":{"average":{"overall":0.188333},"max":{"value":1.099998,"when":1763870400},"min":{"value":0.0,"when":1763856000}},"ecowitt_wittboy_rain_event":{"average":{"overall":4.488324},"max":{"value":5.399989,"when":1763870400},"min":{"value":4.299991,"when":1763856000}},"ecowitt_wittboy_rain_rate":{"average":{"overall":0.319999},"max":{"value":2.999994,"when":1763870400},"min":{"value":0.0,"when":1763856000}},"ecowitt_wittboy_uvi":{"average":{"overall":0.0},"max":{"value":0.0,"when":1763856000},"min":{"value":0.0,"when":1763856000}},"ecowitt_wittboy_windDir":{"average":{"overall":194},"max":{"value":307,"when":1763870400},"min":{"value":152,"when":1763863200}},"ecowitt_wittboy_windGust":{"average":{"overall":13.3},"max":{"value":22.6,"when":1763870400},"min":{"value":8.4,"when":1763866800}},"ecowitt_wittboy_windSpeed":{"average":{"overall":10.8},"max":{"value":17.6,"when":1763870400},"min":{"value":5.9,"when":1763866800}},