{"charts":{"ET":[[0.28,1.289102564102564,4.8]],"api_cold":[[0.0,0.0,0.0]],"api_dew":[[0.0,0.0,0.0]],"api_foggy":[[0.0,0.05474358974358974,0.14]],"api_frost_grass":[[0.0,0.0,0.0]],"api_frost_ground":[[0.0,0.0,0.0]],"api_hot":[[0.0,0.0,0.0]],"api_rainy":[[0.0,0.0035897435897435897,0.14]],"api_snowy":[[0.0,0.0,0.0]],"api_stormy":[[0.0,0.0,0.0]],"api_thundery":[[0.0,0.0,0.0]],"aq_uv_index_clear_sky":[[0.0,0.5240384615384616,2.5]],"cloudbase":[[740.98,1270.5225000000003,1767.9]],"dateTime":[1759273200],"dewpoint":[[34.69,42.16115384615385,55.71]],"ecowitt_gateway_inTemp":[[67.64,69.0276923076923,72.38]],"ecowitt_gateway_pressure":[[30.45,30.464038461538454,30.48]],"ecowitt_wh31_hall_inTemp":[[58.28,59.636730769230766,62.24]],"ecowitt_wh31_patio_outTemp":[[43.88,49.156346153846144,61.88]],"ecowitt_wh51_patio_outGroundHumidity":[[15.0,15.900641025641026,16.0]],"ecowitt_wittboy_outTemp":[[38.3,45.90019230769231,62.27]],"ecowitt_wittboy_rain_day":[[0.0,0.0014385192307692308,0.003937]],"ecowitt_wittboy_rain_event":[[0.0,0.0005552179487179488,0.003937]],"ecowitt_wittboy_rain_rate":[[0.0,0.0004542692307692308,0.023622]],"ecowitt_wittboy_uvi":[[0.0,0.31410256410256415,2.0]],"ecowitt_wittboy_windDir":[[7.0,180.34615384615384,266.0]],"ecowitt_wittboy_windGust":[[6.71,12.002820512820515,19.29]],"ecowitt_wittboy_windSpeed":[[5.03,9.748974358974358,18.45]],"ecowitt_wn34_shed_groundTemperature":[[49.94,51.855000000000004,54.92]],"feelslike":[[29.66,40.93339743589744,61.15]],"inHumidity":[[57.0,57.62307692307692,58.7]],"inTemp":[[68.2,69.39487179487179,72.4]],"lightning_strike_count":[[0.0,0.0,0.0]],"luminosity":[[0.0,6610.021474358974,31086.67]],"netatmo_Chitterne_co2":[[1218.57,1546.12891025641,1791.0]],"netatmo_Chitterne_inTemp":[[66.74,68.04608974358973,69.62]],"netatmo_Chitterne_noise":[[32.0,32.94230769230769,54.0]],"netatmo_Chitterne_outTemp":[[43.52,48.745,61.62]],"netatmo_Chitterne_pressure":[[29.93,29.93974358974359,29.96]],"outHumidity":[[79.7,86.22628205128207,94.0]],"outTemp":[[38.3,45.76217948717949,61.9]],"pressure":[[30.2,30.199999999999992,30.2]],"rain":[[0.0,0.0,0.0]],"rainRate":[[0.0,0.0,0.0]],"rain_total":[[0.0,0.0,0.0]],"vpd":[[0.02,0.045000000000000005,0.12]],"windrun":[[0.42,0.813525641025641,1.54]]},"on_this_day":{"ET":{"average":{"overall":1.29},"max":{"value":4.8,"when":1759312800},"min":{"value":0.28,"when":1759294800}},"api_cold":{"average":{"overall":0.0},"max":{"value":0.0,"when":1759273200},"min":{"value":0.0,"when":1759273200}},"api_dew":{"average":{"overall":0.0},"max":{"value":0.0,"when":1759273200},"min":{"value":0.0,"when":1759273200}},"api_foggy":{"average":{"overall":0.1},"max":{"value":0.1,"when":1759294800},"min":{"value":0.0,"when":1759273200}},"api_frost_grass":{"average":{"overall":0.0},"max":{"value":0.0,"when":1759273200},"min":{"value":0.0,"when":1759273200}},"api_frost_ground":{"average":{"overall":0.0},"max":{"value":0.0,"when":1759273200},"min":{"value":0.0,"when":1759273200}},"api_hot":{"average":{"overall":0.0},"max":{"value":0.0,"when":1759273200},"min":{"value":0.0,"when":1759273200}},"api_rainy":{"average":{"overall":0.0},"max":{"value":0.1,"when":1759302000},"min":{"value":0.0,"when":1759273200}},"api_snowy":{"average":{"overall":0.0},"max":{"value":0.0,"when":1759273200},"min":{"value":0.0,"when":1759273200}},"api_stormy":{"average":{"overall":0.0},"max":{"value":0.0,"when":1759273200},"min":{"value":0.0,"when":1759273200}},"api_thundery":{"average":{"overall":0.0},"max":{"value":0.0,"when":1759273200},"min":{"value":0.0,"when":1759273200}},"aq_uv_index_clear_sky":{"average":{"overall":1},"max":{"value":2,"when":1759309200},"min":{"value":0,"when":1759273200}},"cloudbase":{"average":{"overall":1271},"max":{"value":1768,"when":1759316400},"min":{"value":741,"when":1759305600}},"dewpoint":{"average":{"overall":5.6},"max":{"value":13.2,"when":1759312800},"min":{"value":1.5,"when":1759287600}},"ecowitt_gateway_inTemp":{"average":{"overall":20.6},"max":{"value":22.4,"when":1759312800},"min":{"value":19.8,"when":1759276800}},"ecowitt_gateway_pressure":{"average":{"overall":1032},"max":{"value":1032,"when":1759302000},"min":{"value":1031,"when":1759284000}},"ecowitt_wh31_hall_inTemp":{"average":{"overall":15.4},"max":{"value":16.8,"when":1759316400},"min":{"value":14.6,"when":1759291200}},"ecowitt_wh31_patio_outTemp":{"average":{"overall":9.5},"max":{"value":16.6,"when":1759316400},"min":{"value":6.6,"when":1759291200}},"ecowitt_wh51_patio_outGroundHumidity":{"average":{"overall":15.9},"max":{"value":16.0,"when":1759273200},"min":{"value":15.0,"when":1759312800}},"ecowitt_wittboy_outTemp":{"average":{"overall":7.7},"max":{"value":16.8,"when":1759316400},"min":{"value":3.5,"when":1759291200}},"ecowitt_wittboy_rain_day":{"average":{"overall":0.036538},"max":{"value":0.1,"when":1759302000},"min":{"value":0.0,"when":1759273200}},"ecowitt_wittboy_rain_event":{"average":{"overall":0.014103},"max":{"value":0.1,"when":1759302000},"min":{"value":0.0,"when":1759273200}},"ecowitt_wittboy_rain_rate":{"average":{"overall":0.011538},"max":{"value":0.599999,"when":1759302000},"min":{"value":0.0,"when":1759273200}},"ecowitt_wittboy_uvi":{"average":{"overall":0.3},"max":{"value":2.0,"when":1759312800},"min":{"value":0.0,"when":1759273200}},"ecowitt_wittboy_windDir":{"average":{"overall":180},"max":{"value":266,"when":1759291200},"min":{"value":7,"when":1759312800}},"ecowitt_wittboy_windGust":{"average":{"overall":12.0},"max":{"value":19.3,"when":1759287600},"min":{"value":6.7,"when":1759273200}},"ecowitt_wittboy_windSpeed":{"average":{"overall":9.7},"max":{"value":18.4,"when":1759287600},"min":{"value":5.0,"when":1759309200}},"ecowitt_wn34_shed_groundTemperature":{"average":{"overall":11.0},"max":{"value":12.7,"when":1759273200},"min":{"value":10.0,"when":1759298400}},"feelslike":{"average":{"overall":5.0},"max":{"value":16.2,"when":1759312800},"min":{"value":-1.3,"when":1759291200}},"inHumidity":{"average":{"overall":57.6},"max":{"value":58.7,"when":1759312800},"min":{"value":57.0,"when":1759291200}},"inTemp":{"average":{"overall":20.8},"max":{"value":22.4,"when":1759312800},"min":{"value":20.1,"when":1759287600}},"lightning_strike_count":{"average":{"overall":0},"max":{"value":0,"when":1759273200},"min":{"value":0,"when":1759273200}},"luminosity":{"average":{"overall":6610},"max":{"value":31087,"when":1759312800},"min":{"value":0,"when":1759273200}},"netatmo_Chitterne_co2":{"average":{"overall":1546},"max":{"value":1791,"when":1759273200},"min":{"value":1219,"when":1759316400}},"netatmo_Chitterne_inTemp":{"average":{"overall":20.0},"max":{"value":20.9,"when":1759273200},"min":{"value":19.3,"when":1759302000}},"netatmo_Chitterne_noise":{"average":{"overall":33},"max":{"value":54,"when":1759302000},"min":{"value":32,"when":1759273200}},"netatmo_Chitterne_outTemp":{"average":{"overall":9.3},"max":{"value":16.5,"when":1759316400},"min":{"value":6.4,"when":1759291200}},"netatmo_Chitterne_pressure":{"average":{"overall":1014},"max":{"value":1015,"when":1759309200},"min":{"value":1014,"when":1759273200}},"outHumidity":{"average":{"overall":86},"max":{"value":94,"when":1759305600},"min":{"value":80,"when":1759316400}},"outTemp":{"average":{"overall":7.6},"max":{"value":16.6,"when":1759316400},"min":{"value":3.5,"when":1759291200}},"pressure":{"average":{"overall":1023},"max":{"value":1023,"when":1759273200},"min":{"value":1023,"when":1759273200}},"rain":{"average":{"overall":0.0},"max":{"value":0.0,"when":1759273200},"min":{"value":0.0,"when":1759273200}},"rainRate":{"average":{"overall":0.0},"max":{"value":0.0,"when":1759273200},"min":{"value":0.0,"when":1759273200}},"rain_total":{"average":{"overall":0.0},"max":{"value":0.0,"when":1759273200},"min":{"value":0.0,"when":1759273200}},"vpd":{"average":{"overall":0.15},"max":{"value":0.41,"when":1759316400},"min":{"value":0.07,"when":1759302000}},"windrun":{"average":{"overall":0.81},"max":{"value":1.54,"when":1759287600},"min":{"value":0.42,"when":1759309200}}}}