{"charts":{"ET":[[0.09,0.43,1.74],[0.15,0.35,1.35]],"api_cold":[[0.0,0.2,0.6],[0.0,0.3,0.4]],"api_dew":[[0.0,0.1,0.4],[0.0,0.0,0.0]],"api_foggy":[[0.0,0.0,0.3],[0.0,0.0,0.0]],"api_frost_grass":[[0.0,0.3,0.6],[0.1,0.4,0.4]],"api_frost_ground":[[0.0,0.2,0.6],[0.0,0.3,0.4]],"api_hot":[[0.0,0.0,0.0],[0.0,0.0,0.0]],"api_rainy":[[0.0,0.0,0.1],[0.0,0.1,0.4]],"api_snowy":[[0.0,0.0,0.0],[0.0,0.0,0.1]],"api_stormy":[[0.0,0.0,0.0],[0.0,0.0,0.0]],"api_thundery":[[0.0,0.0,0.0],[0.0,0.0,0.0]],"aq_uv_index_clear_sky":[[0,0,1],[0,0,0]],"cloudbase":[[721,1000,1409],[807,995,1642]],"dateTime":[1767225600,1767312000],"dewpoint":[[-4.6,0.6,4.2],[-1.5,0.4,2.4]],"ecowitt_gateway_inTemp":[[16.3,19.6,21.8],[17.2,20.2,22.1]],"ecowitt_gateway_pressure":[[1013,1017,1026],[1010,1012,1014]],"ecowitt_wh31_hall_inTemp":[[7.4,9.7,10.9],[9.8,10.6,11.4]],"ecowitt_wh31_patio_outTemp":[[-1.8,2.7,6.7],[1.4,2.7,3.9]],"ecowitt_wh51_patio_outGroundHumidity":[[13.0,17.4,20.0],[20.0,20.5,21.0]],"ecowitt_wittboy_outTemp":[[-3.4,2.3,7.0],[-0.2,2.0,4.1]],"ecowitt_wittboy_rain_day":[[0.0,0.0,0.0],[0.0,0.796793,1.599997]],"ecowitt_wittboy_rain_event":[[0.0,0.0,0.0],[0.0,0.796793,1.599997]],"ecowitt_wittboy_rain_rate":[[0.0,0.0,0.0],[0.0,0.142307,2.999994]],"ecowitt_wittboy_uvi":[[0.0,0.0,1.0],[0.0,0.0,1.0]],"ecowitt_wittboy_windDir":[[64,203,340],[40,205,297]],"ecowitt_wittboy_windGust":[[5.5,8.8,21.1],[5.5,9.8,16.6]],"ecowitt_wittboy_windSpeed":[[2.5,6.8,13.1],[4.0,7.8,16.6]],"ecowitt_wn34_shed_groundTemperature":[[1.3,2.3,3.4],[2.7,3.0,3.4]],"feelslike":[[-7.6,-1.2,3.9],[-4.1,-1.7,0.3]],"inHumidity":[[52.0,52.8,54.4],[52.3,53.6,54.7]],"inTemp":[[7.4,14.2,21.8],[9.8,18.0,22.1]],"lightning_strike_count":[[0,0,0],[0,0,1]],"luminosity":[[0,2120,14118],[0,1368,10923]],"netatmo_Chitterne_co2":[[698,1265,2073],[910,1389,2170]],"netatmo_Chitterne_inTemp":[[14.1,15.6,17.6],[15.6,16.1,17.4]],"netatmo_Chitterne_noise":[[31,34,62],[32,33,60]],"netatmo_Chitterne_outTemp":[[-2.2,2.6,6.7],[1.1,2.5,3.7]],"netatmo_Chitterne_pressure":[[995,998,1007],[992,994,995]],"outHumidity":[[83,89,94],[79,89,93]],"outTemp":[[-3.4,2.2,6.7],[-0.2,1.9,3.7]],"pressure":[[1002,1008,1016],[1002,1003,1006]],"rain":[[0.0,0.0,0.0],[0.0,0.089743,6.999986]],"rainRate":[[0.0,0.0,0.0],[0.0,1.128203,27.999944]],"rain_total":[[0.0,0.0,0.0],[0.0,0.2913,0.599999]],"vpd":[[0.03,0.08,0.17],[0.03,0.08,0.17]],"windrun":[[0.32,0.57,1.09],[0.34,0.65,1.38]]},"on_this_day":{"ET":{"average":{"overall":0.39},"max":{"value":1.74,"when":1767268800},"min":{"value":0.09,"when":1767236400}},"api_cold":{"average":{"overall":0.3},"max":{"value":0.6,"when":1767225600},"min":{"value":0.0,"when":1767261600}},"api_dew":{"average":{"overall":0.0},"max":{"value":0.4,"when":1767265200},"min":{"value":0.0,"when":1767225600}},"api_foggy":{"average":{"overall":0.0},"max":{"value":0.3,"when":1767225600},"min":{"value":0.0,"when":1767236400}},"api_frost_grass":{"average":{"overall":0.4},"max":{"value":0.6,"when":1767236400},"min":{"value":0.0,"when":1767265200}},"api_frost_ground":{"average":{"overall":0.3},"max":{"value":0.6,"when":1767236400},"min":{"value":0.0,"when":1767261600}},"api_hot":{"average":{"overall":0.0},"max":{"value":0.0,"when":1767225600},"min":{"value":0.0,"when":1767225600}},"api_rainy":{"average":{"overall":0.0},"max":{"value":0.4,"when":1767330000},"min":{"value":0.0,"when":1767225600}},"api_snowy":{"average":{"overall":0.0},"max":{"value":0.1,"when":1767326400},"min":{"value":0.0,"when":1767225600}},"api_stormy":{"average":{"overall":0.0},"max":{"value":0.0,"when":1767225600},"min":{"value":0.0,"when":1767225600}},"api_thundery":{"average":{"overall":0.0},"max":{"value":0.0,"when":1767225600},"min":{"value":0.0,"when":1767225600}},"aq_uv_index_clear_sky":{"average":{"overall":0},"max":{"value":1,"when":1767268800},"min":{"value":0,"when":1767225600}},"cloudbase":{"average":{"overall":997},"max":{"value":1642,"when":1767355200},"min":{"value":721,"when":1767236400}},"dewpoint":{"average":{"overall":0.5},"max":{"value":4.2,"when":1767268800},"min":{"value":-4.6,"when":1767225600}},"ecowitt_gateway_inTemp":{"average":{"overall":19.9},"max":{"value":22.1,"when":1767344400},"min":{"value":16.3,"when":1767225600}},"ecowitt_gateway_pressure":{"average":{"overall":1015},"max":{"value":1026,"when":1767225600},"min":{"value":1010,"when":1767330000}},"ecowitt_wh31_hall_inTemp":{"average":{"overall":10.1},"max":{"value":11.4,"when":1767355200},"min":{"value":7.4,"when":1767225600}},"ecowitt_wh31_patio_outTemp":{"average":{"overall":2.7},"max":{"value":6.7,"when":1767272400},"min":{"value":-1.8,"when":1767225600}},"ecowitt_wh51_patio_outGroundHumidity":{"average":{"overall":18.9},"max":{"value":21.0,"when":1767333600},"min":{"value":13.0,"when":1767225600}},"ecowitt_wittboy_outTemp":{"average":{"overall":2.2},"max":{"value":7.0,"when":1767272400},"min":{"value":-3.4,"when":1767225600}},"ecowitt_wittboy_rain_day":{"average":{"overall":0.398397},"max":{"value":1.599997,"when":1767340800},"min":{"value":0.0,"when":1767225600}},"ecowitt_wittboy_rain_event":{"average":{"overall":0.398397},"max":{"value":1.599997,"when":1767340800},"min":{"value":0.0,"when":1767225600}},"ecowitt_wittboy_rain_rate":{"average":{"overall":0.071154},"max":{"value":2.999994,"when":1767333600},"min":{"value":0.0,"when":1767225600}},"ecowitt_wittboy_uvi":{"average":{"overall":0.0},"max":{"value":1.0,"when":1767268800},"min":{"value":0.0,"when":1767225600}},"ecowitt_wittboy_windDir":{"average":{"overall":204},"max":{"value":340,"when":1767268800},"min":{"value":40,"when":1767322800}},"ecowitt_wittboy_windGust":{"average":{"overall":9.3},"max":{"value":21.1,"when":1767276000},"min":{"value":5.5,"when":1767240000}},"ecowitt_wittboy_windSpeed":{"average":{"overall":7.3},"max":{"value":16.6,"when":1767348000},"min":{"value":2.5,"when":1767247200}},"ecowitt_wn34_shed_groundTemperature":{"average":{"overall":2.6},"max":{"value":3.4,"when":1767312000},"min":{"value":1.3,"when":1767243600}},"feelslike":{"average":{"overall":-1.4},"max":{"value":3.9,"when":1767272400},"min":{"value":-7.6,"when":1767225600}},"inHumidity":{"average":{"overall":53.2},"max":{"value":54.7,"when":1767312000},"min":{"value":52.0,"when":1767225600}},"inTemp":{"average":{"overall":16.1},"max":{"value":22.1,"when":1767340800},"min":{"value":7.4,"when":1767225600}},"lightning_strike_count":{"average":{"overall":0},"max":{"value":1,"when":1767351600},"min":{"value":0,"when":1767225600}},"luminosity":{"average":{"overall":1744},"max":{"value":14118,"when":1767268800},"min":{"value":0,"when":1767225600}},"netatmo_Chitterne_co2":{"average":{"overall":1327},"max":{"value":2170,"when":1767312000},"min":{"value":698,"when":1767276000}},"netatmo_Chitterne_inTemp":{"average":{"overall":15.8},"max":{"value":17.6,"when":1767268800},"min":{"value":14.1,"when":1767240000}},"netatmo_Chitterne_noise":{"average":{"overall":33},"max":{"value":62,"when":1767304800},"min":{"value":31,"when":1767243600}},"netatmo_Chitterne_outTemp":{"average":{"overall":2.5},"max":{"value":6.7,"when":1767276000},"min":{"value":-2.2,"when":1767225600}},"netatmo_Chitterne_pressure":{"average":{"overall":996},"max":{"value":1007,"when":1767225600},"min":{"value":992,"when":1767330000}},"outHumidity":{"average":{"overall":89},"max":{"value":94,"when":1767236400},"min":{"value":79,"when":1767355200}},"outTemp":{"average":{"overall":2.0},"max":{"value":6.7,"when":1767276000},"min":{"value":-3.4,"when":1767225600}},"pressure":{"average":{"overall":1005},"max":{"value":1016,"when":1767225600},"min":{"value":1002,"when":1767290400}},"rain":{"average":{"overall":0.044872},"max":{"value":6.999986,"when":1767333600},"min":{"value":0.0,"when":1767225600}},"rainRate":{"average":{"overall":0.564101},"max":{"value":27.999944,"when":1767333600},"min":{"value":0.0,"when":1767225600}},"rain_total":{"average":{"overall":0.14565},"max":{"value":0.599999,"when":1767337200},"min":{"value":0.0,"when":1767225600}},"vpd":{"average":{"overall":0.08},"max":{"value":0.17,