{"charts":{"ET":[[0.24,1.8,6.93],[0.24,2.78,13.7],[0.24,1.33,6.73],[0.23,1.95,7.94]],"api_cold":[[0.0,0.0,0.0],[0.0,0.0,0.0],[0.0,0.0,0.0],[0.0,0.0,0.0]],"api_dew":[[0.0,0.0,0.0],[0.0,0.0,0.3],[0.0,0.0,0.0],[0.0,0.0,0.0]],"api_foggy":[[0.0,0.0,0.0],[0.0,0.0,0.0],[0.0,0.0,0.0],[0.0,0.0,0.0]],"api_frost_grass":[[0.0,0.0,0.0],[0.0,0.0,0.3],[0.0,0.0,0.0],[0.0,0.0,0.0]],"api_frost_ground":[[0.0,0.0,0.0],[0.0,0.0,0.0],[0.0,0.0,0.0],[0.0,0.0,0.0]],"api_hot":[[0.0,0.0,0.0],[0.0,0.0,0.0],[0.0,0.0,0.0],[0.0,0.0,0.0]],"api_rainy":[[0.0,0.0,0.1],[0.0,0.0,0.1],[0.0,0.2,0.7],[0.0,0.0,0.1]],"api_snowy":[[0.0,0.0,0.0],[0.0,0.0,0.0],[0.0,0.0,0.0],[0.0,0.0,0.0]],"api_stormy":[[0.0,0.0,0.0],[0.0,0.0,0.0],[0.0,0.0,0.0],[0.0,0.0,0.0]],"api_thundery":[[0.0,0.0,0.0],[0.0,0.0,0.0],[0.0,0.0,0.0],[0.0,0.0,0.0]],"aq_uv_index_clear_sky":[[0,1,4],[0,1,4],[0,1,4],[0,1,4]],"cloudbase":[[1021,1747,3136],[1017,2538,4377],[749,1403,1911],[847,1510,2412]],"dateTime":[1774998000,1775084400,1775170800,1775257200],"dewpoint":[[6.0,7.4,9.3],[-0.7,4.1,8.3],[3.3,8.7,12.0],[4.3,7.8,10.6]],"ecowitt_gateway_inTemp":[[21.1,22.2,23.6],[20.8,22.3,26.7],[20.5,22.3,24.0],[20.7,22.5,24.3]],"ecowitt_gateway_pressure":[[1025,1029,1035],[1022,1025,1027],[1015,1017,1022],[1014,1020,1022]],"ecowitt_wh31_hall_inTemp":[[16.6,16.8,17.1],[12.7,15.4,16.6],[15.2,16.6,17.5],[16.3,17.2,18.8]],"ecowitt_wh31_patio_outTemp":[[9.8,11.7,14.6],[4.4,10.8,15.8],[8.6,11.8,15.2],[8.8,11.4,14.3]],"ecowitt_wh51_patio_outGroundHumidity":[[9.0,10.3,11.0],[8.0,8.9,10.3],[8.0,8.5,9.0],[8.0,8.5,9.0]],"ecowitt_wittboy_outTemp":[[8.0,10.4,13.7],[1.5,8.9,14.9],[6.7,11.1,14.7],[6.5,10.3,14.1]],"ecowitt_wittboy_rain_day":[[0.0,0.0,0.0],[0.0,0.0,0.0],[0.0,0.060764,0.1],[0.0,0.0,0.0]],"ecowitt_wittboy_rain_event":[[0.0,0.0,0.0],[0.0,0.0,0.0],[0.0,0.006944,0.1],[0.0,0.0,0.0]],"ecowitt_wittboy_rain_rate":[[0.0,0.0,0.0],[0.0,0.0,0.0],[0.0,0.00625,0.599999],[0.0,0.0,0.0]],"ecowitt_wittboy_uvi":[[0.0,0.5,3.0],[0.0,1.0,6.0],[0.0,0.3,3.0],[0.0,0.8,5.0]],"ecowitt_wittboy_windDir":[[2,230,346],[60,223,358],[1,218,358],[6,185,358]],"ecowitt_wittboy_windGust":[[5.0,9.2,17.6],[5.5,10.9,25.7],[5.0,10.9,20.6],[5.0,12.3,32.7]],"ecowitt_wittboy_windSpeed":[[4.0,7.6,16.1],[3.5,9.0,21.1],[3.5,7.9,17.6],[2.5,9.2,24.7]],"ecowitt_wn34_shed_groundTemperature":[[12.2,13.0,14.0],[10.6,12.8,14.5],[11.9,12.8,13.7],[11.5,12.3,13.1]],"feelslike":[[4.4,8.1,10.6],[-3.3,5.6,12.5],[4.0,9.2,13.4],[2.6,8.1,11.2]],"inHumidity":[[51.3,53.1,55.0],[47.3,50.3,53.7],[50.0,53.1,57.1],[55.1,56.4,58.0]],"inTemp":[[21.2,22.3,23.6],[20.9,22.4,26.7],[20.5,22.4,23.9],[20.9,22.5,24.3]],"lightning_strike_count":[[0,0,1],[0,0,0],[0,0,0],[0,0,0]],"luminosity":[[0,9142,44284],[0,14347,88003],[0,6540,48627],[0,11492,63043]],"netatmo_Chitterne_co2":[[515,1200,2217],[495,1102,2071],[423,1101,1975],[676,1321,2054]],"netatmo_Chitterne_inTemp":[[20.5,21.2,22.2],[18.9,21.1,21.9],[19.4,20.7,21.6],[20.2,20.8,21.2]],"netatmo_Chitterne_noise":[[32,35,66],[32,35,70],[32,35,68],[32,34,63]],"netatmo_Chitterne_outTemp":[[9.7,11.6,14.6],[4.3,10.8,15.7],[8.5,11.7,15.1],[8.7,11.3,14.2]],"netatmo_Chitterne_pressure":[[1007,1012,1017],[1004,1007,1009],[997,999,1004],[996,1002,1004]],"outHumidity":[[63,80,89],[51,71,90],[77,84,93],[72,83,92]],"outTemp":[[8.0,10.7,14.3],[1.4,9.3,15.3],[6.7,11.3,15.0],[6.5,10.5,14.1]],"pressure":[[1016,1021,1033],[1013,1016,1026],[1006,1008,1019],[1006,1011,1023]],"rain":[[0.0,0.0,0.0],[0.0,0.0,0.0],[0.0,0.010417,2.999994],[0.0,0.0,0.0]],"rainRate":[[0.0,0.0,0.0],[0.0,0.0,0.0],[0.0,0.152777,11.999976],[0.0,0.0,0.0]],"rain_total":[[0.0,0.002778,0.799998],[0.0,0.0,0.0],[0.0,0.144444,0.2],[0.0,0.00101,0.2]],"vpd":[[0.1,0.27,0.61],[0.07,0.38,0.81],[0.07,0.21,0.34],[0.1,0.23,0.44]],"windrun":[[0.34,0.63,1.34],[0.32,0.75,1.76],[0.29,0.66,1.47],[0.34,0.77,2.06]]},"on_this_day":{"ET":{"average":{"overall":1.96},"max":{"value":13.7,"when":1775134800},"min":{"value":0.23,"when":1775260800}},"api_cold":{"average":{"overall":0.0},"max":{"value":0.0,"when":1774998000},"min":{"value":0.0,"when":1774998000}},"api_dew":{"average":{"overall":0.0},"max":{"value":0.3,"when":1775098800},"min":{"value":0.0,"when":1774998000}},"api_foggy":{"average":{"overall":0.0},"max":{"value":0.0,"when":1774998000},"min":{"value":0.0,"when":1774998000}},"api_frost_grass":{"average":{"overall":0.0},"max":{"value":0.3,"when":1775102400},"min":{"value":0.0,"when":1774998000}},"api_frost_ground":{"average":{"overall":0.0},"max":{"value":0.0,"when":1774998000},"min":{"value":0.0,"when":1774998000}},"api_hot":{"average":{"overall":0.0},"max":{"value":0.0,"when":1774998000},"min":{"value":0.0,"when":1774998000}},"api_rainy":{"average":{"overall":0.1},"max":{"value":0.7,"when":1775185200},"min":{"value":0.0,"when":1774998000}},"api_snowy":{"average":{"overall":0.0},"max":{"value":0.0,"when":1774998000},"min":{"value":0.0,"when":1774998000}},"api_stormy":{"average":{"overall":0.0},"max":{"value":0.0,"when":1774998000},"min":{"value":0.0,"when":1774998000}},"api_thundery":{"average":{"overall":0.0},"max":{"value":0.0,"when":1774998000},"min":{"value":0.0,"when":1774998000}},"aq_uv_index_clear_sky":{"average":{"overall":1},"max":{"value":4,"when":1775044800},"min":{"value":0,"when":1774998000}},"cloudbase":{"average":{"overall":1799},"max":{"value":4377,"when":1775142000},"min":{"value":749,"when":1775196000}},"dewpoint":{"average":{"overall":7.0},"max":{"value":12.0,"when":1775217600},"min":{"value":-0.7,"when":1775109600}},"ecowitt_gateway_inTemp":{"average":{"overall":22.3},"max":{"value":26.7,"when":1775127600},"min":{"value":20.5,"when":1775174400}},"ecowitt_gateway_pressure":{"average":{"overall":1023},"max":{"value":1035,"when":1774998000},"min":{"value":1014,"when":1775318400}},"ecowitt_wh31_hall_inTemp":{"average":{"overall":16.5},"max":{"value":18.8,"when":1775318400},"min":{"value":12.7,"when":1775113200}},"ecowitt_wh31_patio_outTemp":{"average":{"overall":11.4},"max":{"value":15.8,"when":1775134800},"min":{"value":4.4,"when":1775109600}},"ecowitt_wh51_patio_outGroundHumidity":{"average":{"overall":9.1},"max":{"value":11.0,"when":1774998000},"min":{"value":8.0,"when":1775124000}},"ecowitt_wittboy_outTemp":{"average":{"overall":10.2},"max":{"value":14.9,"when":1775142000},"min":{"value":1.5,"when":1775109600}},"ecowitt_wittboy_rain_day":{"average":{"overall":0.015191},"max":{"value":0.1,"when":1775203200},"min":{"value":0.0,"when":1774998000}},"ecowitt_wittboy_rain_event":{"average":{"overall":0.001736},"max":{"value":0.1,"when":1775203200},"min":{"value":0.0,"when":1774998000}},"ecowitt_wittboy_rain_rate":{"average":{"overall":0.001562},"max":{"value":0.599999,"when":1775203200},"min":{"value":0.0,"when":1774998000}},"ecowitt_wittboy_uvi":{"average":{"overall":0.7},"max":{"value":6.0,"when":1775127600},"min":{"value":0.0,"when":1774998000}},"ecowitt_wittboy_windDir":{"average":{"overall":214},"max":{"value":358,"when":1775113200},"min":{"value":1,"when":1775188800}},"ecowitt_wittboy_windGust":{"average":{"overall":10.9},"max":{"value":32.7,"when":1775311200},"min":{"value":5.0,"when":1775052000}},"ecowitt_wittboy_windSpeed":{"average":{"overall":8.4},"max":{"value":24.7,"when":1775318400},"min":{"value":2.5,"when":1775311200}},"ecowitt_wn34_shed_groundTemperature":{"average":{"overall":12.7},"max":{"value":14.5,"when":1775152800},"min":{"value":10.6,"when":1775113200}},"feelslike":{"average":{"overall":7.8},"max":{"value":13.4,"when":1775217600},"min":{"value":-3.3,"when":1775109600}},"inHumidity":{"average":{"overall":53.2},"max":{"value":58.0,"when":1775268000},"min":{"value":47.3,"when":1775138400}},"inTemp":{"average":{"overall":22.4},"max":{"value":26.7,"when":1775127600},"min":{"value":20.5,"when":1775174400}},"lightning_strike_count":{"average":{"overall":0},"max":{"value":1,"when":1775012400},"min":{"value":0,"when":1774998000}},"luminosity":{"average":{"overall":10380},"max":{"value":88003,"when":1775134800},"min":{"value":0,"when":1774998000}},"netatmo_Chitterne_co2":{"average":{"overall":1181},