{"charts":{"ET":[[0.15,0.18,0.21],[0.16,0.21,0.27],[0.2,0.22,0.25],[0.16,0.21,0.27],[0.19,0.21,0.23]],"api_cold":[[0.0,0.0,0.0],[0.0,0.0,0.0],[0.0,0.0,0.0],[0.0,0.0,0.0],[0.0,0.0,0.0]],"api_dew":[[0.0,0.0,0.0],[0.0,0.0,0.0],[0.0,0.0,0.1],[0.0,0.1,0.1],[0.0,0.0,0.0]],"api_foggy":[[0.0,0.0,0.0],[0.1,0.2,0.3],[0.1,0.1,0.1],[0.0,0.0,0.1],[0.1,0.1,0.1]],"api_frost_grass":[[0.0,0.0,0.0],[0.0,0.0,0.0],[0.0,0.0,0.0],[0.0,0.0,0.0],[0.0,0.0,0.0]],"api_frost_ground":[[0.0,0.0,0.0],[0.0,0.0,0.0],[0.0,0.0,0.0],[0.0,0.0,0.0],[0.0,0.0,0.0]],"api_hot":[[0.0,0.0,0.0],[0.0,0.0,0.0],[0.0,0.0,0.0],[0.0,0.0,0.0],[0.0,0.0,0.0]],"api_rainy":[[0.0,0.0,0.0],[0.0,0.0,0.0],[0.0,0.0,0.0],[0.0,0.0,0.0],[0.0,0.0,0.0]],"api_snowy":[[0.0,0.0,0.0],[0.0,0.0,0.0],[0.0,0.0,0.0],[0.0,0.0,0.0],[0.0,0.0,0.0]],"api_stormy":[[0.0,0.0,0.0],[0.0,0.0,0.0],[0.0,0.0,0.0],[0.0,0.0,0.0],[0.0,0.0,0.0]],"api_thundery":[[0.0,0.0,0.0],[0.0,0.0,0.0],[0.0,0.0,0.0],[0.0,0.0,0.0],[0.0,0.0,0.0]],"aq_uv_index_clear_sky":[[0,0,0],[0,0,0],[0,0,0],[0,0,0],[0,0,0]],"cloudbase":[[704,745,766],[756,801,837],[782,823,866],[789,869,912],[834,861,909]],"dateTime":[1770508800,1770512400,1770516000,1770519600,1770523200],"dewpoint":[[6.8,7.0,7.2],[5.3,6.0,7.0],[3.8,4.5,5.3],[2.3,2.7,3.4],[2.4,2.4,2.5]],"ecowitt_gateway_inTemp":[[20.6,20.6,20.6],[20.6,20.7,20.8],[20.9,21.0,21.3],[21.3,21.5,21.8],[21.9,21.9,22.0]],"ecowitt_gateway_pressure":[[1003,1004,1004],[1004,1004,1004],[1004,1005,1005],[1005,1005,1005],[1005,1005,1005]],"ecowitt_wh31_hall_inTemp":[[15.3,15.4,15.5],[15.1,15.2,15.3],[14.9,15.0,15.1],[14.7,14.8,14.9],[14.6,14.6,14.7]],"ecowitt_wh31_patio_outTemp":[[8.9,9.1,9.2],[7.8,8.4,9.0],[6.8,7.3,7.8],[6.0,6.2,6.8],[6.0,6.0,6.0]],"ecowitt_wh51_patio_outGroundHumidity":[[57.0,57.3,58.0],[57.0,57.5,58.0],[57.0,57.1,57.7],[57.0,57.3,58.0],[57.0,57.0,57.0]],"ecowitt_wittboy_outTemp":[[7.6,7.9,8.1],[6.2,6.9,7.6],[4.5,5.4,6.2],[3.2,3.6,4.4],[3.2,3.3,3.3]],"ecowitt_wittboy_rain_day":[[0.0,0.0,0.0],[0.0,0.0,0.0],[0.0,0.0,0.0],[0.0,0.0,0.0],[0.0,0.0,0.0]],"ecowitt_wittboy_rain_event":[[26.799997,26.799997,26.799997],[26.799997,26.799997,26.799997],[26.799997,26.799997,26.799997],[26.799997,26.799997,26.799997],[26.799997,26.799997,26.799997]],"ecowitt_wittboy_rain_rate":[[0.0,0.0,0.0],[0.0,0.0,0.0],[0.0,0.0,0.0],[0.0,0.0,0.0],[0.0,0.0,0.0]],"ecowitt_wittboy_uvi":[[0.0,0.0,0.0],[0.0,0.0,0.0],[0.0,0.0,0.0],[0.0,0.0,0.0],[0.0,0.0,0.0]],"ecowitt_wittboy_windDir":[[188,202,220],[175,198,219],[182,192,209],[179,198,212],[191,196,199]],"ecowitt_wittboy_windGust":[[7.5,8.7,11.1],[6.5,9.5,11.6],[7.5,9.7,11.1],[7.0,8.6,11.1],[9.1,9.6,10.1]],"ecowitt_wittboy_windSpeed":[[5.0,7.0,8.6],[5.0,7.8,10.1],[6.5,8.5,10.1],[4.5,6.9,10.1],[7.5,8.1,8.6]],"ecowitt_wn34_shed_groundTemperature":[[9.5,9.6,9.7],[9.3,9.5,9.7],[9.1,9.3,9.5],[8.9,9.1,9.2],[8.9,9.0,9.2]],"feelslike":[[5.2,5.7,6.3],[3.1,4.5,6.2],[1.6,2.6,3.5],[0.0,0.7,1.6],[0.2,0.4,0.5]],"inHumidity":[[64.3,64.7,65.2],[64.6,65.0,65.3],[64.3,64.3,64.6],[64.0,64.0,64.3],[64.0,64.0,64.0]],"inTemp":[[20.6,20.6,20.6],[20.6,20.7,20.8],[20.9,21.0,21.3],[21.3,21.5,21.8],[21.9,21.9,22.0]],"lightning_strike_count":[[0,0,0],[0,0,0],[0,0,0],[0,0,0],[0,0,0]],"luminosity":[[0,0,0],[0,0,0],[0,0,0],[0,0,0],[0,0,0]],"netatmo_Chitterne_co2":[[1989,2001,2030],[1892,1953,1998],[1722,1792,1890],[1550,1643,1738],[1524,1539,1565]],"netatmo_Chitterne_inTemp":[[19.7,19.7,19.8],[19.6,19.7,19.7],[19.6,19.6,19.7],[19.5,19.6,19.6],[19.5,19.5,19.6]],"netatmo_Chitterne_noise":[[32,32,32],[32,33,42],[32,32,34],[32,32,33],[32,32,32]],"netatmo_Chitterne_outTemp":[[8.8,8.8,8.9],[7.8,8.3,8.8],[6.7,7.3,7.7],[5.8,6.1,6.7],[5.7,5.8,5.8]],"netatmo_Chitterne_pressure":[[985,986,986],[986,986,986],[986,987,987],[987,987,987],[987,987,987]],"outHumidity":[[94,94,94],[93,93,94],[92,93,93],[92,92,92],[92,92,92]],"outTemp":[[7.6,7.9,8.1],[6.2,6.9,7.6],[4.6,5.4,6.2],[3.2,3.6,4.4],[3.2,3.3,3.3]],"pressure":[[996,996,996],[996,996,996],[996,996,996],[996,996,996],[996,996,996]],"rain":[[0.0,0.0,0.0],[0.0,0.0,0.0],[0.0,0.0,0.0],[0.0,0.0,0.0],[0.0,0.0,0.0]],"rainRate":[[0.0,0.0,0.0],[0.0,0.0,0.0],[0.0,0.0,0.0],[0.0,0.0,0.0],[0.0,0.0,0.0]],"rain_total":[[0.0,0.291666,3.499993],[0.0,0.0,0.0],[0.0,0.0,0.0],[0.0,0.0,0.0],[0.0,0.0,0.0]],"vpd":[[0.07,0.07,0.07],[0.07,0.07,0.1],[0.07,0.07,0.07],[0.03,0.06,0.07],[0.07,0.07,0.07]],"windrun":[[0.42,0.59,0.71],[0.42,0.65,0.84],[0.55,0.71,0.84],[0.38,0.58,0.84],[0.63,0.67,0.71]]},"on_this_day":{"ET":{"average":{"overall":0.21},"max":{"value":0.27,"when":1770512400},"min":{"value":0.15,"when":1770508800}},"api_cold":{"average":{"overall":0.0},"max":{"value":0.0,"when":1770508800},"min":{"value":0.0,"when":1770508800}},"api_dew":{"average":{"overall":0.0},"max":{"value":0.1,"when":1770516000},"min":{"value":0.0,"when":1770508800}},"api_foggy":{"average":{"overall":0.1},"max":{"value":0.3,"when":1770512400},"min":{"value":0.0,"when":1770508800}},"api_frost_grass":{"average":{"overall":0.0},"max":{"value":0.0,"when":1770508800},"min":{"value":0.0,"when":1770508800}},"api_frost_ground":{"average":{"overall":0.0},"max":{"value":0.0,"when":1770508800},"min":{"value":0.0,"when":1770508800}},"api_hot":{"average":{"overall":0.0},"max":{"value":0.0,"when":1770508800},"min":{"value":0.0,"when":1770508800}},"api_rainy":{"average":{"overall":0.0},"max":{"value":0.0,"when":1770508800},"min":{"value":0.0,"when":1770508800}},"api_snowy":{"average":{"overall":0.0},"max":{"value":0.0,"when":1770508800},"min":{"value":0.0,"when":1770508800}},"api_stormy":{"average":{"overall":0.0},"max":{"value":0.0,"when":1770508800},"min":{"value":0.0,"when":1770508800}},"api_thundery":{"average":{"overall":0.0},"max":{"value":0.0,"when":1770508800},"min":{"value":0.0,"when":1770508800}},"aq_uv_index_clear_sky":{"average":{"overall":0},"max":{"value":0,"when":1770508800},"min":{"value":0,"when":1770508800}},"cloudbase":{"average":{"overall":820},"max":{"value":912,"when":1770519600},"min":{"value":704,"when":1770508800}},"dewpoint":{"average":{"overall":4.5},"max":{"value":7.2,"when":1770508800},"min":{"value":2.3,"when":1770519600}},"ecowitt_gateway_inTemp":{"average":{"overall":21.2},"max":{"value":22.0,"when":1770523200},"min":{"value":20.6,"when":1770508800}},"ecowitt_gateway_pressure":{"average":{"overall":1005},"max":{"value":1005,"when":1770519600},"min":{"value":1003,"when":1770508800}},"ecowitt_wh31_hall_inTemp":{"average":{"overall":15.0},"max":{"value":15.5,"when":1770508800},"min":{"value":14.6,"when":1770523200}},"ecowitt_wh31_patio_outTemp":{"average":{"overall":7.4},"max":{"value":9.2,"when":1770508800},"min":{"value":6.0,"when":1770519600}},"ecowitt_wh51_patio_outGroundHumidity":{"average":{"overall":57.2},"max":{"value":58.0,"when":1770508800},"min":{"value":57.0,"when":1770508800}},"ecowitt_wittboy_outTemp":{"average":{"overall":5.4},"max":{"value":8.1,"when":1770508800},"min":{"value":3.2,"when":1770519600}},"ecowitt_wittboy_rain_day":{"average":{"overall":0.0},"max":{"value":0.0,"when":1770508800},"min":{"value":0.0,"when":1770508800}},"ecowitt_wittboy_rain_event":{"average":{"overall":26.799997},"max":{"value":26.799997,"when":1770508800},"min":{"value":26.799997,"when":1770508800}},"ecowitt_wittboy_rain_rate":{"average":{"overall":0.0},"max":{"value":0.0,"when":1770508800},"min":{"value":0.0,"when":1770508800}},"ecowitt_wittboy_uvi":{"average":{"overall":0.0},"max":{"value":0.0,"when":1770508800},"min":{"value":0.0,"when":1770508800}},"ecowitt_wittboy_windDir":{"average":{"overall":197},"max":{"value":220,"when":1770508800},"min":{"value":175,"when":1770512400}},"ecowitt_wittboy_windGust":{"average":{"overall":9.2},"max":{"value":11.6,"when":1770512400},"min":{"value":6.5,"when":1770512400}},"ecowitt_wittboy_windSpeed":{"average":{"overall":7.7},"max":{"value":10.1,"when":1770512400},"min":{"value":4.5,"when":1770519600}},"ecowitt_wn34_shed_groundTemperature":{"average":{"overall":9.3},"max":{"value":9.7,"when":1770508800},"min":{"value":8.9,"when":1770519600}},"feelslike":{"average":{"overall":2.8},