{"charts":{"ET":[[0.46,3.31,13.76],[0.28,2.84,12.99],[0.31,0.34,0.38]],"api_cold":[[0.0,0.0,0.0],[0.0,0.0,0.0],[0.0,0.0,0.0]],"api_dew":[[0.0,0.0,0.0],[0.0,0.0,0.0],[0.0,0.0,0.0]],"api_foggy":[[0.0,0.0,0.1],[0.0,0.1,0.4],[0.3,0.3,0.3]],"api_frost_grass":[[0.0,0.0,0.0],[0.0,0.0,0.0],[0.0,0.0,0.0]],"api_frost_ground":[[0.0,0.0,0.0],[0.0,0.0,0.0],[0.0,0.0,0.0]],"api_hot":[[0.0,0.0,0.0],[0.0,0.0,0.0],[0.0,0.0,0.0]],"api_rainy":[[0.0,0.0,0.1],[0.0,0.2,0.9],[0.0,0.0,0.0]],"api_snowy":[[0.0,0.0,0.0],[0.0,0.0,0.0],[0.0,0.0,0.0]],"api_stormy":[[0.0,0.0,0.0],[0.0,0.0,0.0],[0.0,0.0,0.0]],"api_thundery":[[0.0,0.0,0.0],[0.0,0.0,0.0],[0.0,0.0,0.0]],"aq_uv_index_clear_sky":[[0,1,5],[0,1,5],[0,0,0]],"cloudbase":[[1326,2696,4083],[918,2083,4848],[917,918,918]],"dateTime":[1777590000,1777676400,1777762800],"dewpoint":[[1.4,8.4,14.7],[1.1,8.5,13.1],[11.3,11.3,11.3]],"ecowitt_gateway_inTemp":[[17.0,19.6,21.5],[17.2,19.8,22.1],[19.6,19.7,19.8]],"ecowitt_gateway_pressure":[[1023,1024,1025],[1015,1020,1025],[1015,1015,1015]],"ecowitt_wh31_hall_inTemp":[[15.1,16.4,17.6],[14.5,16.0,17.2],[16.9,17.0,17.0]],"ecowitt_wh31_patio_outTemp":[[8.3,15.3,21.7],[7.0,14.0,21.0],[13.7,13.7,13.8]],"ecowitt_wh51_patio_outGroundHumidity":[[20.0,20.8,21.0],[20.0,20.1,21.0],[20.0,20.0,20.0]],"ecowitt_wittboy_outTemp":[[5.2,13.3,20.9],[3.6,11.5,19.7],[11.7,11.7,11.8]],"ecowitt_wittboy_rain_day":[[0.0,0.0,0.0],[0.0,1.210288,3.699993],[0.0,0.369999,3.699993]],"ecowitt_wittboy_rain_event":[[0.0,0.0,0.0],[0.0,1.210288,3.699993],[3.699993,3.699993,3.699993]],"ecowitt_wittboy_rain_rate":[[0.0,0.0,0.0],[0.0,0.18428,3.599993],[0.0,0.0,0.0]],"ecowitt_wittboy_uvi":[[0.0,0.9,8.0],[0.0,0.7,5.0],[0.0,0.0,0.0]],"ecowitt_wittboy_windDir":[[4,211,336],[14,206,359],[193,207,218]],"ecowitt_wittboy_windGust":[[5.8,11.5,25.4],[6.5,12.3,27.6],[8.0,9.4,10.9]],"ecowitt_wittboy_windSpeed":[[4.4,9.9,24.7],[3.6,10.7,23.3],[7.3,8.6,9.4]],"ecowitt_wn34_shed_groundTemperature":[[12.7,15.9,18.2],[11.6,15.2,17.9],[15.8,16.0,16.1]],"feelslike":[[-1.4,11.9,21.7],[-1.4,10.2,21.0],[10.6,10.9,11.1]],"inHumidity":[[47.3,50.1,56.5],[50.8,52.9,58.5],[58.0,58.1,58.4]],"inTemp":[[16.8,21.6,22.6],[16.1,21.5,23.1],[18.2,18.3,18.4]],"lightning_strike_count":[[0,0,0],[0,0,0],[0,0,0]],"luminosity":[[0,13583,81550],[0,12743,69592],[0,0,0]],"netatmo_Chitterne_co2":[[442,1030,1834],[475,1087,1810],[null,null,null]],"netatmo_Chitterne_inTemp":[[20.6,21.8,22.6],[20.7,21.9,23.1],[null,null,null]],"netatmo_Chitterne_noise":[[32,36,64],[32,35,65],[null,null,null]],"netatmo_Chitterne_outTemp":[[8.1,15.3,21.9],[6.9,14.0,21.4],[null,null,null]],"netatmo_Chitterne_pressure":[[1005,1006,1007],[998,1003,1007],[null,null,null]],"outHumidity":[[55,69,85],[50,77,91],[91,91,91]],"outTemp":[[5.2,14.1,21.9],[3.6,12.6,21.4],[12.7,12.7,12.8]],"pressure":[[1016,1016,1026],[1006,1012,1023],[1016,1016,1016]],"rain":[[0.0,0.0,0.0],[0.0,0.199035,13.999972],[null,null,null]],"rainRate":[[0.0,0.0,0.0],[0.0,2.145198,71.999856],[0.0,0.0,0.0]],"rain_total":[[0.0,0.0,0.0],[0.0,0.707501,2.699995],[null,null,null]],"vpd":[[0.17,0.56,1.05],[0.1,0.41,1.25],[0.14,0.14,0.14]],"windrun":[[0.36,0.82,2.06],[0.3,0.89,1.94],[0.61,0.72,0.79]]},"on_this_day":{"ET":{"average":{"overall":2.16},"max":{"value":13.76,"when":1777644000},"min":{"value":0.28,"when":1777752000}},"api_cold":{"average":{"overall":0.0},"max":{"value":0.0,"when":1777590000},"min":{"value":0.0,"when":1777590000}},"api_dew":{"average":{"overall":0.0},"max":{"value":0.0,"when":1777590000},"min":{"value":0.0,"when":1777590000}},"api_foggy":{"average":{"overall":0.1},"max":{"value":0.4,"when":1777759200},"min":{"value":0.0,"when":1777590000}},"api_frost_grass":{"average":{"overall":0.0},"max":{"value":0.0,"when":1777590000},"min":{"value":0.0,"when":1777590000}},"api_frost_ground":{"average":{"overall":0.0},"max":{"value":0.0,"when":1777590000},"min":{"value":0.0,"when":1777590000}},"api_hot":{"average":{"overall":0.0},"max":{"value":0.0,"when":1777590000},"min":{"value":0.0,"when":1777590000}},"api_rainy":{"average":{"overall":0.1},"max":{"value":0.9,"when":1777734000},"min":{"value":0.0,"when":1777590000}},"api_snowy":{"average":{"overall":0.0},"max":{"value":0.0,"when":1777590000},"min":{"value":0.0,"when":1777590000}},"api_stormy":{"average":{"overall":0.0},"max":{"value":0.0,"when":1777590000},"min":{"value":0.0,"when":1777590000}},"api_thundery":{"average":{"overall":0.0},"max":{"value":0.0,"when":1777590000},"min":{"value":0.0,"when":1777590000}},"aq_uv_index_clear_sky":{"average":{"overall":1},"max":{"value":5,"when":1777636800},"min":{"value":0,"when":1777590000}},"cloudbase":{"average":{"overall":1899},"max":{"value":4848,"when":1777723200},"min":{"value":917,"when":1777762800}},"dewpoint":{"average":{"overall":9.4},"max":{"value":14.7,"when":1777636800},"min":{"value":1.1,"when":1777687200}},"ecowitt_gateway_inTemp":{"average":{"overall":19.7},"max":{"value":22.1,"when":1777712400},"min":{"value":17.0,"when":1777611600}},"ecowitt_gateway_pressure":{"average":{"overall":1019},"max":{"value":1025,"when":1777669200},"min":{"value":1015,"when":1777759200}},"ecowitt_wh31_hall_inTemp":{"average":{"overall":16.5},"max":{"value":17.6,"when":1777662000},"min":{"value":14.5,"when":1777698000}},"ecowitt_wh31_patio_outTemp":{"average":{"overall":14.3},"max":{"value":21.7,"when":1777633200},"min":{"value":7.0,"when":1777687200}},"ecowitt_wh51_patio_outGroundHumidity":{"average":{"overall":20.3},"max":{"value":21.0,"when":1777590000},"min":{"value":20.0,"when":1777654800}},"ecowitt_wittboy_outTemp":{"average":{"overall":12.2},"max":{"value":20.9,"when":1777633200},"min":{"value":3.6,"when":1777687200}},"ecowitt_wittboy_rain_day":{"average":{"overall":0.526762},"max":{"value":3.699993,"when":1777737600},"min":{"value":0.0,"when":1777590000}},"ecowitt_wittboy_rain_event":{"average":{"overall":1.63676},"max":{"value":3.699993,"when":1777737600},"min":{"value":0.0,"when":1777590000}},"ecowitt_wittboy_rain_rate":{"average":{"overall":0.061427},"max":{"value":3.599993,"when":1777730400},"min":{"value":0.0,"when":1777590000}},"ecowitt_wittboy_uvi":{"average":{"overall":0.5},"max":{"value":8.0,"when":1777644000},"min":{"value":0.0,"when":1777590000}},"ecowitt_wittboy_windDir":{"average":{"overall":208},"max":{"value":359,"when":1777719600},"min":{"value":4,"when":1777629600}},"ecowitt_wittboy_windGust":{"average":{"overall":11.1},"max":{"value":27.6,"when":1777708800},"min":{"value":5.8,"when":1777626000}},"ecowitt_wittboy_windSpeed":{"average":{"overall":9.7},"max":{"value":24.7,"when":1777611600},"min":{"value":3.6,"when":1777726800}},"ecowitt_wn34_shed_groundTemperature":{"average":{"overall":15.7},"max":{"value":18.2,"when":1777658400},"min":{"value":11.6,"when":1777701600}},"feelslike":{"average":{"overall":11.0},"max":{"value":21.7,"when":1777636800},"min":{"value":-1.4,"when":1777698000}},"inHumidity":{"average":{"overall":53.7},"max":{"value":58.5,"when":1777744800},"min":{"value":47.3,"when":1777590000}},"inTemp":{"average":{"overall":20.5},"max":{"value":23.1,"when":1777737600},"min":{"value":16.1,"when":1777690800}},"lightning_strike_count":{"average":{"overall":0},"max":{"value":0,"when":1777590000},"min":{"value":0,"when":1777590000}},"luminosity":{"average":{"overall":8775},"max":{"value":81550,"when":1777644000},"min":{"value":0,"when":1777590000}},"netatmo_Chitterne_co2":{"average":{"overall":1058},"max":{"value":1834,"when":1777590000},"min":{"value":442,"when":1777647600}},"netatmo_Chitterne_inTemp":{"average":{"overall":21.9},"max":{"value":23.1,"when":1777737600},"min":{"value":20.6,"when":1777615200}},"netatmo_Chitterne_noise":{"average":{"overall":35},"max":{"value":65,"when":1777737600},"min":{"value":32,"when":1777590000}},"netatmo_Chitterne_outTemp":{"average":{"overall":14.7},"max":{"value":21.9,"when":1777633200},"min":{"value":6.9,"when":1777687200}},"netatmo_Chitterne_pressure":{"average":{"overall":1004},"max":{"value":1007,"when":1777626000},"min":{"value":998,"when":1777752000}},