{"charts":{"ET":[[0.02,0.39,2.55],[0.05,0.72,7.04],[0.09,1.59,13.29],[0.22,3.18,17.87]],"api_cold":[[0.0,0.1,1.0],[0.0,0.0,0.4],[0.0,0.0,0.4],[0.0,0.0,0.3]],"api_dew":[[0.0,0.1,0.6],[0.0,0.1,0.6],[0.0,0.0,0.5],[0.0,0.0,0.4]],"api_foggy":[[0.0,0.0,0.6],[0.0,0.0,0.6],[0.0,0.1,0.9],[0.0,0.0,0.3]],"api_frost_grass":[[0.0,0.1,0.6],[0.0,0.0,0.6],[0.0,0.0,0.6],[0.0,0.0,0.4]],"api_frost_ground":[[0.0,0.1,0.6],[0.0,0.0,0.4],[0.0,0.0,0.5],[0.0,0.0,0.3]],"api_hot":[[0.0,0.0,0.0],[0.0,0.0,0.0],[0.0,0.0,0.0],[0.0,0.0,0.0]],"api_rainy":[[0.0,0.2,0.9],[0.0,0.3,0.9],[0.0,0.1,0.9],[0.0,0.1,0.9]],"api_snowy":[[0.0,0.0,0.6],[0.0,0.0,0.6],[0.0,0.0,0.1],[0.0,0.0,0.0]],"api_stormy":[[0.0,0.0,0.1],[0.0,0.0,0.1],[0.0,0.0,0.2],[0.0,0.0,0.1]],"api_thundery":[[0.0,0.0,0.0],[0.0,0.0,0.1],[0.0,0.0,0.0],[0.0,0.0,0.1]],"aq_uv_index_clear_sky":[[0,0,1],[0,0,2],[0,1,4],[0,1,5]],"cloudbase":[[392,863,2278],[453,953,3818],[483,1644,7182],[744,2621,8650]],"dateTime":[1767225600,1769904000,1772323200,1774998000],"dewpoint":[[-11.6,3.4,10.3],[-3.0,6.3,12.6],[-8.1,4.8,12.5],[-8.0,4.7,15.8]],"ecowitt_gateway_inTemp":[[14.5,20.0,24.6],[17.2,21.4,25.8],[17.6,21.5,27.8],[15.2,21.6,27.7]],"ecowitt_gateway_pressure":[[978,1006,1027],[980,1006,1026],[1002,1023,1038],[1006,1024,1035]],"ecowitt_wh31_hall_inTemp":[[4.9,12.9,16.7],[11.9,15.1,18.8],[11.9,15.4,18.3],[11.3,16.0,19.6]],"ecowitt_wh31_patio_outTemp":[[-6.5,5.4,11.7],[1.6,8.4,16.0],[-1.4,9.0,19.9],[-0.9,11.5,25.9]],"ecowitt_wh51_patio_outGroundHumidity":[[12.0,42.4,64.3],[26.0,52.7,61.0],[10.0,25.3,51.7],[0.0,9.6,29.0]],"ecowitt_wittboy_outTemp":[[-9.6,4.7,11.8],[-1.5,7.7,16.2],[-5.2,7.7,20.4],[-4.5,9.6,25.6]],"ecowitt_wittboy_rain_day":[[0.0,2.210668,22.100007],[0.0,1.64361,11.500002],[0.0,0.405752,17.399991],[0.0,0.197534,8.900008]],"ecowitt_wittboy_rain_event":[[0.0,10.635727,54.499993],[0.0,9.062937,41.999992],[0.0,1.319662,20.900009],[0.0,0.569742,9.200007]],"ecowitt_wittboy_rain_rate":[[0.0,0.243285,26.999997],[0.0,0.160924,27.599996],[0.0,0.06155,26.399998],[0.0,0.030994,21.600008]],"ecowitt_wittboy_uvi":[[0.0,0.0,1.0],[0.0,0.1,4.0],[0.0,0.5,6.0],[0.0,1.0,8.0]],"ecowitt_wittboy_windDir":[[1,204,359],[1,209,359],[1,215,359],[1,211,359]],"ecowitt_wittboy_windGust":[[4.5,10.7,36.2],[4.5,11.9,41.8],[4.0,11.3,42.3],[4.4,16.1,64.0]],"ecowitt_wittboy_windSpeed":[[2.5,8.4,29.7],[0.0,9.2,30.2],[0.0,8.9,34.2],[0.0,12.7,52.3]],"ecowitt_wn34_shed_groundTemperature":[[0.0,5.5,9.2],[5.3,8.8,13.1],[6.5,10.5,14.7],[7.0,13.1,20.1]],"feelslike":[[-14.0,1.1,10.2],[-10.2,4.8,15.7],[-10.6,4.8,19.9],[-12.2,6.6,27.0]],"inHumidity":[[48.2,57.5,64.7],[50.3,58.6,65.3],[44.9,53.3,60.5],[42.8,50.3,58.3]],"inTemp":[[4.9,17.7,24.6],[15.3,21.0,25.8],[15.6,21.3,27.8],[15.3,21.8,27.7]],"lightning_strike_count":[[0,0,1],[0,0,1],[0,0,1],[0,0,1]],"luminosity":[[0,1697,21167],[0,3760,49785],[0,8292,76732],[0,15013,105063]],"netatmo_Chitterne_co2":[[385,1229,2404],[346,1092,2206],[358,1012,2196],[407,1140,2486]],"netatmo_Chitterne_inTemp":[[12.5,17.2,20.5],[15.7,19.2,23.0],[16.7,19.8,22.8],[17.5,20.9,25.6]],"netatmo_Chitterne_noise":[[31,34,73],[31,34,77],[31,34,77],[32,35,84]],"netatmo_Chitterne_outTemp":[[-6.7,5.3,11.6],[1.4,8.3,15.9],[-1.7,8.9,19.8],[-1.0,11.4,26.0]],"netatmo_Chitterne_pressure":[[960,988,1007],[963,988,1007],[984,1005,1019],[988,1006,1017]],"outHumidity":[[71,92,99],[56,91,98],[32,82,98],[26,71,94]],"outTemp":[[-9.6,4.6,11.7],[-1.4,7.7,16.1],[-5.2,7.8,20.4],[-4.5,10.1,26.0]],"pressure":[[969,997,1026],[972,997,1026],[992,1014,1036],[996,1015,1033]],"rain":[[0.0,0.430688,67.999966],[0.0,0.343326,30.000016],[0.0,0.065958,35.999928],[0.0,0.03701,33.00001]],"rainRate":[[0.0,5.237234,511.999687],[0.0,4.237626,223.999857],[0.0,0.803594,223.999552],[0.0,0.469202,227.999849]],"rain_total":[[0.0,2.149918,28.099995],[0.0,1.722761,15.299995],[0.0,0.258448,7.60001],[0.0,0.137728,4.399991]],"vpd":[[0.0,0.07,0.24],[0.03,0.1,0.61],[0.03,0.22,1.22],[0.07,0.45,2.07]],"windrun":[[0.29,0.79,4.39],[0.29,0.79,3.56],[0.29,0.75,2.85],[0.27,1.06,4.36]]},"on_this_day":{"ET":{"average":{"overall":1.47},"max":{"value":17.87,"when":1777122000},"min":{"value":0.02,"when":1769497200}},"api_cold":{"average":{"overall":0.0},"max":{"value":1.0,"when":1767650400},"min":{"value":0.0,"when":1767261600}},"api_dew":{"average":{"overall":0.1},"max":{"value":0.6,"when":1769842800},"min":{"value":0.0,"when":1767225600}},"api_foggy":{"average":{"overall":0.0},"max":{"value":0.9,"when":1772953200},"min":{"value":0.0,"when":1767236400}},"api_frost_grass":{"average":{"overall":0.1},"max":{"value":0.6,"when":1767236400},"min":{"value":0.0,"when":1767265200}},"api_frost_ground":{"average":{"overall":0.0},"max":{"value":0.6,"when":1767236400},"min":{"value":0.0,"when":1767261600}},"api_hot":{"average":{"overall":0.0},"max":{"value":0.0,"when":1767225600},"min":{"value":0.0,"when":1767225600}},"api_rainy":{"average":{"overall":0.2},"max":{"value":0.9,"when":1767877200},"min":{"value":0.0,"when":1767225600}},"api_snowy":{"average":{"overall":0.0},"max":{"value":0.6,"when":1767920400},"min":{"value":0.0,"when":1767225600}},"api_stormy":{"average":{"overall":0.0},"max":{"value":0.2,"when":1773352800},"min":{"value":0.0,"when":1767225600}},"api_thundery":{"average":{"overall":0.0},"max":{"value":0.1,"when":1770379200},"min":{"value":0.0,"when":1767225600}},"aq_uv_index_clear_sky":{"average":{"overall":1},"max":{"value":5,"when":1777032000},"min":{"value":0,"when":1767225600}},"cloudbase":{"average":{"overall":1520},"max":{"value":8650,"when":1777129200},"min":{"value":392,"when":1769497200}},"dewpoint":{"average":{"overall":4.8},"max":{"value":15.8,"when":1775656800},"min":{"value":-11.6,"when":1767668400}},"ecowitt_gateway_inTemp":{"average":{"overall":21.1},"max":{"value":27.8,"when":1773482400},"min":{"value":14.5,"when":1767657600}},"ecowitt_gateway_pressure":{"average":{"overall":1015},"max":{"value":1038,"when":1774738800},"min":{"value":978,"when":1767906000}},"ecowitt_wh31_hall_inTemp":{"average":{"overall":14.8},"max":{"value":19.6,"when":1775671200},"min":{"value":4.9,"when":1767668400}},"ecowitt_wh31_patio_outTemp":{"average":{"overall":8.6},"max":{"value":25.9,"when":1775653200},"min":{"value":-6.5,"when":1767675600}},"ecowitt_wh51_patio_outGroundHumidity":{"average":{"overall":32.5},"max":{"value":64.3,"when":1769508000},"min":{"value":0.0,"when":1777129200}},"ecowitt_wittboy_outTemp":{"average":{"overall":7.4},"max":{"value":25.6,"when":1775653200},"min":{"value":-9.6,"when":1767668400}},"ecowitt_wittboy_rain_day":{"average":{"overall":1.114391},"max":{"value":22.100007,"when":1769544000},"min":{"value":0.0,"when":1767225600}},"ecowitt_wittboy_rain_event":{"average":{"overall":5.397017},"max":{"value":54.499993,"when":1769356800},"min":{"value":0.0,"when":1767225600}},"ecowitt_wittboy_rain_rate":{"average":{"overall":0.124188},"max":{"value":27.599996,"when":1770386400},"min":{"value":0.0,"when":1767225600}},"ecowitt_wittboy_uvi":{"average":{"overall":0.4},"max":{"value":8.0,"when":1776517200},"min":{"value":0.0,"when":1767225600}},"ecowitt_wittboy_windDir":{"average":{"overall":209},"max":{"value":359,"when":1768899600},"min":{"value":1,"when":1768240800}},"ecowitt_wittboy_windGust":{"average":{"overall":12.5},"max":{"value":64.0,"when":1776769200},"min":{"value":4.0,"when":1772661600}},"ecowitt_wittboy_windSpeed":{"average":{"overall":9.8},"max":{"value":52.3,"when":1776765600},"min":{"value":0.0,"when":1771884000}},"ecowitt_wn34_shed_groundTemperature":{"average":{"overall":9.5},"max":{"value":20.1,"when":1775667600},"min":{"value":0.0,"when":1767661200}},"feelslike":{"average":{"overall":4.3},"max":{"value":27.0,"when":1775656800},"min":{"value":-14.0,"when":1767668400}},"inHumidity":{"average":{"overall":54.9},"max":{"value":65.3,"when":1770512400},"min":{"value":42.8,"when":1777208400}},"inTemp":{"average":{"overall":20.4},"max":{"value":27.8,"when":1773482400},"min":{"value":4.9,"when":1767668400}},"lightning_strike_count":{"average":{"overall":0},"max":{"value":1,