{"charts":{"ET":[[0.36,0.4,0.45],[0.35,0.4,0.45],[0.29,0.37,0.4],[0.21,0.38,0.49],[0.37,0.43,0.51]],"api_cold":[[0.0,0.0,0.0],[0.0,0.0,0.0],[0.0,0.0,0.0],[0.0,0.0,0.0],[0.0,0.0,0.0]],"api_dew":[[0.0,0.0,0.0],[0.0,0.0,0.0],[0.0,0.0,0.0],[0.0,0.0,0.0],[0.0,0.0,0.0]],"api_foggy":[[0.0,0.0,0.0],[0.0,0.0,0.0],[0.0,0.0,0.0],[0.0,0.1,0.1],[0.1,0.1,0.1]],"api_frost_grass":[[0.0,0.0,0.0],[0.0,0.0,0.0],[0.0,0.0,0.0],[0.0,0.0,0.0],[0.0,0.0,0.0]],"api_frost_ground":[[0.0,0.0,0.0],[0.0,0.0,0.0],[0.0,0.0,0.0],[0.0,0.0,0.0],[0.0,0.0,0.0]],"api_hot":[[0.0,0.0,0.0],[0.0,0.0,0.0],[0.0,0.0,0.0],[0.0,0.0,0.0],[0.0,0.0,0.0]],"api_rainy":[[0.0,0.0,0.3],[0.0,0.0,0.0],[0.0,0.0,0.0],[0.0,0.1,0.1],[0.1,0.1,0.1]],"api_snowy":[[0.0,0.0,0.0],[0.0,0.0,0.0],[0.0,0.0,0.0],[0.0,0.0,0.0],[0.0,0.0,0.0]],"api_stormy":[[0.0,0.0,0.0],[0.0,0.0,0.0],[0.0,0.0,0.0],[0.0,0.0,0.0],[0.0,0.0,0.0]],"api_thundery":[[0.0,0.0,0.0],[0.0,0.0,0.0],[0.0,0.0,0.0],[0.0,0.0,0.0],[0.0,0.0,0.0]],"aq_uv_index_clear_sky":[[0,0,0],[0,0,0],[0,0,0],[0,0,0],[0,0,0]],"cloudbase":[[976,1049,1117],[1030,1121,1172],[1003,1068,1146],[762,991,1094],[956,984,1027]],"dateTime":[1778972400,1778976000,1778979600,1778983200,1778986800],"dewpoint":[[7.4,8.0,8.4],[5.7,6.4,7.4],[5.3,5.5,5.8],[5.1,5.3,5.7],[5.4,5.5,5.7]],"ecowitt_gateway_inTemp":[[17.5,17.7,17.9],[17.0,17.2,17.5],[16.7,16.8,17.0],[16.4,16.5,16.6],[16.2,16.3,16.4]],"ecowitt_gateway_pressure":[[1013,1013,1013],[1013,1013,1013],[1013,1013,1013],[1013,1013,1013],[1013,1013,1013]],"ecowitt_wh31_hall_inTemp":[[14.3,14.3,14.3],[14.2,14.3,14.3],[14.1,14.2,14.2],[14.0,14.0,14.1],[13.9,14.0,14.0]],"ecowitt_wh31_patio_outTemp":[[10.7,11.1,11.3],[9.4,10.0,10.6],[8.8,9.1,9.4],[8.5,8.6,8.8],[8.5,8.6,8.6]],"ecowitt_wh51_patio_outGroundHumidity":[[14.0,14.0,14.0],[14.0,14.0,14.0],[14.0,14.0,14.0],[14.0,14.0,14.0],[14.0,14.0,14.0]],"ecowitt_wittboy_outTemp":[[9.0,9.5,9.8],[7.3,8.0,8.9],[6.7,7.0,7.3],[6.6,6.7,6.8],[6.7,6.8,6.9]],"ecowitt_wittboy_rain_day":[[0.0,0.158333,1.899996],[0.0,0.0,0.0],[0.0,0.0,0.0],[0.0,0.0,0.0],[0.0,0.0,0.0]],"ecowitt_wittboy_rain_event":[[3.999992,3.999992,3.999992],[3.999992,3.999992,3.999992],[3.999992,3.999992,3.999992],[3.999992,3.999992,3.999992],[3.999992,3.999992,3.999992]],"ecowitt_wittboy_rain_rate":[[0.0,0.0,0.0],[0.0,0.0,0.0],[0.0,0.0,0.0],[0.0,0.0,0.0],[0.0,0.0,0.0]],"ecowitt_wittboy_uvi":[[0.0,0.0,0.0],[0.0,0.0,0.0],[0.0,0.0,0.0],[0.0,0.0,0.0],[0.0,0.0,0.0]],"ecowitt_wittboy_windDir":[[182,202,215],[193,207,238],[198,206,227],[68,186,251],[197,211,225]],"ecowitt_wittboy_windGust":[[9.4,10.8,12.4],[8.7,9.9,12.4],[9.4,10.2,10.9],[10.2,15.3,23.3],[18.2,20.6,25.4]],"ecowitt_wittboy_windSpeed":[[8.0,9.8,12.4],[8.0,8.8,10.9],[5.8,8.8,10.2],[6.5,12.3,16.7],[13.8,17.1,22.5]],"ecowitt_wn34_shed_groundTemperature":[[12.5,12.7,12.8],[12.2,12.5,12.8],[11.9,12.1,12.3],[11.4,11.7,11.9],[11.4,11.5,11.6]],"feelslike":[[6.3,7.2,7.7],[4.4,5.5,6.5],[3.5,4.2,5.6],[2.3,3.2,3.8],[1.4,2.8,3.7]],"inHumidity":[[59.0,59.0,59.0],[58.7,58.9,59.0],[59.0,59.0,59.0],[59.0,59.3,60.5],[59.0,59.0,59.0]],"inTemp":[[16.6,16.7,16.8],[16.4,16.5,16.6],[16.2,16.4,16.4],[15.2,16.0,16.2],[16.0,16.1,16.2]],"lightning_strike_count":[[0,0,0],[0,0,0],[0,0,0],[0,0,0],[0,0,0]],"luminosity":[[0,0,0],[0,0,0],[0,0,0],[0,0,0],[0,0,0]],"netatmo_Chitterne_co2":[[2061,2084,2105],[2059,2076,2089],[2038,2059,2091],[1897,1976,2027],[1792,1834,1883]],"netatmo_Chitterne_inTemp":[[18.1,18.1,18.1],[18.1,18.1,18.1],[18.0,18.0,18.1],[17.9,18.0,18.1],[17.8,17.9,18.1]],"netatmo_Chitterne_noise":[[32,33,40],[32,33,37],[32,34,46],[32,32,32],[32,32,32]],"netatmo_Chitterne_outTemp":[[10.8,11.1,11.3],[9.5,10.1,10.7],[8.8,9.1,9.4],[8.4,8.6,8.7],[8.3,8.4,8.5]],"netatmo_Chitterne_pressure":[[995,995,995],[995,995,995],[995,995,995],[995,995,995],[995,995,995]],"outHumidity":[[89,90,90],[88,88,89],[89,89,89],[89,90,93],[90,90,91]],"outTemp":[[9.0,9.5,9.8],[7.3,8.0,8.9],[6.7,7.0,7.3],[6.6,6.7,6.8],[6.7,6.8,6.9]],"pressure":[[1002,1002,1002],[1002,1002,1002],[1002,1002,1002],[1002,1004,1013],[1002,1002,1002]],"rain":[[0.0,0.0,0.0],[0.0,0.0,0.0],[0.0,0.0,0.0],[0.0,0.0,0.0],[0.0,0.0,0.0]],"rainRate":[[0.0,0.0,0.0],[0.0,0.0,0.0],[0.0,0.0,0.0],[0.0,0.0,0.0],[0.0,0.0,0.0]],"rain_total":[[0.0,0.2,2.399995],[0.0,0.0,0.0],[0.0,0.0,0.0],[0.0,0.0,0.0],[0.0,0.0,0.0]],"vpd":[[0.1,0.13,0.14],[0.1,0.13,0.14],[0.1,0.1,0.1],[0.07,0.1,0.1],[0.1,0.1,0.1]],"windrun":[[0.67,0.82,1.03],[0.67,0.73,0.91],[0.49,0.74,0.85],[0.55,1.02,1.39],[1.15,1.42,1.88]]},"on_this_day":{"ET":{"average":{"overall":0.4},"max":{"value":0.51,"when":1778986800},"min":{"value":0.21,"when":1778983200}},"api_cold":{"average":{"overall":0.0},"max":{"value":0.0,"when":1778972400},"min":{"value":0.0,"when":1778972400}},"api_dew":{"average":{"overall":0.0},"max":{"value":0.0,"when":1778972400},"min":{"value":0.0,"when":1778972400}},"api_foggy":{"average":{"overall":0.1},"max":{"value":0.1,"when":1778983200},"min":{"value":0.0,"when":1778972400}},"api_frost_grass":{"average":{"overall":0.0},"max":{"value":0.0,"when":1778972400},"min":{"value":0.0,"when":1778972400}},"api_frost_ground":{"average":{"overall":0.0},"max":{"value":0.0,"when":1778972400},"min":{"value":0.0,"when":1778972400}},"api_hot":{"average":{"overall":0.0},"max":{"value":0.0,"when":1778972400},"min":{"value":0.0,"when":1778972400}},"api_rainy":{"average":{"overall":0.1},"max":{"value":0.3,"when":1778972400},"min":{"value":0.0,"when":1778972400}},"api_snowy":{"average":{"overall":0.0},"max":{"value":0.0,"when":1778972400},"min":{"value":0.0,"when":1778972400}},"api_stormy":{"average":{"overall":0.0},"max":{"value":0.0,"when":1778972400},"min":{"value":0.0,"when":1778972400}},"api_thundery":{"average":{"overall":0.0},"max":{"value":0.0,"when":1778972400},"min":{"value":0.0,"when":1778972400}},"aq_uv_index_clear_sky":{"average":{"overall":0},"max":{"value":0,"when":1778972400},"min":{"value":0,"when":1778972400}},"cloudbase":{"average":{"overall":1043},"max":{"value":1172,"when":1778976000},"min":{"value":762,"when":1778983200}},"dewpoint":{"average":{"overall":6.2},"max":{"value":8.4,"when":1778972400},"min":{"value":5.1,"when":1778983200}},"ecowitt_gateway_inTemp":{"average":{"overall":16.9},"max":{"value":17.9,"when":1778972400},"min":{"value":16.2,"when":1778986800}},"ecowitt_gateway_pressure":{"average":{"overall":1013},"max":{"value":1013,"when":1778972400},"min":{"value":1013,"when":1778972400}},"ecowitt_wh31_hall_inTemp":{"average":{"overall":14.2},"max":{"value":14.3,"when":1778972400},"min":{"value":13.9,"when":1778986800}},"ecowitt_wh31_patio_outTemp":{"average":{"overall":9.5},"max":{"value":11.3,"when":1778972400},"min":{"value":8.5,"when":1778986800}},"ecowitt_wh51_patio_outGroundHumidity":{"average":{"overall":14.0},"max":{"value":14.0,"when":1778972400},"min":{"value":14.0,"when":1778972400}},"ecowitt_wittboy_outTemp":{"average":{"overall":7.6},"max":{"value":9.8,"when":1778972400},"min":{"value":6.6,"when":1778983200}},"ecowitt_wittboy_rain_day":{"average":{"overall":0.031667},"max":{"value":1.899996,"when":1778972400},"min":{"value":0.0,"when":1778972400}},"ecowitt_wittboy_rain_event":{"average":{"overall":3.999992},"max":{"value":3.999992,"when":1778972400},"min":{"value":3.999992,"when":1778972400}},"ecowitt_wittboy_rain_rate":{"average":{"overall":0.0},"max":{"value":0.0,"when":1778972400},"min":{"value":0.0,"when":1778972400}},"ecowitt_wittboy_uvi":{"average":{"overall":0.0},"max":{"value":0.0,"when":1778972400},"min":{"value":0.0,"when":1778972400}},"ecowitt_wittboy_windDir":{"average":{"overall":202},"max":{"value":251,"when":1778983200},"min":{"value":68,"when":1778983200}},"ecowitt_wittboy_windGust":{"average":{"overall":13.3},"max":{"value":25.4,"when":1778986800},"min":{"value":8.7,"when":1778976000}},"ecowitt_wittboy_windSpeed":{"average":{"overall":11.4},"max":{"value":22.5,"when":1778986800},"min":{"value":5.8,"when":1778979600}},"ecowitt_wn34_shed_groundTemperature":{"average":{"overall":12.1},"max":{"value":12.8,"when":1778972400},"min":{"value":11.4,