{"charts":{"ET":[[0.09,0.43,1.74],[0.15,0.43,1.45],[0.13,0.41,1.28],[0.12,0.34,1.17],[0.08,0.33,1.12],[0.13,0.4,1.45]],"api_cold":[[0.0,0.2,0.6],[0.0,0.3,0.6],[0.1,0.5,0.9],[0.1,0.6,0.9],[0.3,0.7,1.0],[0.0,0.6,1.0]],"api_dew":[[0.0,0.1,0.4],[0.0,0.0,0.1],[0.0,0.0,0.0],[0.0,0.0,0.0],[0.0,0.0,0.0],[0.0,0.0,0.1]],"api_foggy":[[0.0,0.0,0.3],[0.0,0.0,0.0],[0.0,0.0,0.0],[0.0,0.0,0.1],[0.0,0.0,0.1],[0.0,0.0,0.1]],"api_frost_grass":[[0.0,0.3,0.6],[0.0,0.3,0.4],[0.0,0.3,0.4],[0.0,0.3,0.4],[0.1,0.4,0.4],[0.3,0.4,0.4]],"api_frost_ground":[[0.0,0.2,0.6],[0.0,0.3,0.4],[0.0,0.3,0.4],[0.0,0.3,0.4],[0.0,0.4,0.4],[0.0,0.3,0.4]],"api_hot":[[0.0,0.0,0.0],[0.0,0.0,0.0],[0.0,0.0,0.0],[0.0,0.0,0.0],[0.0,0.0,0.0],[0.0,0.0,0.0]],"api_rainy":[[0.0,0.0,0.1],[0.0,0.0,0.4],[0.0,0.0,0.0],[0.0,0.0,0.0],[0.0,0.0,0.0],[0.0,0.0,0.0]],"api_snowy":[[0.0,0.0,0.0],[0.0,0.0,0.1],[0.0,0.0,0.1],[0.0,0.0,0.1],[0.0,0.0,0.3],[0.0,0.0,0.4]],"api_stormy":[[0.0,0.0,0.0],[0.0,0.0,0.0],[0.0,0.0,0.0],[0.0,0.0,0.0],[0.0,0.0,0.0],[0.0,0.0,0.0]],"api_thundery":[[0.0,0.0,0.0],[0.0,0.0,0.0],[0.0,0.0,0.0],[0.0,0.0,0.0],[0.0,0.0,0.0],[0.0,0.0,0.0]],"aq_uv_index_clear_sky":[[0,0,1],[0,0,0],[0,0,1],[0,0,0],[0,0,0],[0,0,1]],"cloudbase":[[721,1000,1409],[807,1269,2278],[883,1395,2266],[800,1199,1644],[700,1199,1767],[678,1176,1608]],"dateTime":[1767225600,1767312000,1767398400,1767484800,1767571200,1767657600],"dewpoint":[[-4.6,0.6,4.2],[-4.3,-0.9,2.4],[-5.5,-2.9,-1.4],[-8.4,-3.8,-0.2],[-9.7,-4.2,-1.7],[-11.6,-5.4,1.2]],"ecowitt_gateway_inTemp":[[16.3,19.6,21.8],[17.2,20.1,22.1],[16.1,19.2,21.0],[16.0,18.5,20.1],[14.7,18.1,20.1],[14.5,17.6,19.8]],"ecowitt_gateway_pressure":[[1013,1017,1026],[1010,1013,1015],[1014,1017,1021],[1017,1019,1021],[1016,1020,1025],[1018,1023,1025]],"ecowitt_wh31_hall_inTemp":[[7.4,9.7,10.9],[9.7,10.6,11.9],[9.2,10.0,11.3],[8.4,9.0,9.7],[5.8,8.5,9.4],[4.9,6.5,8.8]],"ecowitt_wh31_patio_outTemp":[[-1.8,2.7,6.7],[0.0,2.2,4.1],[-0.9,0.8,3.0],[-4.4,-0.4,2.8],[-5.0,-0.8,1.8],[-6.5,-1.9,4.2]],"ecowitt_wh51_patio_outGroundHumidity":[[13.0,17.4,20.0],[17.0,20.0,21.0],[14.0,15.5,18.0],[12.0,13.6,15.0],[12.0,13.2,14.0],[12.0,13.6,18.0]],"ecowitt_wittboy_outTemp":[[-3.4,2.3,7.0],[-2.0,1.3,4.1],[-3.1,-0.4,3.5],[-6.7,-1.6,3.8],[-7.9,-2.3,2.2],[-9.6,-3.2,5.7]],"ecowitt_wittboy_rain_day":[[0.0,0.0,0.0],[0.0,1.164928,1.599997],[0.0,0.0,0.0],[0.0,0.0,0.0],[0.0,0.0,0.0],[0.0,0.0,0.0]],"ecowitt_wittboy_rain_event":[[0.0,0.0,0.0],[0.0,1.164928,1.599997],[0.0,0.405555,1.599997],[0.0,0.0,0.0],[0.0,0.0,0.0],[0.0,0.0,0.0]],"ecowitt_wittboy_rain_rate":[[0.0,0.0,0.0],[0.0,0.077083,2.999994],[0.0,0.0,0.0],[0.0,0.0,0.0],[0.0,0.0,0.0],[0.0,0.0,0.0]],"ecowitt_wittboy_uvi":[[0.0,0.0,1.0],[0.0,0.0,1.0],[0.0,0.0,0.0],[0.0,0.0,1.0],[0.0,0.0,0.0],[0.0,0.0,1.0]],"ecowitt_wittboy_windDir":[[64,203,340],[2,202,297],[136,202,333],[16,197,268],[158,198,332],[8,197,357]],"ecowitt_wittboy_windGust":[[5.5,8.8,21.1],[5.0,9.5,20.1],[4.5,8.5,19.1],[5.5,8.3,13.6],[6.0,8.9,18.6],[5.5,8.0,18.6]],"ecowitt_wittboy_windSpeed":[[2.5,6.8,13.1],[3.5,7.6,16.6],[3.0,6.9,14.6],[3.5,6.9,12.6],[4.0,7.3,17.6],[2.5,6.4,18.6]],"ecowitt_wn34_shed_groundTemperature":[[1.3,2.3,3.4],[2.5,3.0,3.5],[1.5,2.0,2.7],[0.6,1.1,1.6],[0.3,0.9,1.3],[0.0,0.4,0.9]],"feelslike":[[-7.6,-1.2,3.9],[-5.7,-2.4,0.3],[-6.7,-4.3,-0.9],[-11.0,-5.7,-0.5],[-13.0,-6.3,-2.4],[-14.0,-7.4,0.9]],"inHumidity":[[52.0,52.8,54.4],[51.7,53.1,54.7],[49.9,52.7,54.7],[49.5,51.9,53.9],[48.5,51.5,53.0],[48.2,49.8,51.3]],"inTemp":[[7.4,14.2,21.8],[9.7,17.4,22.1],[9.2,13.6,21.0],[8.4,9.0,9.7],[5.8,8.5,9.4],[4.9,6.5,8.8]],"lightning_strike_count":[[0,0,0],[0,0,1],[0,0,0],[0,0,0],[0,0,0],[0,0,0]],"luminosity":[[0,2120,14118],[0,1326,10923],[0,1084,8450],[0,1166,11220],[0,1027,7755],[0,2097,14522]],"netatmo_Chitterne_co2":[[698,1265,2073],[777,1285,2170],[781,1357,2208],[828,1258,2089],[603,1202,2042],[643,1027,1810]],"netatmo_Chitterne_inTemp":[[14.1,15.6,17.6],[15.5,16.1,17.4],[14.8,15.5,16.7],[14.2,14.8,15.8],[13.6,14.6,16.0],[12.5,13.8,14.8]],"netatmo_Chitterne_noise":[[31,34,62],[31,33,60],[32,34,69],[31,34,56],[31,34,61],[31,35,67]],"netatmo_Chitterne_outTemp":[[-2.2,2.6,6.7],[-0.3,2.0,4.0],[-1.2,0.5,2.8],[-4.2,-0.6,2.7],[-5.0,-0.9,1.7],[-6.7,-2.2,4.2]],"netatmo_Chitterne_pressure":[[995,998,1007],[992,995,997],[996,998,1002],[998,1000,1002],[997,1001,1005],[1000,1004,1005]],"outHumidity":[[83,89,94],[71,85,93],[71,83,91],[79,86,92],[77,86,94],[80,86,94]],"outTemp":[[-3.4,2.2,6.7],[-1.9,1.2,3.9],[-3.1,-0.5,3.0],[-6.7,-1.9,2.7],[-7.9,-2.4,1.7],[-9.6,-3.6,4.2]],"pressure":[[1002,1008,1016],[1002,1004,1006],[1006,1009,1016],[1006,1010,1019],[1006,1010,1019],[1009,1013,1016]],"rain":[[0.0,0.0,0.0],[0.0,0.048611,6.999986],[0.0,0.0,0.0],[0.0,0.0,0.0],[0.0,0.0,0.0],[0.0,0.04902,3.999992]],"rainRate":[[0.0,0.0,0.0],[0.0,0.61111,27.999944],[0.0,0.0,0.0],[0.0,0.0,0.0],[0.0,0.0,0.0],[0.0,0.666665,27.999944]],"rain_total":[[0.0,0.0,0.0],[0.0,0.432787,0.599999],[0.0,0.002273,0.599999],[0.0,0.0,0.0],[0.0,0.0,0.0],[0.0,0.056582,0.2]],"vpd":[[0.03,0.08,0.17],[0.03,0.1,0.24],[0.07,0.1,0.2],[0.03,0.08,0.17],[0.03,0.07,0.17],[0.03,0.06,0.17]],"windrun":[[0.32,0.57,1.09],[0.32,0.64,1.38],[0.32,0.57,1.22],[0.29,0.58,1.05],[0.34,0.62,1.47],[0.32,0.53,1.55]]},"on_this_day":{"ET":{"average":{"overall":0.39},"max":{"value":1.74,"when":1767268800},"min":{"value":0.08,"when":1767589200}},"api_cold":{"average":{"overall":0.5},"max":{"value":1.0,"when":1767650400},"min":{"value":0.0,"when":1767261600}},"api_dew":{"average":{"overall":0.0},"max":{"value":0.4,"when":1767265200},"min":{"value":0.0,"when":1767225600}},"api_foggy":{"average":{"overall":0.0},"max":{"value":0.3,"when":1767225600},"min":{"value":0.0,"when":1767236400}},"api_frost_grass":{"average":{"overall":0.3},"max":{"value":0.6,"when":1767236400},"min":{"value":0.0,"when":1767265200}},"api_frost_ground":{"average":{"overall":0.3},"max":{"value":0.6,"when":1767236400},"min":{"value":0.0,"when":1767261600}},"api_hot":{"average":{"overall":0.0},"max":{"value":0.0,"when":1767225600},"min":{"value":0.0,"when":1767225600}},"api_rainy":{"average":{"overall":0.0},"max":{"value":0.4,"when":1767330000},"min":{"value":0.0,"when":1767225600}},"api_snowy":{"average":{"overall":0.0},"max":{"value":0.4,"when":1767686400},"min":{"value":0.0,"when":1767225600}},"api_stormy":{"average":{"overall":0.0},"max":{"value":0.0,"when":1767225600},"min":{"value":0.0,"when":1767225600}},"api_thundery":{"average":{"overall":0.0},"max":{"value":0.0,"when":1767225600},"min":{"value":0.0,"when":1767225600}},"aq_uv_index_clear_sky":{"average":{"overall":0},"max":{"value":1,"when":1767268800},"min":{"value":0,"when":1767225600}},"cloudbase":{"average":{"overall":1206},"max":{"value":2278,"when":1767362400},"min":{"value":678,"when":1767693600}},"dewpoint":{"average":{"overall":-2.8},"max":{"value":4.2,"when":1767268800},"min":{"value":-11.6,"when":1767668400}},"ecowitt_gateway_inTemp":{"average":{"overall":18.8},"max":{"value":22.1,"when":1767344400},"min":{"value":14.5,"when":1767657600}},"ecowitt_gateway_pressure":{"average":{"overall":1018},"max":{"value":1026,"when":1767225600},"min":{"value":1010,"when":1767330000}},"ecowitt_wh31_hall_inTemp":{"average":{"overall":9.1},"max":{"value":11.9,"when":1767362400},"min":{"value":4.9,"when":1767668400}},"ecowitt_wh31_patio_outTemp":{"average":{"overall":0.4},"max":{"value":6.7,"when":1767272400},"min":{"value":-6.5,"when":1767675600}},"ecowitt_wh51_patio_outGroundHumidity":{"average":{"overall":15.5},"max":{"value":21.0,"when":1767333600},"min":{"value":12.0,"when":1767517200}},"ecowitt_wittboy_outTemp":{"average":{"overall":-0.7},"max":{"value":7.0,"when":1767272400},"min":{"value":-9.6,"when":1767668400}},"ecowitt_wittboy_rain_day":{"average":{"overall":0.194155},"max":{"value":1.599997,"when":1767340800},"min":{"value":0.0,"when":1767225600}},"ecowitt_wittboy_rain_event":{"average":{"overall":0.261747},"max":{"value":1.599997,"when":1767340800},"min":{"value":0.0,"when":1767225600}},