{"charts":{"ET":[[0.09,0.43,1.74],[0.15,0.43,1.45],[0.13,0.42,1.28]],"api_cold":[[0.0,0.2,0.6],[0.0,0.3,0.6],[0.1,0.5,0.9]],"api_dew":[[0.0,0.1,0.4],[0.0,0.0,0.1],[0.0,0.0,0.0]],"api_foggy":[[0.0,0.0,0.3],[0.0,0.0,0.0],[0.0,0.0,0.0]],"api_frost_grass":[[0.0,0.3,0.6],[0.0,0.3,0.4],[0.0,0.3,0.4]],"api_frost_ground":[[0.0,0.2,0.6],[0.0,0.3,0.4],[0.0,0.3,0.4]],"api_hot":[[0.0,0.0,0.0],[0.0,0.0,0.0],[0.0,0.0,0.0]],"api_rainy":[[0.0,0.0,0.1],[0.0,0.0,0.4],[0.0,0.0,0.0]],"api_snowy":[[0.0,0.0,0.0],[0.0,0.0,0.1],[0.0,0.0,0.1]],"api_stormy":[[0.0,0.0,0.0],[0.0,0.0,0.0],[0.0,0.0,0.0]],"api_thundery":[[0.0,0.0,0.0],[0.0,0.0,0.0],[0.0,0.0,0.0]],"aq_uv_index_clear_sky":[[0,0,1],[0,0,0],[0,0,1]],"cloudbase":[[721,1000,1409],[807,1269,2278],[883,1395,2266]],"dateTime":[1767225600,1767312000,1767398400],"dewpoint":[[-4.6,0.6,4.2],[-4.3,-0.9,2.4],[-5.5,-2.8,-1.4]],"ecowitt_gateway_inTemp":[[16.3,19.6,21.8],[17.2,20.1,22.1],[16.9,19.3,21.0]],"ecowitt_gateway_pressure":[[1013,1017,1026],[1010,1013,1015],[1014,1017,1020]],"ecowitt_wh31_hall_inTemp":[[7.4,9.7,10.9],[9.7,10.6,11.9],[9.3,10.1,11.3]],"ecowitt_wh31_patio_outTemp":[[-1.8,2.7,6.7],[0.0,2.2,4.1],[-0.9,0.8,3.0]],"ecowitt_wh51_patio_outGroundHumidity":[[13.0,17.4,20.0],[17.0,20.0,21.0],[14.0,15.6,18.0]],"ecowitt_wittboy_outTemp":[[-3.4,2.3,7.0],[-2.0,1.3,4.1],[-3.1,-0.3,3.5]],"ecowitt_wittboy_rain_day":[[0.0,0.0,0.0],[0.0,1.164928,1.599997],[0.0,0.0,0.0]],"ecowitt_wittboy_rain_event":[[0.0,0.0,0.0],[0.0,1.164928,1.599997],[0.0,0.423188,1.599997]],"ecowitt_wittboy_rain_rate":[[0.0,0.0,0.0],[0.0,0.077083,2.999994],[0.0,0.0,0.0]],"ecowitt_wittboy_uvi":[[0.0,0.0,1.0],[0.0,0.0,1.0],[0.0,0.0,0.0]],"ecowitt_wittboy_windDir":[[64,203,340],[2,202,297],[136,202,333]],"ecowitt_wittboy_windGust":[[5.5,8.8,21.1],[5.0,9.5,20.1],[4.5,8.5,19.1]],"ecowitt_wittboy_windSpeed":[[2.5,6.8,13.1],[3.5,7.6,16.6],[3.0,6.9,14.6]],"ecowitt_wn34_shed_groundTemperature":[[1.3,2.3,3.4],[2.5,3.0,3.5],[1.5,2.0,2.7]],"feelslike":[[-7.6,-1.2,3.9],[-5.7,-2.4,0.3],[-6.7,-4.2,-0.9]],"inHumidity":[[52.0,52.8,54.4],[51.7,53.1,54.7],[49.9,52.6,54.7]],"inTemp":[[7.4,14.2,21.8],[9.7,17.4,22.1],[9.3,13.8,21.0]],"lightning_strike_count":[[0,0,0],[0,0,1],[0,0,0]],"luminosity":[[0,2120,14118],[0,1326,10923],[0,1131,8450]],"netatmo_Chitterne_co2":[[698,1265,2073],[777,1285,2170],[781,1318,2208]],"netatmo_Chitterne_inTemp":[[14.1,15.6,17.6],[15.5,16.1,17.4],[14.8,15.5,16.7]],"netatmo_Chitterne_noise":[[31,34,62],[31,33,60],[32,34,69]],"netatmo_Chitterne_outTemp":[[-2.2,2.6,6.7],[-0.3,2.0,4.0],[-1.2,0.6,2.8]],"netatmo_Chitterne_pressure":[[995,998,1007],[992,995,997],[996,998,1001]],"outHumidity":[[83,89,94],[71,85,93],[71,83,91]],"outTemp":[[-3.4,2.2,6.7],[-1.9,1.2,3.9],[-3.1,-0.4,3.0]],"pressure":[[1002,1008,1016],[1002,1004,1006],[1006,1008,1016]],"rain":[[0.0,0.0,0.0],[0.0,0.048611,6.999986],[0.0,0.0,0.0]],"rainRate":[[0.0,0.0,0.0],[0.0,0.61111,27.999944],[0.0,0.0,0.0]],"rain_total":[[0.0,0.0,0.0],[0.0,0.432787,0.599999],[0.0,0.002372,0.599999]],"vpd":[[0.03,0.08,0.17],[0.03,0.1,0.24],[0.07,0.1,0.2]],"windrun":[[0.32,0.57,1.09],[0.32,0.64,1.38],[0.32,0.57,1.22]]},"on_this_day":{"ET":{"average":{"overall":0.43},"max":{"value":1.74,"when":1767268800},"min":{"value":0.09,"when":1767236400}},"api_cold":{"average":{"overall":0.3},"max":{"value":0.9,"when":1767466800},"min":{"value":0.0,"when":1767261600}},"api_dew":{"average":{"overall":0.0},"max":{"value":0.4,"when":1767265200},"min":{"value":0.0,"when":1767225600}},"api_foggy":{"average":{"overall":0.0},"max":{"value":0.3,"when":1767225600},"min":{"value":0.0,"when":1767236400}},"api_frost_grass":{"average":{"overall":0.3},"max":{"value":0.6,"when":1767236400},"min":{"value":0.0,"when":1767265200}},"api_frost_ground":{"average":{"overall":0.3},"max":{"value":0.6,"when":1767236400},"min":{"value":0.0,"when":1767261600}},"api_hot":{"average":{"overall":0.0},"max":{"value":0.0,"when":1767225600},"min":{"value":0.0,"when":1767225600}},"api_rainy":{"average":{"overall":0.0},"max":{"value":0.4,"when":1767330000},"min":{"value":0.0,"when":1767225600}},"api_snowy":{"average":{"overall":0.0},"max":{"value":0.1,"when":1767326400},"min":{"value":0.0,"when":1767225600}},"api_stormy":{"average":{"overall":0.0},"max":{"value":0.0,"when":1767225600},"min":{"value":0.0,"when":1767225600}},"api_thundery":{"average":{"overall":0.0},"max":{"value":0.0,"when":1767225600},"min":{"value":0.0,"when":1767225600}},"aq_uv_index_clear_sky":{"average":{"overall":0},"max":{"value":1,"when":1767268800},"min":{"value":0,"when":1767225600}},"cloudbase":{"average":{"overall":1221},"max":{"value":2278,"when":1767362400},"min":{"value":721,"when":1767236400}},"dewpoint":{"average":{"overall":-1.1},"max":{"value":4.2,"when":1767268800},"min":{"value":-5.5,"when":1767459600}},"ecowitt_gateway_inTemp":{"average":{"overall":19.7},"max":{"value":22.1,"when":1767344400},"min":{"value":16.3,"when":1767225600}},"ecowitt_gateway_pressure":{"average":{"overall":1016},"max":{"value":1026,"when":1767225600},"min":{"value":1010,"when":1767330000}},"ecowitt_wh31_hall_inTemp":{"average":{"overall":10.1},"max":{"value":11.9,"when":1767362400},"min":{"value":7.4,"when":1767225600}},"ecowitt_wh31_patio_outTemp":{"average":{"overall":1.9},"max":{"value":6.7,"when":1767272400},"min":{"value":-1.8,"when":1767225600}},"ecowitt_wh51_patio_outGroundHumidity":{"average":{"overall":17.7},"max":{"value":21.0,"when":1767333600},"min":{"value":13.0,"when":1767225600}},"ecowitt_wittboy_outTemp":{"average":{"overall":1.1},"max":{"value":7.0,"when":1767272400},"min":{"value":-3.4,"when":1767225600}},"ecowitt_wittboy_rain_day":{"average":{"overall":0.388309},"max":{"value":1.599997,"when":1767340800},"min":{"value":0.0,"when":1767225600}},"ecowitt_wittboy_rain_event":{"average":{"overall":0.529372},"max":{"value":1.599997,"when":1767340800},"min":{"value":0.0,"when":1767225600}},"ecowitt_wittboy_rain_rate":{"average":{"overall":0.025694},"max":{"value":2.999994,"when":1767333600},"min":{"value":0.0,"when":1767225600}},"ecowitt_wittboy_uvi":{"average":{"overall":0.0},"max":{"value":1.0,"when":1767268800},"min":{"value":0.0,"when":1767225600}},"ecowitt_wittboy_windDir":{"average":{"overall":202},"max":{"value":340,"when":1767268800},"min":{"value":2,"when":1767384000}},"ecowitt_wittboy_windGust":{"average":{"overall":8.9},"max":{"value":21.1,"when":1767276000},"min":{"value":4.5,"when":1767474000}},"ecowitt_wittboy_windSpeed":{"average":{"overall":7.1},"max":{"value":16.6,"when":1767348000},"min":{"value":2.5,"when":1767247200}},"ecowitt_wn34_shed_groundTemperature":{"average":{"overall":2.4},"max":{"value":3.5,"when":1767366000},"min":{"value":1.3,"when":1767243600}},"feelslike":{"average":{"overall":-2.6},"max":{"value":3.9,"when":1767272400},"min":{"value":-7.6,"when":1767225600}},"inHumidity":{"average":{"overall":52.8},"max":{"value":54.7,"when":1767312000},"min":{"value":49.9,"when":1767441600}},"inTemp":{"average":{"overall":15.1},"max":{"value":22.1,"when":1767340800},"min":{"value":7.4,"when":1767225600}},"lightning_strike_count":{"average":{"overall":0},"max":{"value":1,"when":1767351600},"min":{"value":0,"when":1767225600}},"luminosity":{"average":{"overall":1526},"max":{"value":14118,"when":1767268800},"min":{"value":0,"when":1767225600}},"netatmo_Chitterne_co2":{"average":{"overall":1289},"max":{"value":2208,"when":1767398400},"min":{"value":698,"when":1767276000}},"netatmo_Chitterne_inTemp":{"average":{"overall":15.7},"max":{"value":17.6,"when":1767268800},"min":{"value":14.1,"when":1767240000}},"netatmo_Chitterne_noise":{"average":{"overall":34},"max":{"value":69,"when":1767441600},"min":{"value":31,"when":1767243600}},"netatmo_Chitterne_outTemp":{"average":{"overall":1.7},"max":{"value":6.7,"when":1767276000},"min":{"value":-2.2,"when":1767225600}},"netatmo_Chitterne_pressure":{"average":{"overall":997},"max":{"value":1007,"when":1767225600},"min":{"value":992,"when":1767330000}},"outHumidity":{"average":{"overall":86},"max":{"value":94,"when":1767236400},