{"charts":{"ET":[[0.63,5.83,22.54],[0.81,1.0,1.09]],"api_cold":[[0.0,0.0,0.0],[0.0,0.0,0.0]],"api_dew":[[0.0,0.0,0.0],[0.0,0.0,0.0]],"api_foggy":[[0.0,0.0,0.0],[0.0,0.0,0.0]],"api_frost_grass":[[0.0,0.0,0.0],[0.0,0.0,0.0]],"api_frost_ground":[[0.0,0.0,0.0],[0.0,0.0,0.0]],"api_hot":[[0.0,0.0,0.0],[0.0,0.0,0.0]],"api_rainy":[[0.0,0.0,0.0],[0.0,0.0,0.0]],"api_snowy":[[0.0,0.0,0.0],[0.0,0.0,0.0]],"api_stormy":[[0.0,0.0,0.0],[0.0,0.0,0.0]],"api_thundery":[[0.0,0.0,0.0],[0.0,0.0,0.0]],"aq_uv_index_clear_sky":[[0,2,8],[0,0,0]],"cloudbase":[[989,2840,4865],[1893,1920,1967]],"dateTime":[1782860400,1782946800],"dewpoint":[[10.3,13.9,17.3],[12.2,12.3,12.4]],"ecowitt_gateway_inTemp":[[21.6,23.5,24.6],[23.4,23.4,23.5]],"ecowitt_gateway_pressure":[[1026,1028,1029],[1027,1028,1028]],"ecowitt_wh31_hall_inTemp":[[19.6,20.8,21.4],[20.9,20.9,20.9]],"ecowitt_wh31_patio_outTemp":[[13.8,20.2,26.5],[16.7,16.9,17.2]],"ecowitt_wh51_patio_outGroundHumidity":[[0.0,0.0,0.0],[0.0,0.0,0.0]],"ecowitt_wittboy_outTemp":[[10.6,18.2,25.7],[14.1,14.2,14.2]],"ecowitt_wittboy_rain_day":[[0.0,0.0,0.0],[0.0,0.0,0.0]],"ecowitt_wittboy_rain_event":[[0.0,0.0,0.0],[0.0,0.0,0.0]],"ecowitt_wittboy_rain_rate":[[0.0,0.0,0.0],[0.0,0.0,0.0]],"ecowitt_wittboy_uvi":[[0.0,2.0,9.0],[0.0,0.0,0.0]],"ecowitt_wittboy_windDir":[[12,224,359],[195,207,216]],"ecowitt_wittboy_windGust":[[6.5,12.0,26.2],[9.4,11.5,13.8]],"ecowitt_wittboy_windSpeed":[[0.0,9.7,23.3],[7.3,9.6,10.9]],"ecowitt_wn34_shed_groundTemperature":[[16.8,19.6,22.3],[19.8,19.8,19.9]],"feelslike":[[8.5,19.3,27.4],[14.6,14.8,15.2]],"inHumidity":[[57.9,58.8,59.2],[58.0,58.0,58.0]],"inTemp":[[24.7,25.9,27.1],[26.4,26.4,26.4]],"lightning_strike_count":[[0,0,0],[0,0,0]],"luminosity":[[0,25682,119207],[0,0,0]],"netatmo_Chitterne_co2":[[485,767,1098],[806,841,874]],"netatmo_Chitterne_inTemp":[[24.7,25.9,27.1],[26.4,26.4,26.4]],"netatmo_Chitterne_noise":[[32,35,61],[32,42,52]],"netatmo_Chitterne_outTemp":[[13.8,20.3,26.7],[16.8,17.0,17.2]],"netatmo_Chitterne_pressure":[[1009,1011,1012],[1010,1011,1011]],"outHumidity":[[51,70,91],[78,79,79]],"outTemp":[[12.8,19.9,26.7],[15.8,16.0,16.2]],"pressure":[[1019,1019,1019],[1019,1019,1019]],"rain":[[0.0,0.013889,3.999992],[0.0,0.0,0.0]],"rainRate":[[0.0,0.166666,15.999968],[0.0,0.0,0.0]],"rain_total":[[0.0,0.012333,0.1],[0.0,0.025,0.1]],"vpd":[[0.17,0.81,1.66],[0.37,0.39,0.41]],"windrun":[[0.27,0.81,1.94],[0.61,0.8,0.91]]},"on_this_day":{"ET":{"average":{"overall":3.41},"max":{"value":22.54,"when":1782907200},"min":{"value":0.63,"when":1782860400}},"api_cold":{"average":{"overall":0.0},"max":{"value":0.0,"when":1782860400},"min":{"value":0.0,"when":1782860400}},"api_dew":{"average":{"overall":0.0},"max":{"value":0.0,"when":1782860400},"min":{"value":0.0,"when":1782860400}},"api_foggy":{"average":{"overall":0.0},"max":{"value":0.0,"when":1782860400},"min":{"value":0.0,"when":1782860400}},"api_frost_grass":{"average":{"overall":0.0},"max":{"value":0.0,"when":1782860400},"min":{"value":0.0,"when":1782860400}},"api_frost_ground":{"average":{"overall":0.0},"max":{"value":0.0,"when":1782860400},"min":{"value":0.0,"when":1782860400}},"api_hot":{"average":{"overall":0.0},"max":{"value":0.0,"when":1782860400},"min":{"value":0.0,"when":1782860400}},"api_rainy":{"average":{"overall":0.0},"max":{"value":0.0,"when":1782860400},"min":{"value":0.0,"when":1782860400}},"api_snowy":{"average":{"overall":0.0},"max":{"value":0.0,"when":1782860400},"min":{"value":0.0,"when":1782860400}},"api_stormy":{"average":{"overall":0.0},"max":{"value":0.0,"when":1782860400},"min":{"value":0.0,"when":1782860400}},"api_thundery":{"average":{"overall":0.0},"max":{"value":0.0,"when":1782860400},"min":{"value":0.0,"when":1782860400}},"aq_uv_index_clear_sky":{"average":{"overall":1},"max":{"value":8,"when":1782907200},"min":{"value":0,"when":1782860400}},"cloudbase":{"average":{"overall":2380},"max":{"value":4865,"when":1782914400},"min":{"value":989,"when":1782885600}},"dewpoint":{"average":{"overall":13.1},"max":{"value":17.3,"when":1782896400},"min":{"value":10.3,"when":1782878400}},"ecowitt_gateway_inTemp":{"average":{"overall":23.5},"max":{"value":24.6,"when":1782903600},"min":{"value":21.6,"when":1782878400}},"ecowitt_gateway_pressure":{"average":{"overall":1028},"max":{"value":1029,"when":1782939600},"min":{"value":1026,"when":1782860400}},"ecowitt_wh31_hall_inTemp":{"average":{"overall":20.9},"max":{"value":21.4,"when":1782860400},"min":{"value":19.6,"when":1782882000}},"ecowitt_wh31_patio_outTemp":{"average":{"overall":18.6},"max":{"value":26.5,"when":1782910800},"min":{"value":13.8,"when":1782882000}},"ecowitt_wh51_patio_outGroundHumidity":{"average":{"overall":0.0},"max":{"value":0.0,"when":1782860400},"min":{"value":0.0,"when":1782860400}},"ecowitt_wittboy_outTemp":{"average":{"overall":16.2},"max":{"value":25.7,"when":1782910800},"min":{"value":10.6,"when":1782878400}},"ecowitt_wittboy_rain_day":{"average":{"overall":0.0},"max":{"value":0.0,"when":1782860400},"min":{"value":0.0,"when":1782860400}},"ecowitt_wittboy_rain_event":{"average":{"overall":0.0},"max":{"value":0.0,"when":1782860400},"min":{"value":0.0,"when":1782860400}},"ecowitt_wittboy_rain_rate":{"average":{"overall":0.0},"max":{"value":0.0,"when":1782860400},"min":{"value":0.0,"when":1782860400}},"ecowitt_wittboy_uvi":{"average":{"overall":1.0},"max":{"value":9.0,"when":1782910800},"min":{"value":0.0,"when":1782860400}},"ecowitt_wittboy_windDir":{"average":{"overall":215},"max":{"value":359,"when":1782918000},"min":{"value":12,"when":1782918000}},"ecowitt_wittboy_windGust":{"average":{"overall":11.8},"max":{"value":26.2,"when":1782882000},"min":{"value":6.5,"when":1782918000}},"ecowitt_wittboy_windSpeed":{"average":{"overall":9.7},"max":{"value":23.3,"when":1782882000},"min":{"value":0.0,"when":1782907200}},"ecowitt_wn34_shed_groundTemperature":{"average":{"overall":19.7},"max":{"value":22.3,"when":1782921600},"min":{"value":16.8,"when":1782882000}},"feelslike":{"average":{"overall":17.1},"max":{"value":27.4,"when":1782910800},"min":{"value":8.5,"when":1782882000}},"inHumidity":{"average":{"overall":58.4},"max":{"value":59.2,"when":1782889200},"min":{"value":57.9,"when":1782939600}},"inTemp":{"average":{"overall":26.1},"max":{"value":27.1,"when":1782932400},"min":{"value":24.7,"when":1782882000}},"lightning_strike_count":{"average":{"overall":0},"max":{"value":0,"when":1782860400},"min":{"value":0,"when":1782860400}},"luminosity":{"average":{"overall":12841},"max":{"value":119207,"when":1782910800},"min":{"value":0,"when":1782860400}},"netatmo_Chitterne_co2":{"average":{"overall":804},"max":{"value":1098,"when":1782867600},"min":{"value":485,"when":1782936000}},"netatmo_Chitterne_inTemp":{"average":{"overall":26.1},"max":{"value":27.1,"when":1782932400},"min":{"value":24.7,"when":1782885600}},"netatmo_Chitterne_noise":{"average":{"overall":39},"max":{"value":61,"when":1782932400},"min":{"value":32,"when":1782867600}},"netatmo_Chitterne_outTemp":{"average":{"overall":18.7},"max":{"value":26.7,"when":1782910800},"min":{"value":13.8,"when":1782878400}},"netatmo_Chitterne_pressure":{"average":{"overall":1011},"max":{"value":1012,"when":1782892800},"min":{"value":1009,"when":1782860400}},"outHumidity":{"average":{"overall":74},"max":{"value":91,"when":1782885600},"min":{"value":51,"when":1782914400}},"outTemp":{"average":{"overall":18.0},"max":{"value":26.7,"when":1782910800},"min":{"value":12.8,"when":1782878400}},"pressure":{"average":{"overall":1019},"max":{"value":1019,"when":1782860400},"min":{"value":1019,"when":1782860400}},"rain":{"average":{"overall":0.006944},"max":{"value":3.999992,"when":1782936000},"min":{"value":0.0,"when":1782860400}},"rainRate":{"average":{"overall":0.083333},"max":{"value":15.999968,"when":1782936000},"min":{"value":0.0,"when":1782860400}},"rain_total":{"average":{"overall":0.018667},"max":{"value":0.1,"when":1782860400},"min":{"value":0.0,"when":1782860400}},"vpd":{"average":{"overall":0.6},"max":{"value":1.66,"when":1782910800},