{"charts":{"ET":[[0.53,0.64,0.79],[0.53,0.59,0.72]],"api_cold":[[0.0,0.0,0.0],[0.0,0.0,0.0]],"api_dew":[[0.0,0.0,0.0],[0.0,0.0,0.0]],"api_foggy":[[0.0,0.0,0.0],[0.0,0.0,0.0]],"api_frost_grass":[[0.0,0.0,0.0],[0.0,0.0,0.0]],"api_frost_ground":[[0.0,0.0,0.0],[0.0,0.0,0.0]],"api_hot":[[0.0,0.0,0.0],[0.0,0.0,0.0]],"api_rainy":[[0.1,0.1,0.1],[0.0,0.0,0.0]],"api_snowy":[[0.0,0.0,0.0],[0.0,0.0,0.0]],"api_stormy":[[0.0,0.0,0.1],[0.0,0.0,0.0]],"api_thundery":[[0.0,0.0,0.0],[0.0,0.0,0.0]],"aq_uv_index_clear_sky":[[0,0,0],[0,0,0]],"cloudbase":[[1685,1727,1769],[1751,1764,1778]],"dateTime":[1775343600,1775347200],"dewpoint":[[5.7,6.1,6.5],[5.6,5.7,5.8]],"ecowitt_gateway_inTemp":[[20.7,20.9,21.0],[20.7,20.7,20.7]],"ecowitt_gateway_pressure":[[1012,1012,1012],[1012,1012,1013]],"ecowitt_wh31_hall_inTemp":[[17.4,17.7,18.0],[17.3,17.3,17.4]],"ecowitt_wh31_patio_outTemp":[[9.5,9.7,9.9],[9.4,9.5,9.5]],"ecowitt_wh51_patio_outGroundHumidity":[[8.0,8.0,8.2],[8.0,8.0,8.0]],"ecowitt_wittboy_outTemp":[[9.2,9.4,9.7],[9.1,9.1,9.2]],"ecowitt_wittboy_rain_day":[[0.0,0.041667,0.499999],[0.0,0.0,0.0]],"ecowitt_wittboy_rain_event":[[0.499999,0.499999,0.499999],[0.0,0.125,0.499999]],"ecowitt_wittboy_rain_rate":[[0.0,0.05,0.599999],[0.0,0.0,0.0]],"ecowitt_wittboy_uvi":[[0.0,0.0,0.0],[0.0,0.0,0.0]],"ecowitt_wittboy_windDir":[[5,173,326],[161,182,213]],"ecowitt_wittboy_windGust":[[7.0,11.5,21.1],[6.5,9.2,14.1]],"ecowitt_wittboy_windSpeed":[[5.0,8.7,15.1],[4.5,7.7,13.1]],"ecowitt_wn34_shed_groundTemperature":[[12.4,12.6,12.8],[12.4,12.5,12.6]],"feelslike":[[6.4,6.8,7.5],[6.1,6.6,6.9]],"inHumidity":[[57.3,57.3,57.4],[57.1,57.2,57.3]],"inTemp":[[20.7,20.9,21.0],[20.7,20.7,20.7]],"lightning_strike_count":[[0,0,0],[0,0,0]],"luminosity":[[0,0,0],[0,0,0]],"netatmo_Chitterne_co2":[[1690,1735,1771],[1670,1686,1699]],"netatmo_Chitterne_inTemp":[[20.7,20.8,20.9],[20.7,20.7,20.7]],"netatmo_Chitterne_noise":[[32,32,35],[32,35,43]],"netatmo_Chitterne_outTemp":[[9.4,9.7,10.1],[9.3,9.4,9.4]],"netatmo_Chitterne_pressure":[[994,994,995],[995,995,995]],"outHumidity":[[79,79,80],[79,79,79]],"outTemp":[[9.2,9.4,9.7],[9.1,9.2,9.2]],"pressure":[[1002,1002,1002],[1002,1002,1002]],"rain":[[0.0,0.0,0.0],[0.0,0.0,0.0]],"rainRate":[[0.0,0.0,0.0],[0.0,0.0,0.0]],"rain_total":[[0.0,0.0,0.0],[0.0,0.0,0.0]],"vpd":[[0.24,0.24,0.24],[0.24,0.24,0.24]],"windrun":[[0.42,0.72,1.26],[0.38,0.64,1.09]]},"on_this_day":{"ET":{"average":{"overall":0.62},"max":{"value":0.79,"when":1775343600},"min":{"value":0.53,"when":1775343600}},"api_cold":{"average":{"overall":0.0},"max":{"value":0.0,"when":1775343600},"min":{"value":0.0,"when":1775343600}},"api_dew":{"average":{"overall":0.0},"max":{"value":0.0,"when":1775343600},"min":{"value":0.0,"when":1775343600}},"api_foggy":{"average":{"overall":0.0},"max":{"value":0.0,"when":1775343600},"min":{"value":0.0,"when":1775343600}},"api_frost_grass":{"average":{"overall":0.0},"max":{"value":0.0,"when":1775343600},"min":{"value":0.0,"when":1775343600}},"api_frost_ground":{"average":{"overall":0.0},"max":{"value":0.0,"when":1775343600},"min":{"value":0.0,"when":1775343600}},"api_hot":{"average":{"overall":0.0},"max":{"value":0.0,"when":1775343600},"min":{"value":0.0,"when":1775343600}},"api_rainy":{"average":{"overall":0.1},"max":{"value":0.1,"when":1775343600},"min":{"value":0.0,"when":1775347200}},"api_snowy":{"average":{"overall":0.0},"max":{"value":0.0,"when":1775343600},"min":{"value":0.0,"when":1775343600}},"api_stormy":{"average":{"overall":0.0},"max":{"value":0.1,"when":1775343600},"min":{"value":0.0,"when":1775343600}},"api_thundery":{"average":{"overall":0.0},"max":{"value":0.0,"when":1775343600},"min":{"value":0.0,"when":1775343600}},"aq_uv_index_clear_sky":{"average":{"overall":0},"max":{"value":0,"when":1775343600},"min":{"value":0,"when":1775343600}},"cloudbase":{"average":{"overall":1746},"max":{"value":1778,"when":1775347200},"min":{"value":1685,"when":1775343600}},"dewpoint":{"average":{"overall":5.9},"max":{"value":6.5,"when":1775343600},"min":{"value":5.6,"when":1775347200}},"ecowitt_gateway_inTemp":{"average":{"overall":20.8},"max":{"value":21.0,"when":1775343600},"min":{"value":20.7,"when":1775347200}},"ecowitt_gateway_pressure":{"average":{"overall":1012},"max":{"value":1013,"when":1775347200},"min":{"value":1012,"when":1775343600}},"ecowitt_wh31_hall_inTemp":{"average":{"overall":17.5},"max":{"value":18.0,"when":1775343600},"min":{"value":17.3,"when":1775347200}},"ecowitt_wh31_patio_outTemp":{"average":{"overall":9.6},"max":{"value":9.9,"when":1775343600},"min":{"value":9.4,"when":1775347200}},"ecowitt_wh51_patio_outGroundHumidity":{"average":{"overall":8.0},"max":{"value":8.2,"when":1775343600},"min":{"value":8.0,"when":1775343600}},"ecowitt_wittboy_outTemp":{"average":{"overall":9.3},"max":{"value":9.7,"when":1775343600},"min":{"value":9.1,"when":1775347200}},"ecowitt_wittboy_rain_day":{"average":{"overall":0.020833},"max":{"value":0.499999,"when":1775343600},"min":{"value":0.0,"when":1775343600}},"ecowitt_wittboy_rain_event":{"average":{"overall":0.312499},"max":{"value":0.499999,"when":1775343600},"min":{"value":0.0,"when":1775347200}},"ecowitt_wittboy_rain_rate":{"average":{"overall":0.025},"max":{"value":0.599999,"when":1775343600},"min":{"value":0.0,"when":1775343600}},"ecowitt_wittboy_uvi":{"average":{"overall":0.0},"max":{"value":0.0,"when":1775343600},"min":{"value":0.0,"when":1775343600}},"ecowitt_wittboy_windDir":{"average":{"overall":177},"max":{"value":326,"when":1775343600},"min":{"value":5,"when":1775343600}},"ecowitt_wittboy_windGust":{"average":{"overall":10.3},"max":{"value":21.1,"when":1775343600},"min":{"value":6.5,"when":1775347200}},"ecowitt_wittboy_windSpeed":{"average":{"overall":8.2},"max":{"value":15.1,"when":1775343600},"min":{"value":4.5,"when":1775347200}},"ecowitt_wn34_shed_groundTemperature":{"average":{"overall":12.6},"max":{"value":12.8,"when":1775343600},"min":{"value":12.4,"when":1775347200}},"feelslike":{"average":{"overall":6.7},"max":{"value":7.5,"when":1775343600},"min":{"value":6.1,"when":1775347200}},"inHumidity":{"average":{"overall":57.3},"max":{"value":57.4,"when":1775343600},"min":{"value":57.1,"when":1775347200}},"inTemp":{"average":{"overall":20.8},"max":{"value":21.0,"when":1775343600},"min":{"value":20.7,"when":1775343600}},"lightning_strike_count":{"average":{"overall":0},"max":{"value":0,"when":1775343600},"min":{"value":0,"when":1775343600}},"luminosity":{"average":{"overall":0},"max":{"value":0,"when":1775343600},"min":{"value":0,"when":1775343600}},"netatmo_Chitterne_co2":{"average":{"overall":1711},"max":{"value":1771,"when":1775343600},"min":{"value":1670,"when":1775347200}},"netatmo_Chitterne_inTemp":{"average":{"overall":20.8},"max":{"value":20.9,"when":1775343600},"min":{"value":20.7,"when":1775347200}},"netatmo_Chitterne_noise":{"average":{"overall":34},"max":{"value":43,"when":1775347200},"min":{"value":32,"when":1775343600}},"netatmo_Chitterne_outTemp":{"average":{"overall":9.5},"max":{"value":10.1,"when":1775343600},"min":{"value":9.3,"when":1775347200}},"netatmo_Chitterne_pressure":{"average":{"overall":994},"max":{"value":995,"when":1775343600},"min":{"value":994,"when":1775343600}},"outHumidity":{"average":{"overall":79},"max":{"value":80,"when":1775343600},"min":{"value":79,"when":1775343600}},"outTemp":{"average":{"overall":9.3},"max":{"value":9.7,"when":1775343600},"min":{"value":9.1,"when":1775347200}},"pressure":{"average":{"overall":1002},"max":{"value":1002,"when":1775343600},"min":{"value":1002,"when":1775343600}},"rain":{"average":{"overall":0.0},"max":{"value":0.0,"when":1775343600},"min":{"value":0.0,"when":1775343600}},"rainRate":{"average":{"overall":0.0},"max":{"value":0.0,"when":1775343600},"min":{"value":0.0,"when":1775343600}},"rain_total":{"average":{"overall":0.0},"max":{"value":0.0,"when":1775343600},"min":{"value":0.0,"when":1775343600}},"vpd":{"average":{"overall":0.24},"max":{"value":0.24,"when":1775343600},"min":{"value":0.24,"when":1775343600}},