{"charts":{"ET":[[0.15,0.18,0.21],[0.18,0.18,0.18]],"api_cold":[[0.0,0.0,0.0],[0.0,0.0,0.0]],"api_dew":[[0.0,0.0,0.0],[0.0,0.0,0.0]],"api_foggy":[[0.0,0.0,0.0],[0.1,0.1,0.1]],"api_frost_grass":[[0.0,0.0,0.0],[0.0,0.0,0.0]],"api_frost_ground":[[0.0,0.0,0.0],[0.0,0.0,0.0]],"api_hot":[[0.0,0.0,0.0],[0.0,0.0,0.0]],"api_rainy":[[0.0,0.0,0.0],[0.0,0.0,0.0]],"api_snowy":[[0.0,0.0,0.0],[0.0,0.0,0.0]],"api_stormy":[[0.0,0.0,0.0],[0.0,0.0,0.0]],"api_thundery":[[0.0,0.0,0.0],[0.0,0.0,0.0]],"aq_uv_index_clear_sky":[[0,0,0],[0,0,0]],"cloudbase":[[704,745,766],[756,783,810]],"dateTime":[1770508800,1770512400],"dewpoint":[[6.8,7.0,7.2],[6.6,6.8,7.0]],"ecowitt_gateway_inTemp":[[20.6,20.6,20.6],[20.6,20.6,20.6]],"ecowitt_gateway_pressure":[[1003,1004,1004],[1004,1004,1004]],"ecowitt_wh31_hall_inTemp":[[15.3,15.4,15.5],[15.3,15.3,15.3]],"ecowitt_wh31_patio_outTemp":[[8.9,9.1,9.2],[9.0,9.0,9.0]],"ecowitt_wh51_patio_outGroundHumidity":[[57.0,57.3,58.0],[57.5,57.8,58.0]],"ecowitt_wittboy_outTemp":[[7.6,7.9,8.1],[7.5,7.5,7.6]],"ecowitt_wittboy_rain_day":[[0.0,0.0,0.0],[0.0,0.0,0.0]],"ecowitt_wittboy_rain_event":[[26.799997,26.799997,26.799997],[26.799997,26.799997,26.799997]],"ecowitt_wittboy_rain_rate":[[0.0,0.0,0.0],[0.0,0.0,0.0]],"ecowitt_wittboy_uvi":[[0.0,0.0,0.0],[0.0,0.0,0.0]],"ecowitt_wittboy_windDir":[[188,202,220],[216,218,219]],"ecowitt_wittboy_windGust":[[7.5,8.7,11.1],[6.5,8.1,9.6]],"ecowitt_wittboy_windSpeed":[[5.0,7.0,8.6],[5.0,6.5,8.1]],"ecowitt_wn34_shed_groundTemperature":[[9.5,9.6,9.7],[9.5,9.5,9.5]],"feelslike":[[5.2,5.7,6.3],[5.3,5.7,6.2]],"inHumidity":[[64.3,64.7,65.2],[65.0,65.2,65.3]],"inTemp":[[20.6,20.6,20.6],[20.6,20.6,20.6]],"lightning_strike_count":[[0,0,0],[0,0,0]],"luminosity":[[0,0,0],[0,0,0]],"netatmo_Chitterne_co2":[[1989,2001,2030],[1980,1986,1992]],"netatmo_Chitterne_inTemp":[[19.7,19.7,19.8],[19.7,19.7,19.7]],"netatmo_Chitterne_noise":[[32,32,32],[32,32,32]],"netatmo_Chitterne_outTemp":[[8.8,8.8,8.9],[8.8,8.8,8.8]],"netatmo_Chitterne_pressure":[[985,986,986],[986,986,986]],"outHumidity":[[94,94,94],[94,94,94]],"outTemp":[[7.6,7.9,8.1],[7.5,7.5,7.6]],"pressure":[[996,996,996],[996,996,996]],"rain":[[0.0,0.0,0.0],[0.0,0.0,0.0]],"rainRate":[[0.0,0.0,0.0],[0.0,0.0,0.0]],"rain_total":[[0.0,0.291666,3.499993],[0.0,0.0,0.0]],"vpd":[[0.07,0.07,0.07],[0.07,0.08,0.1]],"windrun":[[0.42,0.59,0.71],[0.42,0.55,0.67]]},"on_this_day":{"ET":{"average":{"overall":0.18},"max":{"value":0.21,"when":1770508800},"min":{"value":0.15,"when":1770508800}},"api_cold":{"average":{"overall":0.0},"max":{"value":0.0,"when":1770508800},"min":{"value":0.0,"when":1770508800}},"api_dew":{"average":{"overall":0.0},"max":{"value":0.0,"when":1770508800},"min":{"value":0.0,"when":1770508800}},"api_foggy":{"average":{"overall":0.1},"max":{"value":0.1,"when":1770512400},"min":{"value":0.0,"when":1770508800}},"api_frost_grass":{"average":{"overall":0.0},"max":{"value":0.0,"when":1770508800},"min":{"value":0.0,"when":1770508800}},"api_frost_ground":{"average":{"overall":0.0},"max":{"value":0.0,"when":1770508800},"min":{"value":0.0,"when":1770508800}},"api_hot":{"average":{"overall":0.0},"max":{"value":0.0,"when":1770508800},"min":{"value":0.0,"when":1770508800}},"api_rainy":{"average":{"overall":0.0},"max":{"value":0.0,"when":1770508800},"min":{"value":0.0,"when":1770508800}},"api_snowy":{"average":{"overall":0.0},"max":{"value":0.0,"when":1770508800},"min":{"value":0.0,"when":1770508800}},"api_stormy":{"average":{"overall":0.0},"max":{"value":0.0,"when":1770508800},"min":{"value":0.0,"when":1770508800}},"api_thundery":{"average":{"overall":0.0},"max":{"value":0.0,"when":1770508800},"min":{"value":0.0,"when":1770508800}},"aq_uv_index_clear_sky":{"average":{"overall":0},"max":{"value":0,"when":1770508800},"min":{"value":0,"when":1770508800}},"cloudbase":{"average":{"overall":764},"max":{"value":810,"when":1770512400},"min":{"value":704,"when":1770508800}},"dewpoint":{"average":{"overall":6.9},"max":{"value":7.2,"when":1770508800},"min":{"value":6.6,"when":1770512400}},"ecowitt_gateway_inTemp":{"average":{"overall":20.6},"max":{"value":20.6,"when":1770508800},"min":{"value":20.6,"when":1770508800}},"ecowitt_gateway_pressure":{"average":{"overall":1004},"max":{"value":1004,"when":1770508800},"min":{"value":1003,"when":1770508800}},"ecowitt_wh31_hall_inTemp":{"average":{"overall":15.3},"max":{"value":15.5,"when":1770508800},"min":{"value":15.3,"when":1770508800}},"ecowitt_wh31_patio_outTemp":{"average":{"overall":9.0},"max":{"value":9.2,"when":1770508800},"min":{"value":8.9,"when":1770508800}},"ecowitt_wh51_patio_outGroundHumidity":{"average":{"overall":57.5},"max":{"value":58.0,"when":1770508800},"min":{"value":57.0,"when":1770508800}},"ecowitt_wittboy_outTemp":{"average":{"overall":7.7},"max":{"value":8.1,"when":1770508800},"min":{"value":7.5,"when":1770512400}},"ecowitt_wittboy_rain_day":{"average":{"overall":0.0},"max":{"value":0.0,"when":1770508800},"min":{"value":0.0,"when":1770508800}},"ecowitt_wittboy_rain_event":{"average":{"overall":26.799997},"max":{"value":26.799997,"when":1770508800},"min":{"value":26.799997,"when":1770508800}},"ecowitt_wittboy_rain_rate":{"average":{"overall":0.0},"max":{"value":0.0,"when":1770508800},"min":{"value":0.0,"when":1770508800}},"ecowitt_wittboy_uvi":{"average":{"overall":0.0},"max":{"value":0.0,"when":1770508800},"min":{"value":0.0,"when":1770508800}},"ecowitt_wittboy_windDir":{"average":{"overall":210},"max":{"value":220,"when":1770508800},"min":{"value":188,"when":1770508800}},"ecowitt_wittboy_windGust":{"average":{"overall":8.4},"max":{"value":11.1,"when":1770508800},"min":{"value":6.5,"when":1770512400}},"ecowitt_wittboy_windSpeed":{"average":{"overall":6.8},"max":{"value":8.6,"when":1770508800},"min":{"value":5.0,"when":1770508800}},"ecowitt_wn34_shed_groundTemperature":{"average":{"overall":9.5},"max":{"value":9.7,"when":1770508800},"min":{"value":9.5,"when":1770508800}},"feelslike":{"average":{"overall":5.7},"max":{"value":6.3,"when":1770508800},"min":{"value":5.2,"when":1770508800}},"inHumidity":{"average":{"overall":64.9},"max":{"value":65.3,"when":1770512400},"min":{"value":64.3,"when":1770508800}},"inTemp":{"average":{"overall":20.6},"max":{"value":20.6,"when":1770508800},"min":{"value":20.6,"when":1770508800}},"lightning_strike_count":{"average":{"overall":0},"max":{"value":0,"when":1770508800},"min":{"value":0,"when":1770508800}},"luminosity":{"average":{"overall":0},"max":{"value":0,"when":1770508800},"min":{"value":0,"when":1770508800}},"netatmo_Chitterne_co2":{"average":{"overall":1994},"max":{"value":2030,"when":1770508800},"min":{"value":1980,"when":1770512400}},"netatmo_Chitterne_inTemp":{"average":{"overall":19.7},"max":{"value":19.8,"when":1770508800},"min":{"value":19.7,"when":1770512400}},"netatmo_Chitterne_noise":{"average":{"overall":32},"max":{"value":32,"when":1770508800},"min":{"value":32,"when":1770508800}},"netatmo_Chitterne_outTemp":{"average":{"overall":8.8},"max":{"value":8.9,"when":1770508800},"min":{"value":8.8,"when":1770512400}},"netatmo_Chitterne_pressure":{"average":{"overall":986},"max":{"value":986,"when":1770508800},"min":{"value":985,"when":1770508800}},"outHumidity":{"average":{"overall":94},"max":{"value":94,"when":1770508800},"min":{"value":94,"when":1770512400}},"outTemp":{"average":{"overall":7.7},"max":{"value":8.1,"when":1770508800},"min":{"value":7.5,"when":1770512400}},"pressure":{"average":{"overall":996},"max":{"value":996,"when":1770508800},"min":{"value":996,"when":1770508800}},"rain":{"average":{"overall":0.0},"max":{"value":0.0,"when":1770508800},"min":{"value":0.0,"when":1770508800}},"rainRate":{"average":{"overall":0.0},"max":{"value":0.0,"when":1770508800},"min":{"value":0.0,"when":1770508800}},"rain_total":{"average":{"overall":0.145833},"max":{"value":3.499993,"when":1770508800},"min":{"value":0.0,"when":1770508800}},"vpd":{"average":{"overall":0.08},"max":{"value":0.1,"when":1770512400},"min":{"value":0.07,"when":1770508800}},"windrun":{"average":{"overall":0.57},