{"charts":{"ET":[[0.53,0.64,0.79],[0.53,0.7,0.87],[0.67,0.83,0.94]],"api_cold":[[0.0,0.0,0.0],[0.0,0.0,0.0],[0.0,0.0,0.0]],"api_dew":[[0.0,0.0,0.0],[0.0,0.0,0.0],[0.0,0.0,0.0]],"api_foggy":[[0.0,0.0,0.0],[0.0,0.0,0.0],[0.0,0.0,0.0]],"api_frost_grass":[[0.0,0.0,0.0],[0.0,0.0,0.0],[0.0,0.0,0.0]],"api_frost_ground":[[0.0,0.0,0.0],[0.0,0.0,0.0],[0.0,0.0,0.0]],"api_hot":[[0.0,0.0,0.0],[0.0,0.0,0.0],[0.0,0.0,0.0]],"api_rainy":[[0.1,0.1,0.1],[0.0,0.0,0.0],[0.0,0.0,0.0]],"api_snowy":[[0.0,0.0,0.0],[0.0,0.0,0.0],[0.0,0.0,0.0]],"api_stormy":[[0.0,0.0,0.1],[0.0,0.0,0.0],[0.0,0.0,0.0]],"api_thundery":[[0.0,0.0,0.0],[0.0,0.0,0.0],[0.0,0.0,0.0]],"aq_uv_index_clear_sky":[[0,0,0],[0,0,0],[0,0,0]],"cloudbase":[[1685,1727,1769],[1751,1830,1931],[1862,1894,1925]],"dateTime":[1775343600,1775347200,1775350800],"dewpoint":[[5.7,6.1,6.5],[5.3,5.5,5.8],[5.3,5.4,5.5]],"ecowitt_gateway_inTemp":[[20.7,20.9,21.0],[20.6,20.6,20.7],[20.6,20.6,20.6]],"ecowitt_gateway_pressure":[[1012,1012,1012],[1012,1013,1013],[1013,1013,1013]],"ecowitt_wh31_hall_inTemp":[[17.4,17.7,18.0],[17.1,17.2,17.4],[17.0,17.0,17.1]],"ecowitt_wh31_patio_outTemp":[[9.5,9.7,9.9],[9.3,9.4,9.5],[9.3,9.4,9.4]],"ecowitt_wh51_patio_outGroundHumidity":[[8.0,8.0,8.2],[8.0,8.0,8.0],[8.0,8.0,8.0]],"ecowitt_wittboy_outTemp":[[9.2,9.4,9.7],[9.1,9.1,9.2],[9.2,9.2,9.2]],"ecowitt_wittboy_rain_day":[[0.0,0.041667,0.499999],[0.0,0.0,0.0],[0.0,0.0,0.0]],"ecowitt_wittboy_rain_event":[[0.499999,0.499999,0.499999],[0.0,0.041667,0.499999],[0.0,0.0,0.0]],"ecowitt_wittboy_rain_rate":[[0.0,0.05,0.599999],[0.0,0.0,0.0],[0.0,0.0,0.0]],"ecowitt_wittboy_uvi":[[0.0,0.0,0.0],[0.0,0.0,0.0],[0.0,0.0,0.0]],"ecowitt_wittboy_windDir":[[5,173,326],[142,212,349],[46,119,190]],"ecowitt_wittboy_windGust":[[7.0,11.5,21.1],[6.5,13.2,23.1],[10.1,15.0,19.1]],"ecowitt_wittboy_windSpeed":[[5.0,8.7,15.1],[4.5,8.8,13.1],[6.0,10.0,13.6]],"ecowitt_wn34_shed_groundTemperature":[[12.4,12.6,12.8],[12.3,12.5,12.6],[12.2,12.4,12.5]],"feelslike":[[6.4,6.8,7.5],[5.7,6.3,6.9],[5.5,5.9,6.5]],"inHumidity":[[57.3,57.3,57.4],[57.1,57.2,57.3],[57.1,57.2,57.3]],"inTemp":[[20.7,20.9,21.0],[20.7,20.7,20.7],[20.6,20.7,20.7]],"lightning_strike_count":[[0,0,0],[0,0,0],[0,0,0]],"luminosity":[[0,0,0],[0,0,0],[0,0,0]],"netatmo_Chitterne_co2":[[1690,1735,1771],[1668,1684,1699],[1641,1663,1681]],"netatmo_Chitterne_inTemp":[[20.7,20.8,20.9],[20.7,20.7,20.7],[20.6,20.7,20.7]],"netatmo_Chitterne_noise":[[32,32,35],[32,34,43],[32,32,33]],"netatmo_Chitterne_outTemp":[[9.4,9.7,10.1],[9.2,9.3,9.4],[9.2,9.2,9.3]],"netatmo_Chitterne_pressure":[[994,994,995],[995,995,995],[995,995,996]],"outHumidity":[[79,79,80],[77,78,79],[77,77,78]],"outTemp":[[9.2,9.4,9.7],[9.1,9.1,9.2],[9.2,9.2,9.2]],"pressure":[[1002,1002,1002],[1002,1002,1002],[1002,1005,1006]],"rain":[[0.0,0.0,0.0],[0.0,0.0,0.0],[0.0,0.0,0.0]],"rainRate":[[0.0,0.0,0.0],[0.0,0.0,0.0],[0.0,0.0,0.0]],"rain_total":[[0.0,0.0,0.0],[0.0,0.0,0.0],[0.0,0.0,0.0]],"vpd":[[0.24,0.24,0.24],[0.24,0.25,0.27],[0.27,0.27,0.27]],"windrun":[[0.42,0.72,1.26],[0.38,0.73,1.09],[0.5,0.83,1.13]]},"on_this_day":{"ET":{"average":{"overall":0.72},"max":{"value":0.94,"when":1775350800},"min":{"value":0.53,"when":1775343600}},"api_cold":{"average":{"overall":0.0},"max":{"value":0.0,"when":1775343600},"min":{"value":0.0,"when":1775343600}},"api_dew":{"average":{"overall":0.0},"max":{"value":0.0,"when":1775343600},"min":{"value":0.0,"when":1775343600}},"api_foggy":{"average":{"overall":0.0},"max":{"value":0.0,"when":1775343600},"min":{"value":0.0,"when":1775343600}},"api_frost_grass":{"average":{"overall":0.0},"max":{"value":0.0,"when":1775343600},"min":{"value":0.0,"when":1775343600}},"api_frost_ground":{"average":{"overall":0.0},"max":{"value":0.0,"when":1775343600},"min":{"value":0.0,"when":1775343600}},"api_hot":{"average":{"overall":0.0},"max":{"value":0.0,"when":1775343600},"min":{"value":0.0,"when":1775343600}},"api_rainy":{"average":{"overall":0.0},"max":{"value":0.1,"when":1775343600},"min":{"value":0.0,"when":1775347200}},"api_snowy":{"average":{"overall":0.0},"max":{"value":0.0,"when":1775343600},"min":{"value":0.0,"when":1775343600}},"api_stormy":{"average":{"overall":0.0},"max":{"value":0.1,"when":1775343600},"min":{"value":0.0,"when":1775343600}},"api_thundery":{"average":{"overall":0.0},"max":{"value":0.0,"when":1775343600},"min":{"value":0.0,"when":1775343600}},"aq_uv_index_clear_sky":{"average":{"overall":0},"max":{"value":0,"when":1775343600},"min":{"value":0,"when":1775343600}},"cloudbase":{"average":{"overall":1817},"max":{"value":1931,"when":1775347200},"min":{"value":1685,"when":1775343600}},"dewpoint":{"average":{"overall":5.7},"max":{"value":6.5,"when":1775343600},"min":{"value":5.3,"when":1775347200}},"ecowitt_gateway_inTemp":{"average":{"overall":20.7},"max":{"value":21.0,"when":1775343600},"min":{"value":20.6,"when":1775347200}},"ecowitt_gateway_pressure":{"average":{"overall":1013},"max":{"value":1013,"when":1775350800},"min":{"value":1012,"when":1775343600}},"ecowitt_wh31_hall_inTemp":{"average":{"overall":17.3},"max":{"value":18.0,"when":1775343600},"min":{"value":17.0,"when":1775350800}},"ecowitt_wh31_patio_outTemp":{"average":{"overall":9.5},"max":{"value":9.9,"when":1775343600},"min":{"value":9.3,"when":1775347200}},"ecowitt_wh51_patio_outGroundHumidity":{"average":{"overall":8.0},"max":{"value":8.2,"when":1775343600},"min":{"value":8.0,"when":1775343600}},"ecowitt_wittboy_outTemp":{"average":{"overall":9.2},"max":{"value":9.7,"when":1775343600},"min":{"value":9.1,"when":1775347200}},"ecowitt_wittboy_rain_day":{"average":{"overall":0.013889},"max":{"value":0.499999,"when":1775343600},"min":{"value":0.0,"when":1775343600}},"ecowitt_wittboy_rain_event":{"average":{"overall":0.180555},"max":{"value":0.499999,"when":1775343600},"min":{"value":0.0,"when":1775347200}},"ecowitt_wittboy_rain_rate":{"average":{"overall":0.016667},"max":{"value":0.599999,"when":1775343600},"min":{"value":0.0,"when":1775343600}},"ecowitt_wittboy_uvi":{"average":{"overall":0.0},"max":{"value":0.0,"when":1775343600},"min":{"value":0.0,"when":1775343600}},"ecowitt_wittboy_windDir":{"average":{"overall":168},"max":{"value":349,"when":1775347200},"min":{"value":5,"when":1775343600}},"ecowitt_wittboy_windGust":{"average":{"overall":13.2},"max":{"value":23.1,"when":1775347200},"min":{"value":6.5,"when":1775347200}},"ecowitt_wittboy_windSpeed":{"average":{"overall":9.2},"max":{"value":15.1,"when":1775343600},"min":{"value":4.5,"when":1775347200}},"ecowitt_wn34_shed_groundTemperature":{"average":{"overall":12.5},"max":{"value":12.8,"when":1775343600},"min":{"value":12.2,"when":1775350800}},"feelslike":{"average":{"overall":6.3},"max":{"value":7.5,"when":1775343600},"min":{"value":5.5,"when":1775350800}},"inHumidity":{"average":{"overall":57.2},"max":{"value":57.4,"when":1775343600},"min":{"value":57.1,"when":1775347200}},"inTemp":{"average":{"overall":20.8},"max":{"value":21.0,"when":1775343600},"min":{"value":20.6,"when":1775350800}},"lightning_strike_count":{"average":{"overall":0},"max":{"value":0,"when":1775343600},"min":{"value":0,"when":1775343600}},"luminosity":{"average":{"overall":0},"max":{"value":0,"when":1775343600},"min":{"value":0,"when":1775343600}},"netatmo_Chitterne_co2":{"average":{"overall":1694},"max":{"value":1771,"when":1775343600},"min":{"value":1641,"when":1775350800}},"netatmo_Chitterne_inTemp":{"average":{"overall":20.7},"max":{"value":20.9,"when":1775343600},"min":{"value":20.6,"when":1775350800}},"netatmo_Chitterne_noise":{"average":{"overall":33},"max":{"value":43,"when":1775347200},"min":{"value":32,"when":1775343600}},"netatmo_Chitterne_outTemp":{"average":{"overall":9.4},"max":{"value":10.1,"when":1775343600},"min":{"value":9.2,"when":1775347200}},"netatmo_Chitterne_pressure":{"average":{"overall":995},"max":{"value":996,"when":1775350800},"min":{"value":994,"when":1775343600}},"outHumidity":{"average":{"overall":78},"max":{"value":80,"when":1775343600},"min":{"value":77,"when":1775347200}},"outTemp":{"average":{"overall":9.3},