{"charts":{"ET":[[0.53,0.64,0.79],[0.53,0.7,0.87],[0.65,0.83,0.98],[0.54,0.69,0.81],[0.51,0.58,0.75]],"api_cold":[[0.0,0.0,0.0],[0.0,0.0,0.0],[0.0,0.0,0.0],[0.0,0.0,0.0],[0.0,0.0,0.0]],"api_dew":[[0.0,0.0,0.0],[0.0,0.0,0.0],[0.0,0.0,0.0],[0.0,0.0,0.0],[0.0,0.0,0.0]],"api_foggy":[[0.0,0.0,0.0],[0.0,0.0,0.0],[0.0,0.0,0.0],[0.0,0.0,0.0],[0.0,0.0,0.0]],"api_frost_grass":[[0.0,0.0,0.0],[0.0,0.0,0.0],[0.0,0.0,0.0],[0.0,0.0,0.0],[0.0,0.0,0.0]],"api_frost_ground":[[0.0,0.0,0.0],[0.0,0.0,0.0],[0.0,0.0,0.0],[0.0,0.0,0.0],[0.0,0.0,0.0]],"api_hot":[[0.0,0.0,0.0],[0.0,0.0,0.0],[0.0,0.0,0.0],[0.0,0.0,0.0],[0.0,0.0,0.0]],"api_rainy":[[0.1,0.1,0.1],[0.0,0.0,0.0],[0.0,0.0,0.0],[0.0,0.0,0.0],[0.0,0.0,0.0]],"api_snowy":[[0.0,0.0,0.0],[0.0,0.0,0.0],[0.0,0.0,0.0],[0.0,0.0,0.0],[0.0,0.0,0.0]],"api_stormy":[[0.0,0.0,0.1],[0.0,0.0,0.0],[0.0,0.0,0.0],[0.0,0.0,0.0],[0.0,0.0,0.0]],"api_thundery":[[0.0,0.0,0.0],[0.0,0.0,0.0],[0.0,0.0,0.0],[0.0,0.0,0.0],[0.0,0.0,0.0]],"aq_uv_index_clear_sky":[[0,0,0],[0,0,0],[0,0,0],[0,0,0],[0,0,0]],"cloudbase":[[1685,1727,1769],[1751,1830,1931],[1809,1860,1925],[1682,1765,1824],[1424,1582,1676]],"dateTime":[1775343600,1775347200,1775350800,1775354400,1775358000],"dewpoint":[[5.7,6.1,6.5],[5.3,5.5,5.8],[5.1,5.3,5.5],[4.7,5.0,5.2],[4.8,4.9,5.1]],"ecowitt_gateway_inTemp":[[20.7,20.9,21.0],[20.6,20.6,20.7],[20.6,20.6,20.7],[20.8,20.9,21.0],[21.0,21.2,21.3]],"ecowitt_gateway_pressure":[[1012,1012,1012],[1012,1013,1013],[1013,1013,1014],[1014,1014,1015],[1015,1015,1015]],"ecowitt_wh31_hall_inTemp":[[17.4,17.7,18.0],[17.1,17.2,17.4],[16.9,17.0,17.1],[16.3,16.5,16.8],[16.1,16.2,16.3]],"ecowitt_wh31_patio_outTemp":[[9.5,9.7,9.9],[9.3,9.4,9.5],[9.1,9.3,9.4],[8.6,8.8,9.1],[8.6,8.7,8.8]],"ecowitt_wh51_patio_outGroundHumidity":[[8.0,8.0,8.2],[8.0,8.0,8.0],[8.0,8.0,8.0],[8.0,8.0,8.0],[8.0,8.0,8.0]],"ecowitt_wittboy_outTemp":[[9.2,9.4,9.7],[9.1,9.1,9.2],[8.7,9.0,9.2],[8.0,8.4,8.7],[7.6,7.9,8.1]],"ecowitt_wittboy_rain_day":[[0.0,0.041667,0.499999],[0.0,0.0,0.0],[0.0,0.0,0.0],[0.0,0.0,0.0],[0.0,0.0,0.0]],"ecowitt_wittboy_rain_event":[[0.499999,0.499999,0.499999],[0.0,0.041667,0.499999],[0.0,0.0,0.0],[0.0,0.0,0.0],[0.0,0.0,0.0]],"ecowitt_wittboy_rain_rate":[[0.0,0.05,0.599999],[0.0,0.0,0.0],[0.0,0.0,0.0],[0.0,0.0,0.0],[0.0,0.0,0.0]],"ecowitt_wittboy_uvi":[[0.0,0.0,0.0],[0.0,0.0,0.0],[0.0,0.0,0.0],[0.0,0.0,0.0],[0.0,0.0,0.0]],"ecowitt_wittboy_windDir":[[5,173,326],[142,212,349],[46,213,343],[89,184,271],[169,209,246]],"ecowitt_wittboy_windGust":[[7.0,11.5,21.1],[6.5,13.2,23.1],[10.1,15.2,23.7],[7.5,14.6,19.1],[7.0,11.7,17.6]],"ecowitt_wittboy_windSpeed":[[5.0,8.7,15.1],[4.5,8.8,13.1],[6.0,11.7,20.6],[7.5,10.5,13.6],[6.0,9.3,12.1]],"ecowitt_wn34_shed_groundTemperature":[[12.4,12.6,12.8],[12.3,12.5,12.6],[12.2,12.3,12.5],[12.0,12.2,12.3],[11.8,11.9,12.1]],"feelslike":[[6.4,6.8,7.5],[5.7,6.3,6.9],[4.6,5.7,6.5],[4.7,5.3,5.9],[4.5,4.9,5.4]],"inHumidity":[[57.3,57.3,57.4],[57.1,57.2,57.3],[57.1,57.2,57.4],[57.3,57.3,57.3],[57.0,57.2,57.3]],"inTemp":[[20.7,20.9,21.0],[20.7,20.7,20.7],[20.6,20.7,20.7],[20.8,20.9,21.0],[21.0,21.2,21.3]],"lightning_strike_count":[[0,0,0],[0,0,0],[0,0,0],[0,0,0],[0,0,0]],"luminosity":[[0,0,0],[0,0,0],[0,0,0],[0,0,0],[0,0,0]],"netatmo_Chitterne_co2":[[1690,1735,1771],[1668,1684,1699],[1637,1685,1793],[1710,1759,1813],[1684,1717,1745]],"netatmo_Chitterne_inTemp":[[20.7,20.8,20.9],[20.7,20.7,20.7],[20.6,20.6,20.7],[20.5,20.5,20.6],[20.3,20.4,20.4]],"netatmo_Chitterne_noise":[[32,32,35],[32,34,43],[32,33,43],[32,32,33],[32,32,32]],"netatmo_Chitterne_outTemp":[[9.4,9.7,10.1],[9.2,9.3,9.4],[9.0,9.2,9.3],[8.5,8.8,9.0],[8.4,8.5,8.6]],"netatmo_Chitterne_pressure":[[994,994,995],[995,995,995],[995,996,996],[996,997,997],[997,997,998]],"outHumidity":[[79,79,80],[77,78,79],[77,78,78],[78,79,80],[80,81,84]],"outTemp":[[9.2,9.4,9.7],[9.1,9.1,9.2],[8.7,9.1,9.2],[8.0,8.4,8.7],[7.6,7.9,8.1]],"pressure":[[1002,1002,1002],[1002,1002,1002],[1002,1005,1006],[1006,1006,1006],[1006,1006,1006]],"rain":[[0.0,0.0,0.0],[0.0,0.0,0.0],[0.0,0.0,0.0],[0.0,0.0,0.0],[0.0,0.0,0.0]],"rainRate":[[0.0,0.0,0.0],[0.0,0.0,0.0],[0.0,0.0,0.0],[0.0,0.0,0.0],[0.0,0.0,0.0]],"rain_total":[[0.0,0.0,0.0],[0.0,0.0,0.0],[0.0,0.0,0.0],[0.0,0.0,0.0],[0.0,0.0,0.0]],"vpd":[[0.24,0.24,0.24],[0.24,0.25,0.27],[0.24,0.26,0.27],[0.2,0.23,0.24],[0.17,0.19,0.2]],"windrun":[[0.42,0.72,1.26],[0.38,0.73,1.09],[0.5,0.97,1.72],[0.63,0.87,1.13],[0.5,0.78,1.01]]},"on_this_day":{"ET":{"average":{"overall":0.69},"max":{"value":0.98,"when":1775350800},"min":{"value":0.51,"when":1775358000}},"api_cold":{"average":{"overall":0.0},"max":{"value":0.0,"when":1775343600},"min":{"value":0.0,"when":1775343600}},"api_dew":{"average":{"overall":0.0},"max":{"value":0.0,"when":1775343600},"min":{"value":0.0,"when":1775343600}},"api_foggy":{"average":{"overall":0.0},"max":{"value":0.0,"when":1775343600},"min":{"value":0.0,"when":1775343600}},"api_frost_grass":{"average":{"overall":0.0},"max":{"value":0.0,"when":1775343600},"min":{"value":0.0,"when":1775343600}},"api_frost_ground":{"average":{"overall":0.0},"max":{"value":0.0,"when":1775343600},"min":{"value":0.0,"when":1775343600}},"api_hot":{"average":{"overall":0.0},"max":{"value":0.0,"when":1775343600},"min":{"value":0.0,"when":1775343600}},"api_rainy":{"average":{"overall":0.0},"max":{"value":0.1,"when":1775343600},"min":{"value":0.0,"when":1775347200}},"api_snowy":{"average":{"overall":0.0},"max":{"value":0.0,"when":1775343600},"min":{"value":0.0,"when":1775343600}},"api_stormy":{"average":{"overall":0.0},"max":{"value":0.1,"when":1775343600},"min":{"value":0.0,"when":1775343600}},"api_thundery":{"average":{"overall":0.0},"max":{"value":0.0,"when":1775343600},"min":{"value":0.0,"when":1775343600}},"aq_uv_index_clear_sky":{"average":{"overall":0},"max":{"value":0,"when":1775343600},"min":{"value":0,"when":1775343600}},"cloudbase":{"average":{"overall":1753},"max":{"value":1931,"when":1775347200},"min":{"value":1424,"when":1775358000}},"dewpoint":{"average":{"overall":5.4},"max":{"value":6.5,"when":1775343600},"min":{"value":4.7,"when":1775354400}},"ecowitt_gateway_inTemp":{"average":{"overall":20.8},"max":{"value":21.3,"when":1775358000},"min":{"value":20.6,"when":1775347200}},"ecowitt_gateway_pressure":{"average":{"overall":1013},"max":{"value":1015,"when":1775358000},"min":{"value":1012,"when":1775343600}},"ecowitt_wh31_hall_inTemp":{"average":{"overall":16.9},"max":{"value":18.0,"when":1775343600},"min":{"value":16.1,"when":1775358000}},"ecowitt_wh31_patio_outTemp":{"average":{"overall":9.2},"max":{"value":9.9,"when":1775343600},"min":{"value":8.6,"when":1775358000}},"ecowitt_wh51_patio_outGroundHumidity":{"average":{"overall":8.0},"max":{"value":8.2,"when":1775343600},"min":{"value":8.0,"when":1775343600}},"ecowitt_wittboy_outTemp":{"average":{"overall":8.8},"max":{"value":9.7,"when":1775343600},"min":{"value":7.6,"when":1775358000}},"ecowitt_wittboy_rain_day":{"average":{"overall":0.008333},"max":{"value":0.499999,"when":1775343600},"min":{"value":0.0,"when":1775343600}},"ecowitt_wittboy_rain_event":{"average":{"overall":0.108333},"max":{"value":0.499999,"when":1775343600},"min":{"value":0.0,"when":1775347200}},"ecowitt_wittboy_rain_rate":{"average":{"overall":0.01},"max":{"value":0.599999,"when":1775343600},"min":{"value":0.0,"when":1775343600}},"ecowitt_wittboy_uvi":{"average":{"overall":0.0},"max":{"value":0.0,"when":1775343600},"min":{"value":0.0,"when":1775343600}},"ecowitt_wittboy_windDir":{"average":{"overall":198},"max":{"value":349,"when":1775347200},"min":{"value":5,"when":1775343600}},"ecowitt_wittboy_windGust":{"average":{"overall":13.2},"max":{"value":23.7,"when":1775350800},"min":{"value":6.5,"when":1775347200}},"ecowitt_wittboy_windSpeed":{"average":{"overall":9.8},"max":{"value":20.6,"when":1775350800},"min":{"value":4.5,"when":1775347200}},"ecowitt_wn34_shed_groundTemperature":{"average":{"overall":12.3},"max":{"value":12.8,"when":1775343600},"min":{"value":11.8,"when":1775358000}},"feelslike":{"average":{"overall":5.8},"max":{"value":7.5,