{"charts":{"ET":[[0.25,0.33,0.38],[0.27,0.31,0.35],[0.31,0.33,0.35]],"api_cold":[[0.0,0.0,0.0],[0.0,0.0,0.0],[0.0,0.0,0.0]],"api_dew":[[0.0,0.0,0.0],[0.0,0.0,0.0],[0.0,0.0,0.0]],"api_foggy":[[0.3,0.3,0.3],[0.4,0.5,0.6],[0.6,0.6,0.6]],"api_frost_grass":[[0.0,0.0,0.0],[0.0,0.0,0.0],[0.0,0.0,0.0]],"api_frost_ground":[[0.0,0.0,0.0],[0.0,0.0,0.0],[0.0,0.0,0.0]],"api_hot":[[0.0,0.0,0.0],[0.0,0.0,0.0],[0.0,0.0,0.0]],"api_rainy":[[0.0,0.0,0.0],[0.0,0.0,0.0],[0.0,0.0,0.0]],"api_snowy":[[0.0,0.0,0.0],[0.0,0.0,0.0],[0.0,0.0,0.0]],"api_stormy":[[0.0,0.0,0.0],[0.0,0.0,0.0],[0.0,0.0,0.0]],"api_thundery":[[0.0,0.0,0.0],[0.0,0.0,0.0],[0.0,0.0,0.0]],"aq_uv_index_clear_sky":[[0,0,0],[0,0,0],[0,0,0]],"cloudbase":[[897,916,918],[883,890,916],[915,916,916]],"dateTime":[1777762800,1777766400,1777770000],"dewpoint":[[11.2,11.3,11.3],[11.0,11.2,11.3],[10.8,10.9,11.0]],"ecowitt_gateway_inTemp":[[19.6,19.7,19.8],[19.4,19.5,19.6],[19.3,19.3,19.4]],"ecowitt_gateway_pressure":[[1015,1015,1015],[1014,1014,1015],[1014,1014,1014]],"ecowitt_wh31_hall_inTemp":[[16.9,16.9,17.0],[16.8,16.9,16.9],[16.8,16.8,16.8]],"ecowitt_wh31_patio_outTemp":[[13.6,13.7,13.8],[13.5,13.5,13.6],[13.3,13.4,13.4]],"ecowitt_wh51_patio_outGroundHumidity":[[20.0,20.0,20.0],[20.0,20.0,20.0],[20.0,20.0,20.0]],"ecowitt_wittboy_outTemp":[[11.7,11.7,11.8],[11.5,11.6,11.7],[11.3,11.3,11.4]],"ecowitt_wittboy_rain_day":[[0.0,0.308333,3.699993],[0.0,0.0,0.0],[0.0,0.0,0.0]],"ecowitt_wittboy_rain_event":[[3.699993,3.699993,3.699993],[3.699993,3.699993,3.699993],[3.699993,3.699993,3.699993]],"ecowitt_wittboy_rain_rate":[[0.0,0.0,0.0],[0.0,0.0,0.0],[0.0,0.0,0.0]],"ecowitt_wittboy_uvi":[[0.0,0.0,0.0],[0.0,0.0,0.0],[0.0,0.0,0.0]],"ecowitt_wittboy_windDir":[[193,207,218],[200,207,218],[196,201,207]],"ecowitt_wittboy_windGust":[[8.0,9.3,10.9],[8.7,9.5,10.9],[8.0,9.2,10.2]],"ecowitt_wittboy_windSpeed":[[7.3,8.5,9.4],[7.3,8.3,10.9],[7.3,8.4,9.4]],"ecowitt_wn34_shed_groundTemperature":[[15.8,16.0,16.1],[15.5,15.7,15.8],[15.4,15.5,15.8]],"feelslike":[[10.6,10.9,11.5],[10.3,10.7,11.3],[10.1,10.3,10.6]],"inHumidity":[[58.0,58.2,58.5],[58.4,58.5,58.5],[58.5,58.5,58.5]],"inTemp":[[18.2,18.3,18.4],[18.1,18.2,18.2],[18.1,18.1,18.1]],"lightning_strike_count":[[0,0,0],[0,0,0],[0,0,0]],"luminosity":[[0,0,0],[0,0,0],[0,0,0]],"netatmo_Chitterne_co2":[[null,null,null],[null,null,null],[null,null,null]],"netatmo_Chitterne_inTemp":[[null,null,null],[null,null,null],[null,null,null]],"netatmo_Chitterne_noise":[[null,null,null],[null,null,null],[null,null,null]],"netatmo_Chitterne_outTemp":[[null,null,null],[null,null,null],[null,null,null]],"netatmo_Chitterne_pressure":[[null,null,null],[null,null,null],[null,null,null]],"outHumidity":[[91,91,91],[91,91,92],[91,91,91]],"outTemp":[[12.7,12.7,12.8],[12.5,12.6,12.7],[12.3,12.3,12.4]],"pressure":[[1016,1016,1016],[1013,1015,1016],[1013,1013,1016]],"rain":[[null,null,null],[null,null,null],[null,null,null]],"rainRate":[[0.0,0.0,0.0],[0.0,0.0,0.0],[0.0,0.0,0.0]],"rain_total":[[null,null,null],[null,null,null],[null,null,null]],"vpd":[[0.14,0.14,0.14],[0.14,0.14,0.14],[0.14,0.14,0.14]],"windrun":[[0.61,0.71,0.79],[0.61,0.69,0.91],[0.61,0.71,0.79]]},"on_this_day":{"ET":{"average":{"overall":0.32},"max":{"value":0.38,"when":1777762800},"min":{"value":0.25,"when":1777762800}},"api_cold":{"average":{"overall":0.0},"max":{"value":0.0,"when":1777762800},"min":{"value":0.0,"when":1777762800}},"api_dew":{"average":{"overall":0.0},"max":{"value":0.0,"when":1777762800},"min":{"value":0.0,"when":1777762800}},"api_foggy":{"average":{"overall":0.4},"max":{"value":0.6,"when":1777766400},"min":{"value":0.3,"when":1777762800}},"api_frost_grass":{"average":{"overall":0.0},"max":{"value":0.0,"when":1777762800},"min":{"value":0.0,"when":1777762800}},"api_frost_ground":{"average":{"overall":0.0},"max":{"value":0.0,"when":1777762800},"min":{"value":0.0,"when":1777762800}},"api_hot":{"average":{"overall":0.0},"max":{"value":0.0,"when":1777762800},"min":{"value":0.0,"when":1777762800}},"api_rainy":{"average":{"overall":0.0},"max":{"value":0.0,"when":1777762800},"min":{"value":0.0,"when":1777762800}},"api_snowy":{"average":{"overall":0.0},"max":{"value":0.0,"when":1777762800},"min":{"value":0.0,"when":1777762800}},"api_stormy":{"average":{"overall":0.0},"max":{"value":0.0,"when":1777762800},"min":{"value":0.0,"when":1777762800}},"api_thundery":{"average":{"overall":0.0},"max":{"value":0.0,"when":1777762800},"min":{"value":0.0,"when":1777762800}},"aq_uv_index_clear_sky":{"average":{"overall":0},"max":{"value":0,"when":1777762800},"min":{"value":0,"when":1777762800}},"cloudbase":{"average":{"overall":907},"max":{"value":918,"when":1777762800},"min":{"value":883,"when":1777766400}},"dewpoint":{"average":{"overall":11.1},"max":{"value":11.3,"when":1777762800},"min":{"value":10.8,"when":1777770000}},"ecowitt_gateway_inTemp":{"average":{"overall":19.5},"max":{"value":19.8,"when":1777762800},"min":{"value":19.3,"when":1777770000}},"ecowitt_gateway_pressure":{"average":{"overall":1015},"max":{"value":1015,"when":1777762800},"min":{"value":1014,"when":1777766400}},"ecowitt_wh31_hall_inTemp":{"average":{"overall":16.9},"max":{"value":17.0,"when":1777762800},"min":{"value":16.8,"when":1777770000}},"ecowitt_wh31_patio_outTemp":{"average":{"overall":13.5},"max":{"value":13.8,"when":1777762800},"min":{"value":13.3,"when":1777770000}},"ecowitt_wh51_patio_outGroundHumidity":{"average":{"overall":20.0},"max":{"value":20.0,"when":1777762800},"min":{"value":20.0,"when":1777762800}},"ecowitt_wittboy_outTemp":{"average":{"overall":11.6},"max":{"value":11.8,"when":1777762800},"min":{"value":11.3,"when":1777770000}},"ecowitt_wittboy_rain_day":{"average":{"overall":0.102778},"max":{"value":3.699993,"when":1777762800},"min":{"value":0.0,"when":1777762800}},"ecowitt_wittboy_rain_event":{"average":{"overall":3.699993},"max":{"value":3.699993,"when":1777762800},"min":{"value":3.699993,"when":1777762800}},"ecowitt_wittboy_rain_rate":{"average":{"overall":0.0},"max":{"value":0.0,"when":1777762800},"min":{"value":0.0,"when":1777762800}},"ecowitt_wittboy_uvi":{"average":{"overall":0.0},"max":{"value":0.0,"when":1777762800},"min":{"value":0.0,"when":1777762800}},"ecowitt_wittboy_windDir":{"average":{"overall":205},"max":{"value":218,"when":1777762800},"min":{"value":193,"when":1777762800}},"ecowitt_wittboy_windGust":{"average":{"overall":9.3},"max":{"value":10.9,"when":1777762800},"min":{"value":8.0,"when":1777762800}},"ecowitt_wittboy_windSpeed":{"average":{"overall":8.4},"max":{"value":10.9,"when":1777766400},"min":{"value":7.3,"when":1777762800}},"ecowitt_wn34_shed_groundTemperature":{"average":{"overall":15.7},"max":{"value":16.1,"when":1777762800},"min":{"value":15.4,"when":1777770000}},"feelslike":{"average":{"overall":10.7},"max":{"value":11.5,"when":1777762800},"min":{"value":10.1,"when":1777770000}},"inHumidity":{"average":{"overall":58.4},"max":{"value":58.5,"when":1777762800},"min":{"value":58.0,"when":1777762800}},"inTemp":{"average":{"overall":18.2},"max":{"value":18.4,"when":1777762800},"min":{"value":18.1,"when":1777770000}},"lightning_strike_count":{"average":{"overall":0},"max":{"value":0,"when":1777762800},"min":{"value":0,"when":1777762800}},"luminosity":{"average":{"overall":0},"max":{"value":0,"when":1777762800},"min":{"value":0,"when":1777762800}},"netatmo_Chitterne_co2":{"average":{"overall":null},"max":{"value":null,"when":null},"min":{"value":null,"when":null}},"netatmo_Chitterne_inTemp":{"average":{"overall":null},"max":{"value":null,"when":null},"min":{"value":null,"when":null}},"netatmo_Chitterne_noise":{"average":{"overall":null},"max":{"value":null,"when":null},"min":{"value":null,"when":null}},"netatmo_Chitterne_outTemp":{"average":{"overall":null},"max":{"value":null,"when":null},"min":{"value":null,"when":null}},"netatmo_Chitterne_pressure":{"average":{"overall":null},"max":{"value":null,"when":null},"min":{"value":null,"when":null}},"outHumidity":{"average":{"overall":91},"max":{"value":92,"when":1777766400},