{"charts":{"ET":[[0.65,0.71,0.84],[0.58,0.72,0.82],[0.58,0.67,0.8],[0.61,0.68,0.74],[0.5,0.66,0.79],[0.57,0.57,0.57]],"api_cold":[[0.0,0.0,0.0],[0.0,0.0,0.0],[0.0,0.0,0.0],[0.0,0.0,0.0],[0.0,0.0,0.0],[0.0,0.0,0.0]],"api_dew":[[0.0,0.0,0.0],[0.0,0.0,0.0],[0.0,0.0,0.0],[0.0,0.0,0.0],[0.0,0.0,0.0],[0.0,0.0,0.0]],"api_foggy":[[0.0,0.0,0.0],[0.0,0.0,0.0],[0.0,0.0,0.0],[0.0,0.0,0.0],[0.0,0.0,0.0],[0.0,0.0,0.0]],"api_frost_grass":[[0.0,0.0,0.0],[0.0,0.0,0.0],[0.0,0.0,0.0],[0.0,0.0,0.0],[0.0,0.0,0.0],[0.0,0.0,0.0]],"api_frost_ground":[[0.0,0.0,0.0],[0.0,0.0,0.0],[0.0,0.0,0.0],[0.0,0.0,0.0],[0.0,0.0,0.0],[0.0,0.0,0.0]],"api_hot":[[0.0,0.0,0.0],[0.0,0.0,0.0],[0.0,0.0,0.0],[0.0,0.0,0.0],[0.0,0.0,0.0],[0.0,0.0,0.0]],"api_rainy":[[0.1,0.1,0.1],[0.1,0.1,0.1],[0.0,0.1,0.1],[0.0,0.0,0.0],[0.0,0.0,0.0],[0.0,0.0,0.0]],"api_snowy":[[0.0,0.0,0.0],[0.0,0.0,0.0],[0.0,0.0,0.0],[0.0,0.0,0.0],[0.0,0.0,0.0],[0.0,0.0,0.0]],"api_stormy":[[0.0,0.0,0.0],[0.0,0.0,0.0],[0.0,0.0,0.0],[0.0,0.0,0.0],[0.0,0.0,0.0],[0.0,0.0,0.0]],"api_thundery":[[0.0,0.0,0.0],[0.0,0.0,0.0],[0.0,0.0,0.0],[0.0,0.0,0.0],[0.0,0.0,0.0],[0.0,0.0,0.0]],"aq_uv_index_clear_sky":[[0,0,0],[0,0,0],[0,0,0],[0,0,0],[0,0,0],[0,0,0]],"cloudbase":[[1285,1345,1396],[1369,1380,1406],[1282,1363,1419],[1281,1297,1327],[1196,1250,1296],[1223,1223,1223]],"dateTime":[1760828400,1760832000,1760835600,1760839200,1760842800,1760846400],"dewpoint":[[9.4,9.4,9.5],[9.5,9.6,9.7],[9.6,9.7,9.8],[9.7,9.8,9.8],[9.5,9.6,9.7],[9.6,9.6,9.6]],"ecowitt_gateway_inTemp":[[19.3,19.4,19.5],[19.3,19.4,19.4],[19.4,19.5,19.6],[19.6,19.8,19.9],[19.9,19.9,20.0],[19.9,19.9,19.9]],"ecowitt_gateway_pressure":[[1017,1017,1017],[1015,1016,1017],[1015,1015,1015],[1014,1014,1015],[1013,1013,1014],[1013,1013,1013]],"ecowitt_wh31_hall_inTemp":[[16.6,16.6,16.6],[16.5,16.5,16.6],[16.5,16.5,16.5],[16.5,16.5,16.6],[16.6,16.6,16.6],[16.6,16.6,16.6]],"ecowitt_wh31_patio_outTemp":[[12.0,12.1,12.3],[12.3,12.3,12.4],[12.3,12.4,12.4],[12.2,12.3,12.4],[11.9,12.1,12.2],[11.9,11.9,11.9]],"ecowitt_wh51_patio_outGroundHumidity":[[19.0,19.0,19.0],[19.0,19.0,19.0],[19.0,19.0,19.0],[19.0,19.0,19.0],[19.0,19.0,19.0],[19.0,19.0,19.0]],"ecowitt_wittboy_outTemp":[[11.6,11.7,11.8],[11.8,11.9,12.0],[11.8,12.0,12.2],[11.7,11.8,11.9],[11.4,11.5,11.6],[11.6,11.6,11.6]],"ecowitt_wittboy_rain_day":[[0.0,0.0,0.0],[0.0,0.0,0.0],[0.0,0.0,0.0],[0.0,0.0,0.0],[0.0,0.0,0.0],[0.0,0.0,0.0]],"ecowitt_wittboy_rain_event":[[1.499997,1.499997,1.499997],[1.499997,1.499997,1.499997],[1.499997,1.499997,1.499997],[1.499997,1.499997,1.499997],[1.499997,1.499997,1.499997],[1.499997,1.499997,1.499997]],"ecowitt_wittboy_rain_rate":[[0.0,0.0,0.0],[0.0,0.0,0.0],[0.0,0.0,0.0],[0.0,0.0,0.0],[0.0,0.0,0.0],[0.0,0.0,0.0]],"ecowitt_wittboy_uvi":[[0.0,0.0,0.0],[0.0,0.0,0.0],[0.0,0.0,0.0],[0.0,0.0,0.0],[0.0,0.0,0.0],[0.0,0.0,0.0]],"ecowitt_wittboy_windDir":[[136,176,208],[50,166,223],[127,188,231],[160,174,196],[169,187,206],[169,169,169]],"ecowitt_wittboy_windGust":[[14.3,17.7,25.2],[10.9,17.1,24.3],[12.6,15.0,18.4],[12.6,18.0,23.5],[11.7,17.6,32.7],[18.4,18.4,18.4]],"ecowitt_wittboy_windSpeed":[[10.1,15.3,21.8],[7.5,14.1,20.1],[10.1,12.3,17.6],[10.9,14.2,19.3],[8.4,14.4,31.9],[10.1,10.1,10.1]],"ecowitt_wn34_shed_groundTemperature":[[12.4,12.7,13.0],[12.5,12.6,12.8],[12.6,12.7,12.9],[12.4,12.6,12.8],[12.3,12.6,12.8],[12.8,12.8,12.8]],"feelslike":[[8.2,9.0,9.5],[8.7,9.4,10.2],[9.0,9.7,10.4],[8.7,9.3,9.9],[7.3,8.9,10.0],[9.3,9.3,9.3]],"inHumidity":[[63.4,63.6,63.7],[63.3,63.6,64.0],[63.7,63.7,64.0],[63.3,63.5,63.7],[63.3,63.3,63.7],[63.3,63.3,63.3]],"inTemp":[[18.3,18.4,18.5],[18.3,18.3,18.3],[18.3,18.3,18.3],[18.3,18.4,18.4],[18.4,18.4,18.4],[18.4,18.4,18.4]],"lightning_strike_count":[[0,0,0],[0,0,0],[0,0,0],[0,0,0],[0,0,0],[0,0,0]],"luminosity":[[0,0,0],[0,0,0],[0,0,0],[0,0,0],[0,0,0],[0,0,0]],"netatmo_Chitterne_co2":[[1214,1254,1293],[1304,1325,1347],[1277,1298,1332],[1290,1309,1347],[1163,1224,1305],[1144,1144,1144]],"netatmo_Chitterne_inTemp":[[19.1,19.3,19.4],[19.0,19.0,19.1],[18.8,18.9,19.0],[18.7,18.8,18.9],[18.6,18.7,18.7],[18.6,18.6,18.6]],"netatmo_Chitterne_noise":[[32,32,32],[32,34,40],[32,32,32],[32,32,32],[32,32,32],[32,32,32]],"netatmo_Chitterne_outTemp":[[11.8,11.9,12.1],[12.1,12.2,12.3],[12.2,12.3,12.3],[12.1,12.2,12.3],[11.8,11.9,12.1],[11.8,11.8,11.8]],"netatmo_Chitterne_pressure":[[999,1000,1000],[998,999,999],[997,997,998],[996,997,997],[995,995,996],[995,995,995]],"outHumidity":[[84,85,86],[84,85,85],[84,85,86],[85,86,86],[86,86,87],[87,87,87]],"outTemp":[[11.8,11.9,12.1],[12.1,12.2,12.2],[12.1,12.2,12.3],[12.0,12.1,12.2],[11.7,11.8,11.9],[11.8,11.8,11.8]],"pressure":[[1009,1009,1009],[1006,1007,1009],[1006,1006,1006],[1006,1006,1006],[1002,1005,1006],[1002,1002,1002]],"rain":[[0.0,0.0,0.0],[0.0,0.0,0.0],[0.0,0.0,0.0],[0.0,0.0,0.0],[0.0,0.0,0.0],[0.0,0.0,0.0]],"rainRate":[[0.0,0.0,0.0],[0.0,0.0,0.0],[0.0,0.0,0.0],[0.0,0.0,0.0],[0.0,0.0,0.0],[0.0,0.0,0.0]],"rain_total":[[0.0,0.05,0.499999],[0.0,0.0,0.0],[0.0,0.0,0.0],[0.0,0.0,0.0],[0.0,0.0,0.0],[0.0,0.0,0.0]],"vpd":[[0.2,0.21,0.24],[0.2,0.21,0.24],[0.2,0.21,0.24],[0.2,0.2,0.2],[0.17,0.18,0.2],[0.17,0.17,0.17]],"windrun":[[0.84,1.28,1.82],[0.63,1.17,1.68],[0.84,1.03,1.47],[0.91,1.18,1.61],[0.7,1.2,2.66],[0.84,0.84,0.84]]},"on_this_day":{"ET":{"average":{"overall":0.67},"max":{"value":0.84,"when":1760828400},"min":{"value":0.5,"when":1760842800}},"api_cold":{"average":{"overall":0.0},"max":{"value":0.0,"when":1760828400},"min":{"value":0.0,"when":1760828400}},"api_dew":{"average":{"overall":0.0},"max":{"value":0.0,"when":1760828400},"min":{"value":0.0,"when":1760828400}},"api_foggy":{"average":{"overall":0.0},"max":{"value":0.0,"when":1760828400},"min":{"value":0.0,"when":1760828400}},"api_frost_grass":{"average":{"overall":0.0},"max":{"value":0.0,"when":1760828400},"min":{"value":0.0,"when":1760828400}},"api_frost_ground":{"average":{"overall":0.0},"max":{"value":0.0,"when":1760828400},"min":{"value":0.0,"when":1760828400}},"api_hot":{"average":{"overall":0.0},"max":{"value":0.0,"when":1760828400},"min":{"value":0.0,"when":1760828400}},"api_rainy":{"average":{"overall":0.1},"max":{"value":0.1,"when":1760828400},"min":{"value":0.0,"when":1760835600}},"api_snowy":{"average":{"overall":0.0},"max":{"value":0.0,"when":1760828400},"min":{"value":0.0,"when":1760828400}},"api_stormy":{"average":{"overall":0.0},"max":{"value":0.0,"when":1760828400},"min":{"value":0.0,"when":1760828400}},"api_thundery":{"average":{"overall":0.0},"max":{"value":0.0,"when":1760828400},"min":{"value":0.0,"when":1760828400}},"aq_uv_index_clear_sky":{"average":{"overall":0},"max":{"value":0,"when":1760828400},"min":{"value":0,"when":1760828400}},"cloudbase":{"average":{"overall":1310},"max":{"value":1419,"when":1760835600},"min":{"value":1196,"when":1760842800}},"dewpoint":{"average":{"overall":9.6},"max":{"value":9.8,"when":1760835600},"min":{"value":9.4,"when":1760828400}},"ecowitt_gateway_inTemp":{"average":{"overall":19.6},"max":{"value":20.0,"when":1760842800},"min":{"value":19.3,"when":1760832000}},"ecowitt_gateway_pressure":{"average":{"overall":1015},"max":{"value":1017,"when":1760828400},"min":{"value":1013,"when":1760846400}},"ecowitt_wh31_hall_inTemp":{"average":{"overall":16.6},"max":{"value":16.6,"when":1760842800},"min":{"value":16.5,"when":1760832000}},"ecowitt_wh31_patio_outTemp":{"average":{"overall":12.2},"max":{"value":12.4,"when":1760835600},"min":{"value":11.9,"when":1760842800}},"ecowitt_wh51_patio_outGroundHumidity":{"average":{"overall":19.0},"max":{"value":19.0,"when":1760828400},"min":{"value":19.0,"when":1760828400}},"ecowitt_wittboy_outTemp":{"average":{"overall":11.8},"max":{"value":12.2,"when":1760835600},"min":{"value":11.4,"when":1760842800}},"ecowitt_wittboy_rain_day":{"average":{"overall":0.0},"max":{"value":0.0,"when":1760828400},"min":{"value":0.0,"when":1760828400}},"ecowitt_wittboy_rain_event":{"average":{"overall":1.499997},"max":{"value":1.499997,"when":1760828400},"min":{"value":1.499997,"when":1760828400}},