{"charts":{"ET":[[0.27,0.33,0.39],[0.29,0.38,0.5],[0.24,0.32,0.39],[0.2,0.28,0.36],[0.25,0.28,0.32]],"api_cold":[[0.0,0.0,0.0],[0.0,0.0,0.0],[0.0,0.0,0.1],[0.1,0.2,0.3],[0.3,0.3,0.3]],"api_dew":[[0.3,0.3,0.3],[0.1,0.2,0.3],[0.0,0.0,0.0],[0.0,0.0,0.0],[0.0,0.0,0.0]],"api_foggy":[[0.0,0.0,0.0],[0.0,0.0,0.0],[0.0,0.0,0.0],[0.0,0.0,0.0],[0.0,0.0,0.0]],"api_frost_grass":[[0.1,0.1,0.1],[0.1,0.2,0.3],[0.4,0.5,0.6],[0.4,0.5,0.6],[0.4,0.5,0.6]],"api_frost_ground":[[0.0,0.0,0.0],[0.0,0.0,0.0],[0.0,0.0,0.0],[0.0,0.0,0.1],[0.1,0.1,0.1]],"api_hot":[[0.0,0.0,0.0],[0.0,0.0,0.0],[0.0,0.0,0.0],[0.0,0.0,0.0],[0.0,0.0,0.0]],"api_rainy":[[0.0,0.0,0.0],[0.0,0.0,0.0],[0.0,0.0,0.0],[0.0,0.0,0.0],[0.0,0.0,0.0]],"api_snowy":[[0.0,0.0,0.0],[0.0,0.0,0.0],[0.0,0.0,0.0],[0.0,0.0,0.0],[0.0,0.0,0.0]],"api_stormy":[[0.0,0.0,0.0],[0.0,0.0,0.0],[0.0,0.0,0.0],[0.0,0.0,0.0],[0.0,0.0,0.0]],"api_thundery":[[0.0,0.0,0.0],[0.0,0.0,0.0],[0.0,0.0,0.0],[0.0,0.0,0.0],[0.0,0.0,0.0]],"aq_uv_index_clear_sky":[[0,0,0],[0,0,0],[0,0,0],[0,0,0],[0,0,0]],"cloudbase":[[1056,1075,1103],[1092,1138,1186],[1103,1147,1179],[927,1052,1123],[981,1021,1057]],"dateTime":[1764460800,1764464400,1764468000,1764471600,1764475200],"dewpoint":[[3.0,3.1,3.4],[2.3,2.8,3.0],[0.6,1.3,2.1],[-0.5,-0.1,0.5],[-0.2,-0.1,0.1]],"ecowitt_gateway_inTemp":[[17.7,17.7,17.8],[17.7,17.7,17.8],[17.8,17.8,17.9],[17.9,18.0,18.1],[18.1,18.2,18.3]],"ecowitt_gateway_pressure":[[1012,1013,1013],[1013,1013,1014],[1014,1015,1015],[1015,1015,1016],[1016,1016,1016]],"ecowitt_wh31_hall_inTemp":[[13.8,13.8,13.9],[13.8,13.9,13.9],[13.5,13.7,13.8],[13.2,13.3,13.4],[13.1,13.2,13.2]],"ecowitt_wh31_patio_outTemp":[[5.3,5.4,5.5],[5.3,5.4,5.5],[4.0,4.7,5.2],[3.5,3.8,4.1],[3.4,3.4,3.5]],"ecowitt_wh51_patio_outGroundHumidity":[[45.0,45.0,45.0],[45.0,45.0,45.0],[45.0,45.0,45.0],[45.0,45.0,45.0],[45.0,45.0,45.0]],"ecowitt_wittboy_outTemp":[[4.8,4.9,5.1],[4.1,4.7,4.8],[2.2,3.0,4.0],[1.0,1.3,2.0],[1.0,1.3,1.5]],"ecowitt_wittboy_rain_day":[[0.0,1.008333,12.100001],[0.0,0.0,0.0],[0.0,0.0,0.0],[0.0,0.0,0.0],[0.0,0.0,0.0]],"ecowitt_wittboy_rain_event":[[12.000001,12.000001,12.000001],[12.000001,12.000001,12.000001],[12.000001,12.000001,12.000001],[12.000001,12.000001,12.000001],[12.000001,12.000001,12.000001]],"ecowitt_wittboy_rain_rate":[[0.0,0.0,0.0],[0.0,0.0,0.0],[0.0,0.0,0.0],[0.0,0.0,0.0],[0.0,0.0,0.0]],"ecowitt_wittboy_uvi":[[0.0,0.0,0.0],[0.0,0.0,0.0],[0.0,0.0,0.0],[0.0,0.0,0.0],[0.0,0.0,0.0]],"ecowitt_wittboy_windDir":[[160,212,270],[147,198,252],[174,194,239],[172,188,204],[161,181,212]],"ecowitt_wittboy_windGust":[[10.1,13.9,18.4],[10.1,15.4,19.3],[10.1,11.8,14.3],[10.1,11.5,13.4],[10.9,12.1,13.4]],"ecowitt_wittboy_windSpeed":[[6.7,11.2,15.9],[6.7,11.9,18.4],[5.9,9.0,10.9],[7.5,9.5,11.7],[8.4,10.0,10.9]],"ecowitt_wn34_shed_groundTemperature":[[7.9,8.0,8.1],[7.8,7.9,8.0],[7.3,7.6,7.8],[7.2,7.4,7.5],[7.2,7.3,7.4]],"feelslike":[[0.8,1.5,2.2],[0.0,1.0,1.8],[-1.5,-0.4,1.2],[-2.9,-2.3,-1.7],[-2.7,-2.5,-2.2]],"inHumidity":[[59.3,59.3,59.4],[59.4,59.6,59.7],[59.1,59.3,59.5],[59.0,59.1,59.2],[58.7,58.8,59.0]],"inTemp":[[16.4,16.5,16.6],[16.4,16.4,16.4],[16.2,16.3,16.4],[15.7,16.1,16.2],[16.2,16.2,16.2]],"lightning_strike_count":[[0,0,0],[0,0,0],[0,0,0],[0,0,0],[0,0,0]],"luminosity":[[0,0,0],[0,0,0],[0,0,0],[0,0,0],[0,0,0]],"netatmo_Chitterne_co2":[[1271,1312,1348],[1221,1291,1355],[1103,1159,1217],[995,1041,1099],[924,955,986]],"netatmo_Chitterne_inTemp":[[17.7,17.8,18.0],[17.6,17.6,17.7],[17.4,17.5,17.6],[17.2,17.3,17.4],[17.1,17.2,17.2]],"netatmo_Chitterne_noise":[[35,39,48],[34,38,45],[32,33,40],[32,32,32],[32,32,32]],"netatmo_Chitterne_outTemp":[[5.2,5.2,5.3],[5.1,5.2,5.3],[3.7,4.5,5.0],[3.2,3.5,3.8],[3.1,3.1,3.2]],"netatmo_Chitterne_pressure":[[994,994,995],[995,995,996],[996,996,997],[997,997,997],[997,997,998]],"outHumidity":[[88,88,88],[87,87,88],[87,87,88],[88,89,90],[88,89,90]],"outTemp":[[4.8,4.9,5.1],[4.1,4.7,4.8],[2.2,3.0,4.0],[1.0,1.3,2.1],[1.1,1.3,1.5]],"pressure":[[1002,1002,1002],[1002,1005,1006],[1006,1006,1006],[1006,1007,1016],[1006,1006,1006]],"rain":[[0.0,0.0,0.0],[0.0,0.0,0.0],[0.0,0.0,0.0],[0.0,0.0,0.0],[0.0,0.0,0.0]],"rainRate":[[0.0,0.0,0.0],[0.0,0.0,0.0],[0.0,0.0,0.0],[0.0,0.0,0.0],[0.0,0.0,0.0]],"rain_total":[[0.0,1.058333,12.7],[0.0,0.0,0.0],[0.0,0.0,0.0],[0.0,0.0,0.0],[0.0,0.0,0.0]],"vpd":[[0.1,0.1,0.1],[0.1,0.1,0.1],[0.1,0.1,0.1],[0.07,0.07,0.1],[0.07,0.07,0.07]],"windrun":[[0.56,0.93,1.33],[0.56,0.99,1.54],[0.49,0.75,0.91],[0.63,0.79,0.98],[0.7,0.83,0.91]]},"on_this_day":{"ET":{"average":{"overall":0.32},"max":{"value":0.5,"when":1764464400},"min":{"value":0.2,"when":1764471600}},"api_cold":{"average":{"overall":0.1},"max":{"value":0.3,"when":1764471600},"min":{"value":0.0,"when":1764460800}},"api_dew":{"average":{"overall":0.1},"max":{"value":0.3,"when":1764460800},"min":{"value":0.0,"when":1764468000}},"api_foggy":{"average":{"overall":0.0},"max":{"value":0.0,"when":1764460800},"min":{"value":0.0,"when":1764460800}},"api_frost_grass":{"average":{"overall":0.4},"max":{"value":0.6,"when":1764468000},"min":{"value":0.1,"when":1764460800}},"api_frost_ground":{"average":{"overall":0.0},"max":{"value":0.1,"when":1764471600},"min":{"value":0.0,"when":1764460800}},"api_hot":{"average":{"overall":0.0},"max":{"value":0.0,"when":1764460800},"min":{"value":0.0,"when":1764460800}},"api_rainy":{"average":{"overall":0.0},"max":{"value":0.0,"when":1764460800},"min":{"value":0.0,"when":1764460800}},"api_snowy":{"average":{"overall":0.0},"max":{"value":0.0,"when":1764460800},"min":{"value":0.0,"when":1764460800}},"api_stormy":{"average":{"overall":0.0},"max":{"value":0.0,"when":1764460800},"min":{"value":0.0,"when":1764460800}},"api_thundery":{"average":{"overall":0.0},"max":{"value":0.0,"when":1764460800},"min":{"value":0.0,"when":1764460800}},"aq_uv_index_clear_sky":{"average":{"overall":0},"max":{"value":0,"when":1764460800},"min":{"value":0,"when":1764460800}},"cloudbase":{"average":{"overall":1087},"max":{"value":1186,"when":1764464400},"min":{"value":927,"when":1764471600}},"dewpoint":{"average":{"overall":1.4},"max":{"value":3.4,"when":1764460800},"min":{"value":-0.5,"when":1764471600}},"ecowitt_gateway_inTemp":{"average":{"overall":17.9},"max":{"value":18.3,"when":1764475200},"min":{"value":17.7,"when":1764460800}},"ecowitt_gateway_pressure":{"average":{"overall":1014},"max":{"value":1016,"when":1764475200},"min":{"value":1012,"when":1764460800}},"ecowitt_wh31_hall_inTemp":{"average":{"overall":13.6},"max":{"value":13.9,"when":1764460800},"min":{"value":13.1,"when":1764475200}},"ecowitt_wh31_patio_outTemp":{"average":{"overall":4.6},"max":{"value":5.5,"when":1764460800},"min":{"value":3.4,"when":1764475200}},"ecowitt_wh51_patio_outGroundHumidity":{"average":{"overall":45.0},"max":{"value":45.0,"when":1764460800},"min":{"value":45.0,"when":1764460800}},"ecowitt_wittboy_outTemp":{"average":{"overall":3.0},"max":{"value":5.1,"when":1764460800},"min":{"value":1.0,"when":1764471600}},"ecowitt_wittboy_rain_day":{"average":{"overall":0.201667},"max":{"value":12.100001,"when":1764460800},"min":{"value":0.0,"when":1764460800}},"ecowitt_wittboy_rain_event":{"average":{"overall":12.000001},"max":{"value":12.000001,"when":1764460800},"min":{"value":12.000001,"when":1764460800}},"ecowitt_wittboy_rain_rate":{"average":{"overall":0.0},"max":{"value":0.0,"when":1764460800},"min":{"value":0.0,"when":1764460800}},"ecowitt_wittboy_uvi":{"average":{"overall":0.0},"max":{"value":0.0,"when":1764460800},"min":{"value":0.0,"when":1764460800}},"ecowitt_wittboy_windDir":{"average":{"overall":195},"max":{"value":270,"when":1764460800},"min":{"value":147,"when":1764464400}},"ecowitt_wittboy_windGust":{"average":{"overall":12.9},"max":{"value":19.3,"when":1764464400},"min":{"value":10.1,"when":1764460800}},"ecowitt_wittboy_windSpeed":{"average":{"overall":10.3},"max":{"value":18.4,"when":1764464400},"min":{"value":5.9,"when":1764468000}},"ecowitt_wn34_shed_groundTemperature":{"average":{"overall":7.6},"max":{"value":8.1,"when":1764460800},"min":{"value":7.2,