{"charts":{"ET":[[0.08,0.41,1.68],[0.14,0.51,1.95],[0.08,0.32,1.1],[0.09,0.13,0.17]],"api_cold":[[0.0,0.0,0.0],[0.0,0.0,0.0],[0.0,0.0,0.0],[0.0,0.0,0.0]],"api_dew":[[0.0,0.2,0.4],[0.0,0.2,0.4],[0.0,0.4,0.4],[0.1,0.3,0.4]],"api_foggy":[[0.0,0.1,0.4],[0.0,0.1,0.4],[0.0,0.1,0.4],[0.1,0.4,0.6]],"api_frost_grass":[[0.0,0.0,0.1],[0.0,0.0,0.1],[0.0,0.1,0.3],[0.0,0.1,0.1]],"api_frost_ground":[[0.0,0.0,0.0],[0.0,0.0,0.0],[0.0,0.0,0.0],[0.0,0.0,0.0]],"api_hot":[[0.0,0.0,0.0],[0.0,0.0,0.0],[0.0,0.0,0.0],[0.0,0.0,0.0]],"api_rainy":[[0.0,0.4,0.9],[0.0,0.1,0.4],[0.0,0.6,0.9],[0.0,0.0,0.0]],"api_snowy":[[0.0,0.0,0.0],[0.0,0.0,0.0],[0.0,0.0,0.0],[0.0,0.0,0.0]],"api_stormy":[[0.0,0.0,0.0],[0.0,0.0,0.0],[0.0,0.0,0.0],[0.0,0.0,0.0]],"api_thundery":[[0.0,0.0,0.0],[0.0,0.0,0.0],[0.0,0.0,0.0],[0.0,0.0,0.0]],"aq_uv_index_clear_sky":[[0,0,1],[0,0,1],[0,0,1],[0,0,0]],"cloudbase":[[541,682,787],[619,873,1339],[510,683,902],[597,615,642]],"dateTime":[1769904000,1769990400,1770076800,1770163200],"dewpoint":[[2.9,5.1,7.7],[3.8,5.0,6.5],[3.2,4.1,5.0],[3.8,4.1,4.3]],"ecowitt_gateway_inTemp":[[19.5,21.7,23.3],[18.6,20.6,22.2],[18.3,20.4,21.7],[18.3,18.6,19.0]],"ecowitt_gateway_pressure":[[1003,1004,1005],[995,999,1003],[994,995,997],[996,996,996]],"ecowitt_wh31_hall_inTemp":[[12.8,13.6,14.3],[13.2,14.0,14.5],[12.5,13.2,13.8],[12.4,12.4,12.5]],"ecowitt_wh31_patio_outTemp":[[5.4,7.0,9.0],[5.8,6.9,8.2],[4.9,5.6,6.1],[5.3,5.6,5.8]],"ecowitt_wh51_patio_outGroundHumidity":[[55.0,56.3,58.0],[52.0,54.4,56.0],[53.0,57.7,59.0],[57.0,57.2,58.0]],"ecowitt_wittboy_outTemp":[[3.6,5.8,8.4],[4.6,6.3,8.0],[3.9,4.9,5.8],[4.4,4.6,4.9]],"ecowitt_wittboy_rain_day":[[0.0,0.359722,7.70001],[0.0,0.045833,0.499999],[0.0,5.600694,10.400005],[0.0,0.0,0.0]],"ecowitt_wittboy_rain_event":[[0.0,12.004855,17.099991],[0.0,0.006944,0.1],[0.0,5.243402,10.000005],[10.000005,10.000005,10.000005]],"ecowitt_wittboy_rain_rate":[[0.0,0.029167,2.399995],[0.0,0.00625,0.599999],[0.0,0.510416,2.399995],[0.0,0.0,0.0]],"ecowitt_wittboy_uvi":[[0.0,0.0,1.0],[0.0,0.0,1.0],[0.0,0.0,0.0],[0.0,0.0,0.0]],"ecowitt_wittboy_windDir":[[10,199,258],[63,200,291],[148,196,270],[176,194,214]],"ecowitt_wittboy_windGust":[[5.5,9.1,14.6],[7.5,14.8,34.7],[7.5,15.2,31.7],[8.1,10.3,13.6]],"ecowitt_wittboy_windSpeed":[[3.0,7.5,12.6],[6.0,12.1,30.2],[6.0,12.4,27.2],[6.0,8.7,13.1]],"ecowitt_wn34_shed_groundTemperature":[[6.7,7.3,7.8],[7.1,7.5,7.9],[6.5,7.1,7.6],[6.4,6.6,6.8]],"feelslike":[[0.2,3.1,6.6],[0.1,2.6,5.1],[-1.2,1.0,2.4],[0.7,1.5,2.0]],"inHumidity":[[59.0,60.1,61.8],[59.4,60.8,63.1],[58.0,59.3,60.3],[59.0,59.5,59.7]],"inTemp":[[16.8,21.2,23.3],[16.7,19.6,22.2],[16.1,19.3,21.7],[16.1,16.1,16.2]],"lightning_strike_count":[[0,0,0],[0,0,0],[0,0,1],[0,0,0]],"luminosity":[[0,2391,15453],[0,2265,18557],[0,1612,11557],[0,0,0]],"netatmo_Chitterne_co2":[[909,1335,2200],[669,1193,1949],[594,1058,1824],[1083,1212,1383]],"netatmo_Chitterne_inTemp":[[17.7,18.6,19.4],[18.2,18.8,19.7],[17.5,18.3,19.2],[17.2,17.3,17.4]],"netatmo_Chitterne_noise":[[32,34,62],[31,33,62],[31,34,50],[32,32,39]],"netatmo_Chitterne_outTemp":[[5.1,6.8,9.0],[5.7,6.8,8.2],[4.9,5.5,6.0],[5.2,5.5,5.7]],"netatmo_Chitterne_pressure":[[985,986,987],[977,981,985],[976,977,979],[977,978,978]],"outHumidity":[[93,95,97],[85,92,95],[91,95,97],[95,96,96]],"outTemp":[[3.6,5.8,8.3],[4.6,6.3,7.9],[3.9,4.9,5.8],[4.4,4.6,4.9]],"pressure":[[992,996,1002],[985,990,996],[985,986,996],[985,986,989]],"rain":[[0.0,0.482638,15.999968],[0.0,0.048611,6.999986],[0.0,1.061867,9.99998],[0.0,0.0,0.0]],"rainRate":[[0.0,5.986099,119.99976],[0.0,0.555554,27.999944],[0.0,12.832045,71.999856],[0.0,0.0,0.0]],"rain_total":[[0.0,2.608946,5.599989],[0.0,0.112475,5.599989],[0.1,5.249956,9.400007],[0.0,0.313334,9.400007]],"vpd":[[0.03,0.04,0.1],[0.03,0.08,0.14],[0.03,0.04,0.07],[0.03,0.04,0.07]],"windrun":[[0.32,0.62,1.05],[0.5,1.01,2.52],[0.5,1.04,2.27],[0.5,0.73,1.09]]},"on_this_day":{"ET":{"average":{"overall":0.34},"max":{"value":1.95,"when":1770037200},"min":{"value":0.08,"when":1769983200}},"api_cold":{"average":{"overall":0.0},"max":{"value":0.0,"when":1769904000},"min":{"value":0.0,"when":1769904000}},"api_dew":{"average":{"overall":0.3},"max":{"value":0.4,"when":1769907600},"min":{"value":0.0,"when":1769940000}},"api_foggy":{"average":{"overall":0.2},"max":{"value":0.6,"when":1770163200},"min":{"value":0.0,"when":1769940000}},"api_frost_grass":{"average":{"overall":0.0},"max":{"value":0.3,"when":1770141600},"min":{"value":0.0,"when":1769904000}},"api_frost_ground":{"average":{"overall":0.0},"max":{"value":0.0,"when":1769904000},"min":{"value":0.0,"when":1769904000}},"api_hot":{"average":{"overall":0.0},"max":{"value":0.0,"when":1769904000},"min":{"value":0.0,"when":1769904000}},"api_rainy":{"average":{"overall":0.3},"max":{"value":0.9,"when":1769950800},"min":{"value":0.0,"when":1769904000}},"api_snowy":{"average":{"overall":0.0},"max":{"value":0.0,"when":1769904000},"min":{"value":0.0,"when":1769904000}},"api_stormy":{"average":{"overall":0.0},"max":{"value":0.0,"when":1769904000},"min":{"value":0.0,"when":1769904000}},"api_thundery":{"average":{"overall":0.0},"max":{"value":0.0,"when":1769904000},"min":{"value":0.0,"when":1769904000}},"aq_uv_index_clear_sky":{"average":{"overall":0},"max":{"value":1,"when":1770033600},"min":{"value":0,"when":1769904000}},"cloudbase":{"average":{"overall":713},"max":{"value":1339,"when":1770051600},"min":{"value":510,"when":1770105600}},"dewpoint":{"average":{"overall":4.6},"max":{"value":7.7,"when":1769947200},"min":{"value":2.9,"when":1769904000}},"ecowitt_gateway_inTemp":{"average":{"overall":20.3},"max":{"value":23.3,"when":1769947200},"min":{"value":18.3,"when":1770159600}},"ecowitt_gateway_pressure":{"average":{"overall":999},"max":{"value":1005,"when":1769904000},"min":{"value":994,"when":1770080400}},"ecowitt_wh31_hall_inTemp":{"average":{"overall":13.3},"max":{"value":14.5,"when":1770040800},"min":{"value":12.4,"when":1770163200}},"ecowitt_wh31_patio_outTemp":{"average":{"overall":6.3},"max":{"value":9.0,"when":1769947200},"min":{"value":4.9,"when":1770156000}},"ecowitt_wh51_patio_outGroundHumidity":{"average":{"overall":56.4},"max":{"value":59.0,"when":1770116400},"min":{"value":52.0,"when":1770069600}},"ecowitt_wittboy_outTemp":{"average":{"overall":5.4},"max":{"value":8.4,"when":1769947200},"min":{"value":3.6,"when":1769904000}},"ecowitt_wittboy_rain_day":{"average":{"overall":1.501562},"max":{"value":10.400005,"when":1770159600},"min":{"value":0.0,"when":1769904000}},"ecowitt_wittboy_rain_event":{"average":{"overall":6.813802},"max":{"value":17.099991,"when":1769932800},"min":{"value":0.0,"when":1769965200}},"ecowitt_wittboy_rain_rate":{"average":{"overall":0.136458},"max":{"value":2.399995,"when":1769932800},"min":{"value":0.0,"when":1769904000}},"ecowitt_wittboy_uvi":{"average":{"overall":0.0},"max":{"value":1.0,"when":1769940000},"min":{"value":0.0,"when":1769904000}},"ecowitt_wittboy_windDir":{"average":{"overall":197},"max":{"value":291,"when":1770044400},"min":{"value":10,"when":1769940000}},"ecowitt_wittboy_windGust":{"average":{"overall":12.3},"max":{"value":34.7,"when":1770044400},"min":{"value":5.5,"when":1769940000}},"ecowitt_wittboy_windSpeed":{"average":{"overall":10.2},"max":{"value":30.2,"when":1770044400},"min":{"value":3.0,"when":1769940000}},"ecowitt_wn34_shed_groundTemperature":{"average":{"overall":7.1},"max":{"value":7.9,"when":1770051600},"min":{"value":6.4,"when":1770170400}},"feelslike":{"average":{"overall":2.1},"max":{"value":6.6,"when":1769950800},"min":{"value":-1.2,"when":1770076800}},"inHumidity":{"average":{"overall":59.9},"max":{"value":63.1,"when":1769994000},"min":{"value":58.0,"when":1770105600}},"inTemp":{"average":{"overall":19.1},"max":{"value":23.3,"when":1769947200},"min":{"value":16.1,"when":1770163200}},"lightning_strike_count":{"average":{"overall":0},"max":{"value":1,"when":1770109200},"min":{"value":0,"when":1769904000}},"luminosity":{"average":{"overall":1567},"max":{"value":18557,"when":1770037200},"min":{"value":0,