{"charts":{"ET":[[0.65,0.71,0.84],[0.58,0.72,0.82],[0.58,0.7,0.8]],"api_cold":[[0.0,0.0,0.0],[0.0,0.0,0.0],[0.0,0.0,0.0]],"api_dew":[[0.0,0.0,0.0],[0.0,0.0,0.0],[0.0,0.0,0.0]],"api_foggy":[[0.0,0.0,0.0],[0.0,0.0,0.0],[0.0,0.0,0.0]],"api_frost_grass":[[0.0,0.0,0.0],[0.0,0.0,0.0],[0.0,0.0,0.0]],"api_frost_ground":[[0.0,0.0,0.0],[0.0,0.0,0.0],[0.0,0.0,0.0]],"api_hot":[[0.0,0.0,0.0],[0.0,0.0,0.0],[0.0,0.0,0.0]],"api_rainy":[[0.1,0.1,0.1],[0.1,0.1,0.1],[0.1,0.1,0.1]],"api_snowy":[[0.0,0.0,0.0],[0.0,0.0,0.0],[0.0,0.0,0.0]],"api_stormy":[[0.0,0.0,0.0],[0.0,0.0,0.0],[0.0,0.0,0.0]],"api_thundery":[[0.0,0.0,0.0],[0.0,0.0,0.0],[0.0,0.0,0.0]],"aq_uv_index_clear_sky":[[0,0,0],[0,0,0],[0,0,0]],"cloudbase":[[1285,1345,1396],[1369,1380,1406],[1386,1400,1419]],"dateTime":[1760828400,1760832000,1760835600],"dewpoint":[[9.4,9.4,9.5],[9.5,9.6,9.7],[9.6,9.7,9.7]],"ecowitt_gateway_inTemp":[[19.3,19.4,19.5],[19.3,19.4,19.4],[19.4,19.4,19.5]],"ecowitt_gateway_pressure":[[1017,1017,1017],[1015,1016,1017],[1015,1015,1015]],"ecowitt_wh31_hall_inTemp":[[16.6,16.6,16.6],[16.5,16.5,16.6],[16.5,16.5,16.5]],"ecowitt_wh31_patio_outTemp":[[12.0,12.1,12.3],[12.3,12.3,12.4],[12.4,12.4,12.4]],"ecowitt_wh51_patio_outGroundHumidity":[[19.0,19.0,19.0],[19.0,19.0,19.0],[19.0,19.0,19.0]],"ecowitt_wittboy_outTemp":[[11.6,11.7,11.8],[11.8,11.9,12.0],[12.1,12.1,12.2]],"ecowitt_wittboy_rain_day":[[0.0,0.0,0.0],[0.0,0.0,0.0],[0.0,0.0,0.0]],"ecowitt_wittboy_rain_event":[[1.499997,1.499997,1.499997],[1.499997,1.499997,1.499997],[1.499997,1.499997,1.499997]],"ecowitt_wittboy_rain_rate":[[0.0,0.0,0.0],[0.0,0.0,0.0],[0.0,0.0,0.0]],"ecowitt_wittboy_uvi":[[0.0,0.0,0.0],[0.0,0.0,0.0],[0.0,0.0,0.0]],"ecowitt_wittboy_windDir":[[136,176,208],[50,166,223],[127,182,231]],"ecowitt_wittboy_windGust":[[14.3,17.7,25.2],[10.9,17.1,24.3],[13.4,15.3,18.4]],"ecowitt_wittboy_windSpeed":[[10.1,15.3,21.8],[7.5,14.1,20.1],[10.9,12.8,15.1]],"ecowitt_wn34_shed_groundTemperature":[[12.4,12.7,13.0],[12.5,12.6,12.8],[12.6,12.7,12.9]],"feelslike":[[8.2,9.0,9.5],[8.7,9.4,10.2],[9.2,9.7,10.4]],"inHumidity":[[63.4,63.6,63.7],[63.3,63.6,64.0],[63.7,63.8,64.0]],"inTemp":[[18.3,18.4,18.5],[18.3,18.3,18.3],[18.3,18.3,18.3]],"lightning_strike_count":[[0,0,0],[0,0,0],[0,0,0]],"luminosity":[[0,0,0],[0,0,0],[0,0,0]],"netatmo_Chitterne_co2":[[1214,1254,1293],[1304,1325,1347],[1291,1314,1332]],"netatmo_Chitterne_inTemp":[[19.1,19.3,19.4],[19.0,19.0,19.1],[18.9,18.9,19.0]],"netatmo_Chitterne_noise":[[32,32,32],[32,34,40],[32,32,32]],"netatmo_Chitterne_outTemp":[[11.8,11.9,12.1],[12.1,12.2,12.3],[12.3,12.3,12.3]],"netatmo_Chitterne_pressure":[[999,1000,1000],[998,999,999],[998,998,998]],"outHumidity":[[84,85,86],[84,85,85],[84,84,85]],"outTemp":[[11.8,11.9,12.1],[12.1,12.2,12.2],[12.3,12.3,12.3]],"pressure":[[1009,1009,1009],[1006,1007,1009],[1006,1006,1006]],"rain":[[0.0,0.0,0.0],[0.0,0.0,0.0],[0.0,0.0,0.0]],"rainRate":[[0.0,0.0,0.0],[0.0,0.0,0.0],[0.0,0.0,0.0]],"rain_total":[[0.0,0.05,0.499999],[0.0,0.0,0.0],[0.0,0.0,0.0]],"vpd":[[0.2,0.21,0.24],[0.2,0.21,0.24],[0.2,0.22,0.24]],"windrun":[[0.84,1.28,1.82],[0.63,1.17,1.68],[0.91,1.07,1.26]]},"on_this_day":{"ET":{"average":{"overall":0.71},"max":{"value":0.84,"when":1760828400},"min":{"value":0.58,"when":1760832000}},"api_cold":{"average":{"overall":0.0},"max":{"value":0.0,"when":1760828400},"min":{"value":0.0,"when":1760828400}},"api_dew":{"average":{"overall":0.0},"max":{"value":0.0,"when":1760828400},"min":{"value":0.0,"when":1760828400}},"api_foggy":{"average":{"overall":0.0},"max":{"value":0.0,"when":1760828400},"min":{"value":0.0,"when":1760828400}},"api_frost_grass":{"average":{"overall":0.0},"max":{"value":0.0,"when":1760828400},"min":{"value":0.0,"when":1760828400}},"api_frost_ground":{"average":{"overall":0.0},"max":{"value":0.0,"when":1760828400},"min":{"value":0.0,"when":1760828400}},"api_hot":{"average":{"overall":0.0},"max":{"value":0.0,"when":1760828400},"min":{"value":0.0,"when":1760828400}},"api_rainy":{"average":{"overall":0.1},"max":{"value":0.1,"when":1760828400},"min":{"value":0.1,"when":1760828400}},"api_snowy":{"average":{"overall":0.0},"max":{"value":0.0,"when":1760828400},"min":{"value":0.0,"when":1760828400}},"api_stormy":{"average":{"overall":0.0},"max":{"value":0.0,"when":1760828400},"min":{"value":0.0,"when":1760828400}},"api_thundery":{"average":{"overall":0.0},"max":{"value":0.0,"when":1760828400},"min":{"value":0.0,"when":1760828400}},"aq_uv_index_clear_sky":{"average":{"overall":0},"max":{"value":0,"when":1760828400},"min":{"value":0,"when":1760828400}},"cloudbase":{"average":{"overall":1375},"max":{"value":1419,"when":1760835600},"min":{"value":1285,"when":1760828400}},"dewpoint":{"average":{"overall":9.6},"max":{"value":9.7,"when":1760835600},"min":{"value":9.4,"when":1760828400}},"ecowitt_gateway_inTemp":{"average":{"overall":19.4},"max":{"value":19.5,"when":1760828400},"min":{"value":19.3,"when":1760832000}},"ecowitt_gateway_pressure":{"average":{"overall":1016},"max":{"value":1017,"when":1760828400},"min":{"value":1015,"when":1760832000}},"ecowitt_wh31_hall_inTemp":{"average":{"overall":16.5},"max":{"value":16.6,"when":1760828400},"min":{"value":16.5,"when":1760832000}},"ecowitt_wh31_patio_outTemp":{"average":{"overall":12.3},"max":{"value":12.4,"when":1760835600},"min":{"value":12.0,"when":1760828400}},"ecowitt_wh51_patio_outGroundHumidity":{"average":{"overall":19.0},"max":{"value":19.0,"when":1760828400},"min":{"value":19.0,"when":1760828400}},"ecowitt_wittboy_outTemp":{"average":{"overall":11.9},"max":{"value":12.2,"when":1760835600},"min":{"value":11.6,"when":1760828400}},"ecowitt_wittboy_rain_day":{"average":{"overall":0.0},"max":{"value":0.0,"when":1760828400},"min":{"value":0.0,"when":1760828400}},"ecowitt_wittboy_rain_event":{"average":{"overall":1.499997},"max":{"value":1.499997,"when":1760828400},"min":{"value":1.499997,"when":1760828400}},"ecowitt_wittboy_rain_rate":{"average":{"overall":0.0},"max":{"value":0.0,"when":1760828400},"min":{"value":0.0,"when":1760828400}},"ecowitt_wittboy_uvi":{"average":{"overall":0.0},"max":{"value":0.0,"when":1760828400},"min":{"value":0.0,"when":1760828400}},"ecowitt_wittboy_windDir":{"average":{"overall":175},"max":{"value":231,"when":1760835600},"min":{"value":50,"when":1760832000}},"ecowitt_wittboy_windGust":{"average":{"overall":16.7},"max":{"value":25.2,"when":1760828400},"min":{"value":10.9,"when":1760832000}},"ecowitt_wittboy_windSpeed":{"average":{"overall":14.1},"max":{"value":21.8,"when":1760828400},"min":{"value":7.5,"when":1760832000}},"ecowitt_wn34_shed_groundTemperature":{"average":{"overall":12.6},"max":{"value":13.0,"when":1760828400},"min":{"value":12.4,"when":1760828400}},"feelslike":{"average":{"overall":9.4},"max":{"value":10.4,"when":1760835600},"min":{"value":8.2,"when":1760828400}},"inHumidity":{"average":{"overall":63.7},"max":{"value":64.0,"when":1760832000},"min":{"value":63.3,"when":1760832000}},"inTemp":{"average":{"overall":18.3},"max":{"value":18.5,"when":1760828400},"min":{"value":18.3,"when":1760832000}},"lightning_strike_count":{"average":{"overall":0},"max":{"value":0,"when":1760828400},"min":{"value":0,"when":1760828400}},"luminosity":{"average":{"overall":0},"max":{"value":0,"when":1760828400},"min":{"value":0,"when":1760828400}},"netatmo_Chitterne_co2":{"average":{"overall":1298},"max":{"value":1347,"when":1760832000},"min":{"value":1214,"when":1760828400}},"netatmo_Chitterne_inTemp":{"average":{"overall":19.1},"max":{"value":19.4,"when":1760828400},"min":{"value":18.9,"when":1760835600}},"netatmo_Chitterne_noise":{"average":{"overall":33},"max":{"value":40,"when":1760832000},"min":{"value":32,"when":1760828400}},"netatmo_Chitterne_outTemp":{"average":{"overall":12.2},"max":{"value":12.3,"when":1760832000},"min":{"value":11.8,"when":1760828400}},"netatmo_Chitterne_pressure":{"average":{"overall":999},"max":{"value":1000,"when":1760828400},"min":{"value":998,"when":1760835600}},"outHumidity":{"average":{"overall":85},"max":{"value":86,"when":1760828400},"min":{"value":84,