{"charts":{"ET":[[0.46,3.31,13.76],[0.38,3.33,12.99]],"api_cold":[[0.0,0.0,0.0],[0.0,0.0,0.0]],"api_dew":[[0.0,0.0,0.0],[0.0,0.0,0.0]],"api_foggy":[[0.0,0.0,0.1],[0.0,0.1,0.3]],"api_frost_grass":[[0.0,0.0,0.0],[0.0,0.0,0.0]],"api_frost_ground":[[0.0,0.0,0.0],[0.0,0.0,0.0]],"api_hot":[[0.0,0.0,0.0],[0.0,0.0,0.0]],"api_rainy":[[0.0,0.0,0.1],[0.0,0.2,0.9]],"api_snowy":[[0.0,0.0,0.0],[0.0,0.0,0.0]],"api_stormy":[[0.0,0.0,0.0],[0.0,0.0,0.0]],"api_thundery":[[0.0,0.0,0.0],[0.0,0.0,0.0]],"aq_uv_index_clear_sky":[[0,1,5],[0,2,5]],"cloudbase":[[1326,2696,4083],[954,2275,4848]],"dateTime":[1777590000,1777676400],"dewpoint":[[1.4,8.4,14.7],[1.1,7.9,13.1]],"ecowitt_gateway_inTemp":[[17.0,19.6,21.5],[17.2,19.7,22.1]],"ecowitt_gateway_pressure":[[1023,1024,1025],[1015,1021,1025]],"ecowitt_wh31_hall_inTemp":[[15.1,16.4,17.6],[14.5,15.8,17.1]],"ecowitt_wh31_patio_outTemp":[[8.3,15.3,21.7],[7.0,13.9,21.0]],"ecowitt_wh51_patio_outGroundHumidity":[[20.0,20.8,21.0],[20.0,20.1,21.0]],"ecowitt_wittboy_outTemp":[[5.2,13.3,20.9],[3.6,11.4,19.7]],"ecowitt_wittboy_rain_day":[[0.0,0.0,0.0],[0.0,0.712347,3.699993]],"ecowitt_wittboy_rain_event":[[0.0,0.0,0.0],[0.0,0.712347,3.699993]],"ecowitt_wittboy_rain_rate":[[0.0,0.0,0.0],[0.0,0.221136,3.599993]],"ecowitt_wittboy_uvi":[[0.0,0.9,8.0],[0.0,0.9,5.0]],"ecowitt_wittboy_windDir":[[4,211,336],[14,207,359]],"ecowitt_wittboy_windGust":[[5.8,11.5,25.4],[6.5,13.0,27.6]],"ecowitt_wittboy_windSpeed":[[4.4,9.9,24.7],[3.6,11.2,23.3]],"ecowitt_wn34_shed_groundTemperature":[[12.7,15.9,18.2],[11.6,14.9,17.9]],"feelslike":[[-1.4,11.9,21.7],[-1.4,10.0,21.0]],"inHumidity":[[47.3,50.1,56.5],[50.8,52.1,57.8]],"inTemp":[[16.8,21.6,22.6],[16.1,21.7,23.1]],"lightning_strike_count":[[0,0,0],[0,0,0]],"luminosity":[[0,13583,81550],[0,15410,69592]],"netatmo_Chitterne_co2":[[442,1030,1834],[475,1070,1810]],"netatmo_Chitterne_inTemp":[[20.6,21.8,22.6],[20.7,21.9,23.1]],"netatmo_Chitterne_noise":[[32,36,64],[32,35,65]],"netatmo_Chitterne_outTemp":[[8.1,15.3,21.9],[6.9,14.0,21.4]],"netatmo_Chitterne_pressure":[[1005,1006,1007],[998,1003,1007]],"outHumidity":[[55,69,85],[50,75,90]],"outTemp":[[5.2,14.1,21.9],[3.6,12.5,21.4]],"pressure":[[1016,1016,1026],[1006,1013,1023]],"rain":[[0.0,0.0,0.0],[0.0,0.218939,13.999972]],"rainRate":[[0.0,0.0,0.0],[0.0,2.574237,71.999856]],"rain_total":[[0.0,0.0,0.0],[0.0,0.508251,2.699995]],"vpd":[[0.17,0.56,1.05],[0.1,0.46,1.25]],"windrun":[[0.36,0.82,2.06],[0.3,0.93,1.94]]},"on_this_day":{"ET":{"average":{"overall":3.32},"max":{"value":13.76,"when":1777644000},"min":{"value":0.38,"when":1777690800}},"api_cold":{"average":{"overall":0.0},"max":{"value":0.0,"when":1777590000},"min":{"value":0.0,"when":1777590000}},"api_dew":{"average":{"overall":0.0},"max":{"value":0.0,"when":1777590000},"min":{"value":0.0,"when":1777590000}},"api_foggy":{"average":{"overall":0.0},"max":{"value":0.3,"when":1777687200},"min":{"value":0.0,"when":1777590000}},"api_frost_grass":{"average":{"overall":0.0},"max":{"value":0.0,"when":1777590000},"min":{"value":0.0,"when":1777590000}},"api_frost_ground":{"average":{"overall":0.0},"max":{"value":0.0,"when":1777590000},"min":{"value":0.0,"when":1777590000}},"api_hot":{"average":{"overall":0.0},"max":{"value":0.0,"when":1777590000},"min":{"value":0.0,"when":1777590000}},"api_rainy":{"average":{"overall":0.1},"max":{"value":0.9,"when":1777734000},"min":{"value":0.0,"when":1777590000}},"api_snowy":{"average":{"overall":0.0},"max":{"value":0.0,"when":1777590000},"min":{"value":0.0,"when":1777590000}},"api_stormy":{"average":{"overall":0.0},"max":{"value":0.0,"when":1777590000},"min":{"value":0.0,"when":1777590000}},"api_thundery":{"average":{"overall":0.0},"max":{"value":0.0,"when":1777590000},"min":{"value":0.0,"when":1777590000}},"aq_uv_index_clear_sky":{"average":{"overall":1},"max":{"value":5,"when":1777636800},"min":{"value":0,"when":1777590000}},"cloudbase":{"average":{"overall":2485},"max":{"value":4848,"when":1777723200},"min":{"value":954,"when":1777701600}},"dewpoint":{"average":{"overall":8.2},"max":{"value":14.7,"when":1777636800},"min":{"value":1.1,"when":1777687200}},"ecowitt_gateway_inTemp":{"average":{"overall":19.7},"max":{"value":22.1,"when":1777712400},"min":{"value":17.0,"when":1777611600}},"ecowitt_gateway_pressure":{"average":{"overall":1022},"max":{"value":1025,"when":1777669200},"min":{"value":1015,"when":1777741200}},"ecowitt_wh31_hall_inTemp":{"average":{"overall":16.1},"max":{"value":17.6,"when":1777662000},"min":{"value":14.5,"when":1777698000}},"ecowitt_wh31_patio_outTemp":{"average":{"overall":14.6},"max":{"value":21.7,"when":1777633200},"min":{"value":7.0,"when":1777687200}},"ecowitt_wh51_patio_outGroundHumidity":{"average":{"overall":20.4},"max":{"value":21.0,"when":1777590000},"min":{"value":20.0,"when":1777654800}},"ecowitt_wittboy_outTemp":{"average":{"overall":12.4},"max":{"value":20.9,"when":1777633200},"min":{"value":3.6,"when":1777687200}},"ecowitt_wittboy_rain_day":{"average":{"overall":0.356174},"max":{"value":3.699993,"when":1777737600},"min":{"value":0.0,"when":1777590000}},"ecowitt_wittboy_rain_event":{"average":{"overall":0.356174},"max":{"value":3.699993,"when":1777737600},"min":{"value":0.0,"when":1777590000}},"ecowitt_wittboy_rain_rate":{"average":{"overall":0.110568},"max":{"value":3.599993,"when":1777730400},"min":{"value":0.0,"when":1777590000}},"ecowitt_wittboy_uvi":{"average":{"overall":0.9},"max":{"value":8.0,"when":1777644000},"min":{"value":0.0,"when":1777590000}},"ecowitt_wittboy_windDir":{"average":{"overall":209},"max":{"value":359,"when":1777719600},"min":{"value":4,"when":1777629600}},"ecowitt_wittboy_windGust":{"average":{"overall":12.2},"max":{"value":27.6,"when":1777708800},"min":{"value":5.8,"when":1777626000}},"ecowitt_wittboy_windSpeed":{"average":{"overall":10.5},"max":{"value":24.7,"when":1777611600},"min":{"value":3.6,"when":1777726800}},"ecowitt_wn34_shed_groundTemperature":{"average":{"overall":15.4},"max":{"value":18.2,"when":1777658400},"min":{"value":11.6,"when":1777701600}},"feelslike":{"average":{"overall":10.9},"max":{"value":21.7,"when":1777636800},"min":{"value":-1.4,"when":1777698000}},"inHumidity":{"average":{"overall":51.1},"max":{"value":57.8,"when":1777744800},"min":{"value":47.3,"when":1777590000}},"inTemp":{"average":{"overall":21.6},"max":{"value":23.1,"when":1777737600},"min":{"value":16.1,"when":1777690800}},"lightning_strike_count":{"average":{"overall":0},"max":{"value":0,"when":1777590000},"min":{"value":0,"when":1777590000}},"luminosity":{"average":{"overall":14497},"max":{"value":81550,"when":1777644000},"min":{"value":0,"when":1777590000}},"netatmo_Chitterne_co2":{"average":{"overall":1050},"max":{"value":1834,"when":1777590000},"min":{"value":442,"when":1777647600}},"netatmo_Chitterne_inTemp":{"average":{"overall":21.8},"max":{"value":23.1,"when":1777737600},"min":{"value":20.6,"when":1777615200}},"netatmo_Chitterne_noise":{"average":{"overall":35},"max":{"value":65,"when":1777737600},"min":{"value":32,"when":1777590000}},"netatmo_Chitterne_outTemp":{"average":{"overall":14.7},"max":{"value":21.9,"when":1777633200},"min":{"value":6.9,"when":1777687200}},"netatmo_Chitterne_pressure":{"average":{"overall":1005},"max":{"value":1007,"when":1777626000},"min":{"value":998,"when":1777741200}},"outHumidity":{"average":{"overall":72},"max":{"value":90,"when":1777701600},"min":{"value":50,"when":1777723200}},"outTemp":{"average":{"overall":13.3},"max":{"value":21.9,"when":1777633200},"min":{"value":3.6,"when":1777687200}},"pressure":{"average":{"overall":1015},"max":{"value":1026,"when":1777669200},"min":{"value":1006,"when":1777737600}},"rain":{"average":{"overall":0.109469},"max":{"value":13.999972,"when":1777730400},"min":{"value":0.0,"when":1777590000}},"rainRate":{"average":{"overall":1.287119},"max":{"value":71.999856,"when":1777734000},"min":{"value":0.0,"when":1777590000}},"rain_total":{"average":{"overall":0.254126},"max":{"value":2.699995,"when":1777737600},"min":{"value":0.0,"when":1777590000}},