{"charts":{"ET":[[0.63,5.83,22.54],[0.49,4.12,17.32]],"api_cold":[[0.0,0.0,0.0],[0.0,0.0,0.0]],"api_dew":[[0.0,0.0,0.0],[0.0,0.0,0.0]],"api_foggy":[[0.0,0.0,0.0],[0.0,0.0,0.0]],"api_frost_grass":[[0.0,0.0,0.0],[0.0,0.0,0.0]],"api_frost_ground":[[0.0,0.0,0.0],[0.0,0.0,0.0]],"api_hot":[[0.0,0.0,0.0],[0.0,0.0,0.0]],"api_rainy":[[0.0,0.0,0.0],[0.0,0.1,0.3]],"api_snowy":[[0.0,0.0,0.0],[0.0,0.0,0.0]],"api_stormy":[[0.0,0.0,0.0],[0.0,0.0,0.0]],"api_thundery":[[0.0,0.0,0.0],[0.0,0.0,0.0]],"aq_uv_index_clear_sky":[[0,2,8],[0,1,7]],"cloudbase":[[989,2840,4865],[1070,2059,4906]],"dateTime":[1782860400,1782946800],"dewpoint":[[10.3,13.9,17.3],[12.0,14.8,17.7]],"ecowitt_gateway_inTemp":[[21.6,23.5,24.6],[22.4,23.4,25.3]],"ecowitt_gateway_pressure":[[1026,1028,1029],[1024,1026,1028]],"ecowitt_wh31_hall_inTemp":[[19.6,20.8,21.4],[20.7,20.8,21.1]],"ecowitt_wh31_patio_outTemp":[[13.8,20.2,26.5],[16.2,19.2,26.8]],"ecowitt_wh51_patio_outGroundHumidity":[[0.0,0.0,0.0],[0.0,0.0,0.0]],"ecowitt_wittboy_outTemp":[[10.6,18.2,25.7],[13.9,17.6,24.2]],"ecowitt_wittboy_rain_day":[[0.0,0.0,0.0],[0.0,0.0,0.0]],"ecowitt_wittboy_rain_event":[[0.0,0.0,0.0],[0.0,0.0,0.0]],"ecowitt_wittboy_rain_rate":[[0.0,0.0,0.0],[0.0,0.0,0.0]],"ecowitt_wittboy_uvi":[[0.0,2.0,9.0],[0.0,1.3,6.0]],"ecowitt_wittboy_windDir":[[12,224,359],[68,228,332]],"ecowitt_wittboy_windGust":[[6.5,12.0,26.2],[8.0,14.1,29.8]],"ecowitt_wittboy_windSpeed":[[0.0,9.7,23.3],[5.8,10.7,22.5]],"ecowitt_wn34_shed_groundTemperature":[[16.8,19.6,22.3],[18.1,19.0,21.3]],"feelslike":[[8.5,19.3,27.4],[13.8,18.5,27.4]],"inHumidity":[[57.9,58.8,59.2],[57.7,58.6,59.9]],"inTemp":[[24.7,25.9,27.1],[25.0,25.6,26.6]],"lightning_strike_count":[[0,0,0],[0,0,0]],"luminosity":[[0,25682,119207],[0,18604,83647]],"netatmo_Chitterne_co2":[[485,767,1098],[601,862,1110]],"netatmo_Chitterne_inTemp":[[24.7,25.9,27.1],[25.0,25.6,26.6]],"netatmo_Chitterne_noise":[[32,35,61],[32,35,58]],"netatmo_Chitterne_outTemp":[[13.8,20.3,26.7],[16.2,19.2,26.9]],"netatmo_Chitterne_pressure":[[1009,1011,1012],[1007,1009,1011]],"outHumidity":[[51,70,91],[51,78,90]],"outTemp":[[12.8,19.9,26.7],[15.5,18.9,26.9]],"pressure":[[1019,1019,1019],[1016,1017,1019]],"rain":[[0.0,0.013889,3.999992],[0.0,0.019231,2.999994]],"rainRate":[[0.0,0.166666,15.999968],[0.0,0.282051,11.999976]],"rain_total":[[0.0,0.012333,0.1],[0.0,0.091908,0.299999]],"vpd":[[0.17,0.81,1.66],[0.2,0.55,1.76]],"windrun":[[0.27,0.81,1.94],[0.49,0.89,1.88]]},"on_this_day":{"ET":{"average":{"overall":4.97},"max":{"value":22.54,"when":1782907200},"min":{"value":0.49,"when":1782961200}},"api_cold":{"average":{"overall":0.0},"max":{"value":0.0,"when":1782860400},"min":{"value":0.0,"when":1782860400}},"api_dew":{"average":{"overall":0.0},"max":{"value":0.0,"when":1782860400},"min":{"value":0.0,"when":1782860400}},"api_foggy":{"average":{"overall":0.0},"max":{"value":0.0,"when":1782860400},"min":{"value":0.0,"when":1782860400}},"api_frost_grass":{"average":{"overall":0.0},"max":{"value":0.0,"when":1782860400},"min":{"value":0.0,"when":1782860400}},"api_frost_ground":{"average":{"overall":0.0},"max":{"value":0.0,"when":1782860400},"min":{"value":0.0,"when":1782860400}},"api_hot":{"average":{"overall":0.0},"max":{"value":0.0,"when":1782860400},"min":{"value":0.0,"when":1782860400}},"api_rainy":{"average":{"overall":0.1},"max":{"value":0.3,"when":1782961200},"min":{"value":0.0,"when":1782860400}},"api_snowy":{"average":{"overall":0.0},"max":{"value":0.0,"when":1782860400},"min":{"value":0.0,"when":1782860400}},"api_stormy":{"average":{"overall":0.0},"max":{"value":0.0,"when":1782860400},"min":{"value":0.0,"when":1782860400}},"api_thundery":{"average":{"overall":0.0},"max":{"value":0.0,"when":1782860400},"min":{"value":0.0,"when":1782860400}},"aq_uv_index_clear_sky":{"average":{"overall":2},"max":{"value":8,"when":1782907200},"min":{"value":0,"when":1782860400}},"cloudbase":{"average":{"overall":2449},"max":{"value":4906,"when":1782990000},"min":{"value":989,"when":1782885600}},"dewpoint":{"average":{"overall":14.3},"max":{"value":17.7,"when":1782979200},"min":{"value":10.3,"when":1782878400}},"ecowitt_gateway_inTemp":{"average":{"overall":23.4},"max":{"value":25.3,"when":1782990000},"min":{"value":21.6,"when":1782878400}},"ecowitt_gateway_pressure":{"average":{"overall":1027},"max":{"value":1029,"when":1782939600},"min":{"value":1024,"when":1782961200}},"ecowitt_wh31_hall_inTemp":{"average":{"overall":20.8},"max":{"value":21.4,"when":1782860400},"min":{"value":19.6,"when":1782882000}},"ecowitt_wh31_patio_outTemp":{"average":{"overall":19.7},"max":{"value":26.8,"when":1782990000},"min":{"value":13.8,"when":1782882000}},"ecowitt_wh51_patio_outGroundHumidity":{"average":{"overall":0.0},"max":{"value":0.0,"when":1782860400},"min":{"value":0.0,"when":1782860400}},"ecowitt_wittboy_outTemp":{"average":{"overall":17.9},"max":{"value":25.7,"when":1782910800},"min":{"value":10.6,"when":1782878400}},"ecowitt_wittboy_rain_day":{"average":{"overall":0.0},"max":{"value":0.0,"when":1782860400},"min":{"value":0.0,"when":1782860400}},"ecowitt_wittboy_rain_event":{"average":{"overall":0.0},"max":{"value":0.0,"when":1782860400},"min":{"value":0.0,"when":1782860400}},"ecowitt_wittboy_rain_rate":{"average":{"overall":0.0},"max":{"value":0.0,"when":1782860400},"min":{"value":0.0,"when":1782860400}},"ecowitt_wittboy_uvi":{"average":{"overall":1.6},"max":{"value":9.0,"when":1782910800},"min":{"value":0.0,"when":1782860400}},"ecowitt_wittboy_windDir":{"average":{"overall":226},"max":{"value":359,"when":1782918000},"min":{"value":12,"when":1782918000}},"ecowitt_wittboy_windGust":{"average":{"overall":13.1},"max":{"value":29.8,"when":1782972000},"min":{"value":6.5,"when":1782918000}},"ecowitt_wittboy_windSpeed":{"average":{"overall":10.2},"max":{"value":23.3,"when":1782882000},"min":{"value":0.0,"when":1782907200}},"ecowitt_wn34_shed_groundTemperature":{"average":{"overall":19.3},"max":{"value":22.3,"when":1782921600},"min":{"value":16.8,"when":1782882000}},"feelslike":{"average":{"overall":18.9},"max":{"value":27.4,"when":1782910800},"min":{"value":8.5,"when":1782882000}},"inHumidity":{"average":{"overall":58.7},"max":{"value":59.9,"when":1782975600},"min":{"value":57.7,"when":1782946800}},"inTemp":{"average":{"overall":25.7},"max":{"value":27.1,"when":1782932400},"min":{"value":24.7,"when":1782882000}},"lightning_strike_count":{"average":{"overall":0},"max":{"value":0,"when":1782860400},"min":{"value":0,"when":1782860400}},"luminosity":{"average":{"overall":22143},"max":{"value":119207,"when":1782910800},"min":{"value":0,"when":1782860400}},"netatmo_Chitterne_co2":{"average":{"overall":815},"max":{"value":1110,"when":1782957600},"min":{"value":485,"when":1782936000}},"netatmo_Chitterne_inTemp":{"average":{"overall":25.7},"max":{"value":27.1,"when":1782932400},"min":{"value":24.7,"when":1782885600}},"netatmo_Chitterne_noise":{"average":{"overall":35},"max":{"value":61,"when":1782932400},"min":{"value":32,"when":1782867600}},"netatmo_Chitterne_outTemp":{"average":{"overall":19.8},"max":{"value":26.9,"when":1782990000},"min":{"value":13.8,"when":1782878400}},"netatmo_Chitterne_pressure":{"average":{"overall":1010},"max":{"value":1012,"when":1782892800},"min":{"value":1007,"when":1782961200}},"outHumidity":{"average":{"overall":74},"max":{"value":91,"when":1782885600},"min":{"value":51,"when":1782990000}},"outTemp":{"average":{"overall":19.4},"max":{"value":26.9,"when":1782990000},"min":{"value":12.8,"when":1782878400}},"pressure":{"average":{"overall":1018},"max":{"value":1019,"when":1782860400},"min":{"value":1016,"when":1782954000}},"rain":{"average":{"overall":0.01656},"max":{"value":3.999992,"when":1782936000},"min":{"value":0.0,"when":1782860400}},"rainRate":{"average":{"overall":0.224359},"max":{"value":15.999968,"when":1782936000},"min":{"value":0.0,"when":1782860400}},"rain_total":{"average":{"overall":0.052121},"max":{"value":0.299999,"when":1782979200},"min":{"value":0.0,"when":1782860400}},"vpd":{"average":{"overall":0.68},