{"charts":{"ET":[[0.28,2.0480555555555555,10.07],[0.22,0.40858024691358025,0.85]],"api_cold":[[0.0,0.0,0.0],[0.0,0.0,0.0]],"api_dew":[[0.0,0.0,0.0],[0.0,0.0,0.0]],"api_foggy":[[0.0,0.044444444444444446,0.29],[0.14,0.31518518518518523,0.57]],"api_frost_grass":[[0.0,0.0,0.0],[0.0,0.0,0.0]],"api_frost_ground":[[0.0,0.0,0.0],[0.0,0.0,0.0]],"api_hot":[[0.0,0.0,0.0],[0.0,0.0,0.0]],"api_rainy":[[0.0,0.0019444444444444446,0.14],[0.0,0.0,0.0]],"api_snowy":[[0.0,0.0,0.0],[0.0,0.0,0.0]],"api_stormy":[[0.0,0.0,0.0],[0.0,0.0,0.0]],"api_thundery":[[0.0,0.0,0.0],[0.0,0.0,0.0]],"aq_uv_index_clear_sky":[[0.0,0.7462499999999999,3.25],[0.0,0.0,0.0]],"cloudbase":[[740.98,1776.9200694444444,3325.79],[958.63,1108.1527777777778,1527.86]],"dateTime":[1759273200,1759359600],"dewpoint":[[34.69,45.084618055555545,56.01],[35.5,41.108333333333334,43.75]],"ecowitt_gateway_inTemp":[[67.64,70.22947916666665,73.94],[67.46,68.43592592592593,69.68]],"ecowitt_gateway_pressure":[[30.4,30.44864583333333,30.48],[30.37,30.398703703703703,30.44]],"ecowitt_wh31_hall_inTemp":[[58.28,61.07916666666666,63.5],[60.32,60.66027777777778,60.98]],"ecowitt_wh31_patio_outTemp":[[43.88,53.63510416666668,67.37],[45.17,48.041759259259265,49.1]],"ecowitt_wh51_patio_outGroundHumidity":[[15.0,15.487847222222223,16.0],[15.0,15.0,15.0]],"ecowitt_wittboy_outTemp":[[38.3,50.919270833333336,69.29],[39.74,43.84953703703704,45.8]],"ecowitt_wittboy_rain_day":[[0.0,0.002583656250000001,0.003937],[0.0,0.0,0.0]],"ecowitt_wittboy_rain_event":[[0.0,0.00030074305555555556,0.003937],[0.0,0.0,0.0]],"ecowitt_wittboy_rain_rate":[[0.0,0.0002460625,0.023622],[0.0,0.0,0.0]],"ecowitt_wittboy_uvi":[[0.0,0.5694444444444444,4.0],[0.0,0.0,0.0]],"ecowitt_wittboy_windDir":[[7.0,180.4965277777778,339.0],[59.0,189.2685185185185,322.0]],"ecowitt_wittboy_windGust":[[5.87,10.672916666666666,19.29],[5.87,11.226851851851853,22.65]],"ecowitt_wittboy_windSpeed":[[0.0,8.769965277777777,18.45],[4.19,9.260895061728394,22.65]],"ecowitt_wn34_shed_groundTemperature":[[49.94,54.239375,58.64],[51.29,52.55305555555555,54.44]],"feelslike":[[29.66,47.16635416666667,68.46],[33.62,38.941882716049385,42.51]],"inHumidity":[[57.0,58.04375000000001,59.8],[57.9,58.34104938271605,59.2]],"inTemp":[[68.2,70.49513888888889,73.9],[68.4,69.07006172839506,69.7]],"lightning_strike_count":[[0.0,0.0,0.0],[0.0,0.0,0.0]],"luminosity":[[0.0,9547.708368055555,56920.0],[0.0,443.7582716049383,5406.67]],"netatmo_Chitterne_co2":[[979.0,1458.0807291666667,2108.0],[1591.86,1858.1595061728394,2103.29]],"netatmo_Chitterne_inTemp":[[66.74,68.66795138888888,70.16],[67.46,68.45493827160493,69.62]],"netatmo_Chitterne_noise":[[32.0,33.760416666666664,65.0],[32.0,32.69444444444444,62.0]],"netatmo_Chitterne_outTemp":[[43.52,53.59159722222223,67.46],[45.5,47.71092592592592,48.56]],"netatmo_Chitterne_pressure":[[29.9,29.9296875,29.96],[29.85,29.87364197530864,29.91]],"outHumidity":[[62.1,80.11354166666668,94.0],[82.8,88.64660493827161,91.0]],"outTemp":[[38.3,50.97187499999999,69.3],[39.7,43.845679012345684,45.8]],"pressure":[[30.1,30.199652777777786,30.2],[30.1,30.129629629629633,30.2]],"rain":[[0.0,0.0,0.0],[0.0,0.0,0.0]],"rainRate":[[0.0,0.0,0.0],[0.0,0.0,0.0]],"rain_total":[[0.0,0.0,0.0],[0.0,0.0,0.0]],"vpd":[[0.02,0.09156249999999999,0.27],[0.03,0.03212962962962963,0.04]],"windrun":[[0.19,0.7331597222222221,1.54],[0.35,0.7728086419753087,1.89]]},"on_this_day":{"ET":{"average":{"overall":1.23},"max":{"value":10.07,"when":1759320000},"min":{"value":0.22,"when":1759370400}},"api_cold":{"average":{"overall":0.0},"max":{"value":0.0,"when":1759273200},"min":{"value":0.0,"when":1759273200}},"api_dew":{"average":{"overall":0.0},"max":{"value":0.0,"when":1759273200},"min":{"value":0.0,"when":1759273200}},"api_foggy":{"average":{"overall":0.2},"max":{"value":0.6,"when":1759359600},"min":{"value":0.0,"when":1759273200}},"api_frost_grass":{"average":{"overall":0.0},"max":{"value":0.0,"when":1759273200},"min":{"value":0.0,"when":1759273200}},"api_frost_ground":{"average":{"overall":0.0},"max":{"value":0.0,"when":1759273200},"min":{"value":0.0,"when":1759273200}},"api_hot":{"average":{"overall":0.0},"max":{"value":0.0,"when":1759273200},"min":{"value":0.0,"when":1759273200}},"api_rainy":{"average":{"overall":0.0},"max":{"value":0.1,"when":1759302000},"min":{"value":0.0,"when":1759273200}},"api_snowy":{"average":{"overall":0.0},"max":{"value":0.0,"when":1759273200},"min":{"value":0.0,"when":1759273200}},"api_stormy":{"average":{"overall":0.0},"max":{"value":0.0,"when":1759273200},"min":{"value":0.0,"when":1759273200}},"api_thundery":{"average":{"overall":0.0},"max":{"value":0.0,"when":1759273200},"min":{"value":0.0,"when":1759273200}},"aq_uv_index_clear_sky":{"average":{"overall":0},"max":{"value":3,"when":1759316400},"min":{"value":0,"when":1759273200}},"cloudbase":{"average":{"overall":1443},"max":{"value":3326,"when":1759330800},"min":{"value":741,"when":1759305600}},"dewpoint":{"average":{"overall":6.2},"max":{"value":13.3,"when":1759327200},"min":{"value":1.5,"when":1759287600}},"ecowitt_gateway_inTemp":{"average":{"overall":20.7},"max":{"value":23.3,"when":1759323600},"min":{"value":19.7,"when":1759363200}},"ecowitt_gateway_pressure":{"average":{"overall":1030},"max":{"value":1032,"when":1759302000},"min":{"value":1028,"when":1759381200}},"ecowitt_wh31_hall_inTemp":{"average":{"overall":16.0},"max":{"value":17.5,"when":1759341600},"min":{"value":14.6,"when":1759291200}},"ecowitt_wh31_patio_outTemp":{"average":{"overall":10.5},"max":{"value":19.7,"when":1759323600},"min":{"value":6.6,"when":1759291200}},"ecowitt_wh51_patio_outGroundHumidity":{"average":{"overall":15.2},"max":{"value":16.0,"when":1759273200},"min":{"value":15.0,"when":1759312800}},"ecowitt_wittboy_outTemp":{"average":{"overall":8.5},"max":{"value":20.7,"when":1759327200},"min":{"value":3.5,"when":1759291200}},"ecowitt_wittboy_rain_day":{"average":{"overall":0.032812},"max":{"value":0.1,"when":1759302000},"min":{"value":0.0,"when":1759273200}},"ecowitt_wittboy_rain_event":{"average":{"overall":0.003819},"max":{"value":0.1,"when":1759302000},"min":{"value":0.0,"when":1759273200}},"ecowitt_wittboy_rain_rate":{"average":{"overall":0.003125},"max":{"value":0.599999,"when":1759302000},"min":{"value":0.0,"when":1759273200}},"ecowitt_wittboy_uvi":{"average":{"overall":0.3},"max":{"value":4.0,"when":1759316400},"min":{"value":0.0,"when":1759273200}},"ecowitt_wittboy_windDir":{"average":{"overall":185},"max":{"value":339,"when":1759320000},"min":{"value":7,"when":1759312800}},"ecowitt_wittboy_windGust":{"average":{"overall":10.9},"max":{"value":22.6,"when":1759377600},"min":{"value":5.9,"when":1759334400}},"ecowitt_wittboy_windSpeed":{"average":{"overall":9.0},"max":{"value":22.6,"when":1759377600},"min":{"value":0.0,"when":1759323600}},"ecowitt_wn34_shed_groundTemperature":{"average":{"overall":11.9},"max":{"value":14.8,"when":1759338000},"min":{"value":10.0,"when":1759298400}},"feelslike":{"average":{"overall":6.1},"max":{"value":20.3,"when":1759327200},"min":{"value":-1.3,"when":1759291200}},"inHumidity":{"average":{"overall":58.2},"max":{"value":59.8,"when":1759341600},"min":{"value":57.0,"when":1759291200}},"inTemp":{"average":{"overall":21.0},"max":{"value":23.3,"when":1759323600},"min":{"value":20.1,"when":1759287600}},"lightning_strike_count":{"average":{"overall":0},"max":{"value":0,"when":1759273200},"min":{"value":0,"when":1759273200}},"luminosity":{"average":{"overall":4996},"max":{"value":56920,"when":1759320000},"min":{"value":0,"when":1759273200}},"netatmo_Chitterne_co2":{"average":{"overall":1658},"max":{"value":2108,"when":1759356000},"min":{"value":979,"when":1759323600}},"netatmo_Chitterne_inTemp":{"average":{"overall":20.3},"max":{"value":21.2,"when":1759352400},"min":{"value":19.3,"when":1759302000}},"netatmo_Chitterne_noise":{"average":{"overall":33},"max":{"value":65,"when":1759352400},"min":{"value":32,"when":1759273200}},"netatmo_Chitterne_outTemp":{"average":{"overall":10.4},"max":{"value":19.7,"when":1759323600},