{"charts":{"ET":[[0.36,0.4,0.45],[0.35,0.41,0.45]],"api_cold":[[0.0,0.0,0.0],[0.0,0.0,0.0]],"api_dew":[[0.0,0.0,0.0],[0.0,0.0,0.0]],"api_foggy":[[0.0,0.0,0.0],[0.0,0.0,0.0]],"api_frost_grass":[[0.0,0.0,0.0],[0.0,0.0,0.0]],"api_frost_ground":[[0.0,0.0,0.0],[0.0,0.0,0.0]],"api_hot":[[0.0,0.0,0.0],[0.0,0.0,0.0]],"api_rainy":[[0.0,0.0,0.3],[0.0,0.0,0.0]],"api_snowy":[[0.0,0.0,0.0],[0.0,0.0,0.0]],"api_stormy":[[0.0,0.0,0.0],[0.0,0.0,0.0]],"api_thundery":[[0.0,0.0,0.0],[0.0,0.0,0.0]],"aq_uv_index_clear_sky":[[0,0,0],[0,0,0]],"cloudbase":[[976,1049,1117],[1083,1120,1172]],"dateTime":[1778972400,1778976000],"dewpoint":[[7.4,8.0,8.4],[6.7,7.1,7.4]],"ecowitt_gateway_inTemp":[[17.5,17.7,17.9],[17.3,17.4,17.5]],"ecowitt_gateway_pressure":[[1013,1013,1013],[1013,1013,1013]],"ecowitt_wh31_hall_inTemp":[[14.3,14.3,14.3],[14.3,14.3,14.3]],"ecowitt_wh31_patio_outTemp":[[10.7,11.1,11.3],[10.3,10.4,10.6]],"ecowitt_wh51_patio_outGroundHumidity":[[14.0,14.0,14.0],[14.0,14.0,14.0]],"ecowitt_wittboy_outTemp":[[9.0,9.5,9.8],[8.3,8.6,8.9]],"ecowitt_wittboy_rain_day":[[0.0,0.158333,1.899996],[0.0,0.0,0.0]],"ecowitt_wittboy_rain_event":[[3.999992,3.999992,3.999992],[3.999992,3.999992,3.999992]],"ecowitt_wittboy_rain_rate":[[0.0,0.0,0.0],[0.0,0.0,0.0]],"ecowitt_wittboy_uvi":[[0.0,0.0,0.0],[0.0,0.0,0.0]],"ecowitt_wittboy_windDir":[[182,202,215],[197,205,212]],"ecowitt_wittboy_windGust":[[9.4,10.8,12.4],[8.7,9.6,10.2]],"ecowitt_wittboy_windSpeed":[[8.0,9.8,12.4],[8.0,8.5,9.4]],"ecowitt_wn34_shed_groundTemperature":[[12.5,12.7,12.8],[12.5,12.6,12.8]],"feelslike":[[6.3,7.2,7.7],[6.1,6.3,6.5]],"inHumidity":[[59.0,59.0,59.0],[59.0,59.0,59.0]],"inTemp":[[16.6,16.7,16.8],[16.6,16.6,16.6]],"lightning_strike_count":[[0,0,0],[0,0,0]],"luminosity":[[0,0,0],[0,0,0]],"netatmo_Chitterne_co2":[[2061,2084,2105],[2070,2077,2089]],"netatmo_Chitterne_inTemp":[[18.1,18.1,18.1],[18.1,18.1,18.1]],"netatmo_Chitterne_noise":[[32,33,40],[32,32,32]],"netatmo_Chitterne_outTemp":[[10.8,11.1,11.3],[10.3,10.5,10.7]],"netatmo_Chitterne_pressure":[[995,995,995],[995,995,995]],"outHumidity":[[89,90,90],[88,89,89]],"outTemp":[[9.0,9.5,9.8],[8.3,8.6,8.9]],"pressure":[[1002,1002,1002],[1002,1002,1002]],"rain":[[0.0,0.0,0.0],[0.0,0.0,0.0]],"rainRate":[[0.0,0.0,0.0],[0.0,0.0,0.0]],"rain_total":[[0.0,0.2,2.399995],[0.0,0.0,0.0]],"vpd":[[0.1,0.13,0.14],[0.14,0.14,0.14]],"windrun":[[0.67,0.82,1.03],[0.67,0.72,0.79]]},"on_this_day":{"ET":{"average":{"overall":0.4},"max":{"value":0.45,"when":1778972400},"min":{"value":0.35,"when":1778976000}},"api_cold":{"average":{"overall":0.0},"max":{"value":0.0,"when":1778972400},"min":{"value":0.0,"when":1778972400}},"api_dew":{"average":{"overall":0.0},"max":{"value":0.0,"when":1778972400},"min":{"value":0.0,"when":1778972400}},"api_foggy":{"average":{"overall":0.0},"max":{"value":0.0,"when":1778972400},"min":{"value":0.0,"when":1778972400}},"api_frost_grass":{"average":{"overall":0.0},"max":{"value":0.0,"when":1778972400},"min":{"value":0.0,"when":1778972400}},"api_frost_ground":{"average":{"overall":0.0},"max":{"value":0.0,"when":1778972400},"min":{"value":0.0,"when":1778972400}},"api_hot":{"average":{"overall":0.0},"max":{"value":0.0,"when":1778972400},"min":{"value":0.0,"when":1778972400}},"api_rainy":{"average":{"overall":0.0},"max":{"value":0.3,"when":1778972400},"min":{"value":0.0,"when":1778972400}},"api_snowy":{"average":{"overall":0.0},"max":{"value":0.0,"when":1778972400},"min":{"value":0.0,"when":1778972400}},"api_stormy":{"average":{"overall":0.0},"max":{"value":0.0,"when":1778972400},"min":{"value":0.0,"when":1778972400}},"api_thundery":{"average":{"overall":0.0},"max":{"value":0.0,"when":1778972400},"min":{"value":0.0,"when":1778972400}},"aq_uv_index_clear_sky":{"average":{"overall":0},"max":{"value":0,"when":1778972400},"min":{"value":0,"when":1778972400}},"cloudbase":{"average":{"overall":1084},"max":{"value":1172,"when":1778976000},"min":{"value":976,"when":1778972400}},"dewpoint":{"average":{"overall":7.5},"max":{"value":8.4,"when":1778972400},"min":{"value":6.7,"when":1778976000}},"ecowitt_gateway_inTemp":{"average":{"overall":17.5},"max":{"value":17.9,"when":1778972400},"min":{"value":17.3,"when":1778976000}},"ecowitt_gateway_pressure":{"average":{"overall":1013},"max":{"value":1013,"when":1778972400},"min":{"value":1013,"when":1778972400}},"ecowitt_wh31_hall_inTemp":{"average":{"overall":14.3},"max":{"value":14.3,"when":1778972400},"min":{"value":14.3,"when":1778972400}},"ecowitt_wh31_patio_outTemp":{"average":{"overall":10.7},"max":{"value":11.3,"when":1778972400},"min":{"value":10.3,"when":1778976000}},"ecowitt_wh51_patio_outGroundHumidity":{"average":{"overall":14.0},"max":{"value":14.0,"when":1778972400},"min":{"value":14.0,"when":1778972400}},"ecowitt_wittboy_outTemp":{"average":{"overall":9.1},"max":{"value":9.8,"when":1778972400},"min":{"value":8.3,"when":1778976000}},"ecowitt_wittboy_rain_day":{"average":{"overall":0.079167},"max":{"value":1.899996,"when":1778972400},"min":{"value":0.0,"when":1778972400}},"ecowitt_wittboy_rain_event":{"average":{"overall":3.999992},"max":{"value":3.999992,"when":1778972400},"min":{"value":3.999992,"when":1778972400}},"ecowitt_wittboy_rain_rate":{"average":{"overall":0.0},"max":{"value":0.0,"when":1778972400},"min":{"value":0.0,"when":1778972400}},"ecowitt_wittboy_uvi":{"average":{"overall":0.0},"max":{"value":0.0,"when":1778972400},"min":{"value":0.0,"when":1778972400}},"ecowitt_wittboy_windDir":{"average":{"overall":204},"max":{"value":215,"when":1778972400},"min":{"value":182,"when":1778972400}},"ecowitt_wittboy_windGust":{"average":{"overall":10.2},"max":{"value":12.4,"when":1778972400},"min":{"value":8.7,"when":1778976000}},"ecowitt_wittboy_windSpeed":{"average":{"overall":9.1},"max":{"value":12.4,"when":1778972400},"min":{"value":8.0,"when":1778972400}},"ecowitt_wn34_shed_groundTemperature":{"average":{"overall":12.6},"max":{"value":12.8,"when":1778972400},"min":{"value":12.5,"when":1778972400}},"feelslike":{"average":{"overall":6.7},"max":{"value":7.7,"when":1778972400},"min":{"value":6.1,"when":1778976000}},"inHumidity":{"average":{"overall":59.0},"max":{"value":59.0,"when":1778972400},"min":{"value":59.0,"when":1778972400}},"inTemp":{"average":{"overall":16.6},"max":{"value":16.8,"when":1778972400},"min":{"value":16.6,"when":1778976000}},"lightning_strike_count":{"average":{"overall":0},"max":{"value":0,"when":1778972400},"min":{"value":0,"when":1778972400}},"luminosity":{"average":{"overall":0},"max":{"value":0,"when":1778972400},"min":{"value":0,"when":1778972400}},"netatmo_Chitterne_co2":{"average":{"overall":2081},"max":{"value":2105,"when":1778972400},"min":{"value":2061,"when":1778972400}},"netatmo_Chitterne_inTemp":{"average":{"overall":18.1},"max":{"value":18.1,"when":1778972400},"min":{"value":18.1,"when":1778972400}},"netatmo_Chitterne_noise":{"average":{"overall":32},"max":{"value":40,"when":1778972400},"min":{"value":32,"when":1778972400}},"netatmo_Chitterne_outTemp":{"average":{"overall":10.8},"max":{"value":11.3,"when":1778972400},"min":{"value":10.3,"when":1778976000}},"netatmo_Chitterne_pressure":{"average":{"overall":995},"max":{"value":995,"when":1778972400},"min":{"value":995,"when":1778972400}},"outHumidity":{"average":{"overall":89},"max":{"value":90,"when":1778972400},"min":{"value":88,"when":1778976000}},"outTemp":{"average":{"overall":9.1},"max":{"value":9.8,"when":1778972400},"min":{"value":8.3,"when":1778976000}},"pressure":{"average":{"overall":1002},"max":{"value":1002,"when":1778972400},"min":{"value":1002,"when":1778972400}},"rain":{"average":{"overall":0.0},"max":{"value":0.0,"when":1778972400},"min":{"value":0.0,"when":1778972400}},"rainRate":{"average":{"overall":0.0},"max":{"value":0.0,"when":1778972400},"min":{"value":0.0,"when":1778972400}},"rain_total":{"average":{"overall":0.1},"max":{"value":2.399995,"when":1778972400},"min":{"value":0.0,"when":1778972400}},"vpd":{"average":{"overall":0.13},"max":{"value":0.14,"when":1778972400},"min":{"value":0.1,"when":1778972400}},