{"charts":{"ET":[[0.28,2.43780303030303,10.07]],"api_cold":[[0.0,0.0,0.0]],"api_dew":[[0.0,0.0,0.0]],"api_foggy":[[0.0,0.04447916666666667,0.14]],"api_frost_grass":[[0.0,0.0,0.0]],"api_frost_ground":[[0.0,0.0,0.0]],"api_hot":[[0.0,0.0,0.0]],"api_rainy":[[0.0,0.002916666666666667,0.14]],"api_snowy":[[0.0,0.0,0.0]],"api_stormy":[[0.0,0.0,0.0]],"api_thundery":[[0.0,0.0,0.0]],"aq_uv_index_clear_sky":[[0.0,0.9568229166666666,3.25]],"cloudbase":[[740.98,1620.498825757576,3311.97]],"dateTime":[1759273200],"dewpoint":[[34.69,44.485416666666666,55.97]],"ecowitt_gateway_inTemp":[[67.64,69.81903409090907,73.94]],"ecowitt_gateway_pressure":[[30.42,30.457831439393935,30.48]],"ecowitt_wh31_hall_inTemp":[[58.28,60.21038352272727,63.14]],"ecowitt_wh31_patio_outTemp":[[43.88,52.38862215909091,67.37]],"ecowitt_wh51_patio_outGroundHumidity":[[15.0,15.731770833333334,16.0]],"ecowitt_wittboy_outTemp":[[38.3,49.84116477272727,68.93]],"ecowitt_wittboy_rain_day":[[0.0,0.001906984375,0.003937]],"ecowitt_wittboy_rain_event":[[0.0,0.00045111458333333337,0.003937]],"ecowitt_wittboy_rain_rate":[[0.0,0.00036909375,0.023622]],"ecowitt_wittboy_uvi":[[0.0,0.796875,4.0]],"ecowitt_wittboy_windDir":[[7.0,179.57623106060606,339.0]],"ecowitt_wittboy_windGust":[[6.71,11.556017992424243,19.29]],"ecowitt_wittboy_windSpeed":[[0.0,9.305487689393939,18.45]],"ecowitt_wn34_shed_groundTemperature":[[49.94,52.74083806818182,58.04]],"feelslike":[[29.66,45.68939393939394,68.46]],"inHumidity":[[57.0,57.700284090909086,58.7]],"inTemp":[[68.2,70.11273674242423,73.9]],"lightning_strike_count":[[0.0,0.0,0.0]],"luminosity":[[0.0,12797.781770833333,56920.0]],"netatmo_Chitterne_co2":[[979.0,1446.4320785984848,1791.0]],"netatmo_Chitterne_inTemp":[[66.74,68.16835700757575,69.62]],"netatmo_Chitterne_noise":[[32.0,33.00710227272727,54.0]],"netatmo_Chitterne_outTemp":[[43.52,52.11447443181818,67.46]],"netatmo_Chitterne_pressure":[[29.91,29.93724431818182,29.96]],"outHumidity":[[62.6,82.07201704545454,94.0]],"outTemp":[[38.3,49.73399621212121,68.9]],"pressure":[[30.2,30.199999999999992,30.2]],"rain":[[0.0,0.0,0.0]],"rainRate":[[0.0,0.0,0.0]],"rain_total":[[0.0,0.0,0.0]],"vpd":[[0.02,0.08137310606060606,0.27]],"windrun":[[0.19,0.7785085227272727,1.54]]},"on_this_day":{"ET":{"average":{"overall":2.44},"max":{"value":10.07,"when":1759320000},"min":{"value":0.28,"when":1759294800}},"api_cold":{"average":{"overall":0.0},"max":{"value":0.0,"when":1759273200},"min":{"value":0.0,"when":1759273200}},"api_dew":{"average":{"overall":0.0},"max":{"value":0.0,"when":1759273200},"min":{"value":0.0,"when":1759273200}},"api_foggy":{"average":{"overall":0.0},"max":{"value":0.1,"when":1759294800},"min":{"value":0.0,"when":1759273200}},"api_frost_grass":{"average":{"overall":0.0},"max":{"value":0.0,"when":1759273200},"min":{"value":0.0,"when":1759273200}},"api_frost_ground":{"average":{"overall":0.0},"max":{"value":0.0,"when":1759273200},"min":{"value":0.0,"when":1759273200}},"api_hot":{"average":{"overall":0.0},"max":{"value":0.0,"when":1759273200},"min":{"value":0.0,"when":1759273200}},"api_rainy":{"average":{"overall":0.0},"max":{"value":0.1,"when":1759302000},"min":{"value":0.0,"when":1759273200}},"api_snowy":{"average":{"overall":0.0},"max":{"value":0.0,"when":1759273200},"min":{"value":0.0,"when":1759273200}},"api_stormy":{"average":{"overall":0.0},"max":{"value":0.0,"when":1759273200},"min":{"value":0.0,"when":1759273200}},"api_thundery":{"average":{"overall":0.0},"max":{"value":0.0,"when":1759273200},"min":{"value":0.0,"when":1759273200}},"aq_uv_index_clear_sky":{"average":{"overall":1},"max":{"value":3,"when":1759316400},"min":{"value":0,"when":1759273200}},"cloudbase":{"average":{"overall":1620},"max":{"value":3312,"when":1759327200},"min":{"value":741,"when":1759305600}},"dewpoint":{"average":{"overall":6.9},"max":{"value":13.3,"when":1759323600},"min":{"value":1.5,"when":1759287600}},"ecowitt_gateway_inTemp":{"average":{"overall":21.0},"max":{"value":23.3,"when":1759323600},"min":{"value":19.8,"when":1759276800}},"ecowitt_gateway_pressure":{"average":{"overall":1031},"max":{"value":1032,"when":1759302000},"min":{"value":1030,"when":1759327200}},"ecowitt_wh31_hall_inTemp":{"average":{"overall":15.7},"max":{"value":17.3,"when":1759327200},"min":{"value":14.6,"when":1759291200}},"ecowitt_wh31_patio_outTemp":{"average":{"overall":11.3},"max":{"value":19.7,"when":1759323600},"min":{"value":6.6,"when":1759291200}},"ecowitt_wh51_patio_outGroundHumidity":{"average":{"overall":15.7},"max":{"value":16.0,"when":1759273200},"min":{"value":15.0,"when":1759312800}},"ecowitt_wittboy_outTemp":{"average":{"overall":9.9},"max":{"value":20.5,"when":1759327200},"min":{"value":3.5,"when":1759291200}},"ecowitt_wittboy_rain_day":{"average":{"overall":0.048437},"max":{"value":0.1,"when":1759302000},"min":{"value":0.0,"when":1759273200}},"ecowitt_wittboy_rain_event":{"average":{"overall":0.011458},"max":{"value":0.1,"when":1759302000},"min":{"value":0.0,"when":1759273200}},"ecowitt_wittboy_rain_rate":{"average":{"overall":0.009375},"max":{"value":0.599999,"when":1759302000},"min":{"value":0.0,"when":1759273200}},"ecowitt_wittboy_uvi":{"average":{"overall":0.8},"max":{"value":4.0,"when":1759316400},"min":{"value":0.0,"when":1759273200}},"ecowitt_wittboy_windDir":{"average":{"overall":180},"max":{"value":339,"when":1759320000},"min":{"value":7,"when":1759312800}},"ecowitt_wittboy_windGust":{"average":{"overall":11.6},"max":{"value":19.3,"when":1759287600},"min":{"value":6.7,"when":1759273200}},"ecowitt_wittboy_windSpeed":{"average":{"overall":9.3},"max":{"value":18.4,"when":1759287600},"min":{"value":0.0,"when":1759323600}},"ecowitt_wn34_shed_groundTemperature":{"average":{"overall":11.5},"max":{"value":14.5,"when":1759327200},"min":{"value":10.0,"when":1759298400}},"feelslike":{"average":{"overall":7.6},"max":{"value":20.3,"when":1759327200},"min":{"value":-1.3,"when":1759291200}},"inHumidity":{"average":{"overall":57.7},"max":{"value":58.7,"when":1759312800},"min":{"value":57.0,"when":1759291200}},"inTemp":{"average":{"overall":21.2},"max":{"value":23.3,"when":1759323600},"min":{"value":20.1,"when":1759287600}},"lightning_strike_count":{"average":{"overall":0},"max":{"value":0,"when":1759273200},"min":{"value":0,"when":1759273200}},"luminosity":{"average":{"overall":12798},"max":{"value":56920,"when":1759320000},"min":{"value":0,"when":1759273200}},"netatmo_Chitterne_co2":{"average":{"overall":1446},"max":{"value":1791,"when":1759273200},"min":{"value":979,"when":1759323600}},"netatmo_Chitterne_inTemp":{"average":{"overall":20.1},"max":{"value":20.9,"when":1759273200},"min":{"value":19.3,"when":1759302000}},"netatmo_Chitterne_noise":{"average":{"overall":33},"max":{"value":54,"when":1759302000},"min":{"value":32,"when":1759273200}},"netatmo_Chitterne_outTemp":{"average":{"overall":11.2},"max":{"value":19.7,"when":1759323600},"min":{"value":6.4,"when":1759291200}},"netatmo_Chitterne_pressure":{"average":{"overall":1014},"max":{"value":1015,"when":1759309200},"min":{"value":1013,"when":1759327200}},"outHumidity":{"average":{"overall":82},"max":{"value":94,"when":1759305600},"min":{"value":63,"when":1759327200}},"outTemp":{"average":{"overall":9.9},"max":{"value":20.5,"when":1759327200},"min":{"value":3.5,"when":1759291200}},"pressure":{"average":{"overall":1023},"max":{"value":1023,"when":1759273200},"min":{"value":1023,"when":1759273200}},"rain":{"average":{"overall":0.0},"max":{"value":0.0,"when":1759273200},"min":{"value":0.0,"when":1759273200}},"rainRate":{"average":{"overall":0.0},"max":{"value":0.0,"when":1759273200},"min":{"value":0.0,"when":1759273200}},"rain_total":{"average":{"overall":0.0},"max":{"value":0.0,"when":1759273200},"min":{"value":0.0,"when":1759273200}},"vpd":{"average":{"overall":0.28},"max":{"value":0.91,"when":1759323600},"min":{"value":0.07,"when":1759302000}},"windrun":{"average":{"overall":0.78},"max":{"value":1.54,"when":1759287600},"min":{"value":0.19,"when":1759323600}}}}