{"charts":{"ET":[[0.38,0.4738787878787879,0.6]],"api_cold":[[0.0,0.0,0.0]],"api_dew":[[0.0,0.0,0.0]],"api_foggy":[[0.0,0.0,0.0]],"api_frost_grass":[[0.0,0.0,0.0]],"api_frost_ground":[[0.0,0.0,0.0]],"api_hot":[[0.0,0.0,0.0]],"api_rainy":[[0.0,0.0,0.0]],"api_snowy":[[0.0,0.0,0.0]],"api_stormy":[[0.0,0.0,0.0]],"api_thundery":[[0.0,0.0,0.0]],"aq_uv_index_clear_sky":[[0.0,0.0,0.0]],"cloudbase":[[1310.59,1431.2628333333337,1643.75]],"dateTime":[1759273200],"dewpoint":[[34.69,35.92369696969697,37.41]],"ecowitt_gateway_inTemp":[[67.64,67.9069090909091,68.54]],"ecowitt_gateway_pressure":[[30.45,30.462924242424243,30.47]],"ecowitt_wh31_hall_inTemp":[[58.46,58.751,59.54]],"ecowitt_wh31_patio_outTemp":[[44.51,45.48513636363636,46.4]],"ecowitt_wh51_patio_outGroundHumidity":[[16.0,16.0,16.0]],"ecowitt_wittboy_outTemp":[[38.48,39.78331818181819,40.82]],"ecowitt_wittboy_rain_day":[[0.0,0.0,0.0]],"ecowitt_wittboy_rain_event":[[0.0,0.0,0.0]],"ecowitt_wittboy_rain_rate":[[0.0,0.0,0.0]],"ecowitt_wittboy_uvi":[[0.0,0.0,0.0]],"ecowitt_wittboy_windDir":[[115.0,181.87272727272725,241.0]],"ecowitt_wittboy_windGust":[[6.71,10.109318181818182,19.29]],"ecowitt_wittboy_windSpeed":[[5.87,8.79309090909091,15.94]],"ecowitt_wn34_shed_groundTemperature":[[51.02,52.894499999999994,54.92]],"feelslike":[[30.79,34.202378787878786,36.4]],"inHumidity":[[57.4,57.64424242424242,58.1]],"inTemp":[[68.2,68.86166666666666,69.6]],"lightning_strike_count":[[0.0,0.0,0.0]],"luminosity":[[0.0,0.0,0.0]],"netatmo_Chitterne_co2":[[1567.86,1670.0864848484846,1791.0]],"netatmo_Chitterne_inTemp":[[68.1,68.8504393939394,69.62]],"netatmo_Chitterne_noise":[[32.0,33.06818181818182,46.0]],"netatmo_Chitterne_outTemp":[[44.24,45.23678787878787,46.22]],"netatmo_Chitterne_pressure":[[29.93,29.933,29.94]],"outHumidity":[[81.4,83.85833333333332,85.5]],"outTemp":[[38.5,39.788939393939394,40.8]],"pressure":[[30.2,30.2,30.2]],"rain":[[0.0,0.0,0.0]],"rainRate":[[0.0,0.0,0.0]],"rain_total":[[0.0,0.0,0.0]],"vpd":[[0.04,0.04016666666666667,0.05]],"windrun":[[0.49,0.7337272727272728,1.33]]},"on_this_day":{"ET":{"average":{"overall":0.47},"max":{"value":0.6,"when":1759273200},"min":{"value":0.38,"when":1759284000}},"api_cold":{"average":{"overall":0.0},"max":{"value":0.0,"when":1759273200},"min":{"value":0.0,"when":1759273200}},"api_dew":{"average":{"overall":0.0},"max":{"value":0.0,"when":1759273200},"min":{"value":0.0,"when":1759273200}},"api_foggy":{"average":{"overall":0.0},"max":{"value":0.0,"when":1759273200},"min":{"value":0.0,"when":1759273200}},"api_frost_grass":{"average":{"overall":0.0},"max":{"value":0.0,"when":1759273200},"min":{"value":0.0,"when":1759273200}},"api_frost_ground":{"average":{"overall":0.0},"max":{"value":0.0,"when":1759273200},"min":{"value":0.0,"when":1759273200}},"api_hot":{"average":{"overall":0.0},"max":{"value":0.0,"when":1759273200},"min":{"value":0.0,"when":1759273200}},"api_rainy":{"average":{"overall":0.0},"max":{"value":0.0,"when":1759273200},"min":{"value":0.0,"when":1759273200}},"api_snowy":{"average":{"overall":0.0},"max":{"value":0.0,"when":1759273200},"min":{"value":0.0,"when":1759273200}},"api_stormy":{"average":{"overall":0.0},"max":{"value":0.0,"when":1759273200},"min":{"value":0.0,"when":1759273200}},"api_thundery":{"average":{"overall":0.0},"max":{"value":0.0,"when":1759273200},"min":{"value":0.0,"when":1759273200}},"aq_uv_index_clear_sky":{"average":{"overall":0},"max":{"value":0,"when":1759273200},"min":{"value":0,"when":1759273200}},"cloudbase":{"average":{"overall":1431},"max":{"value":1644,"when":1759273200},"min":{"value":1311,"when":1759284000}},"dewpoint":{"average":{"overall":2.2},"max":{"value":3.0,"when":1759284000},"min":{"value":1.5,"when":1759287600}},"ecowitt_gateway_inTemp":{"average":{"overall":19.9},"max":{"value":20.3,"when":1759273200},"min":{"value":19.8,"when":1759276800}},"ecowitt_gateway_pressure":{"average":{"overall":1032},"max":{"value":1032,"when":1759273200},"min":{"value":1031,"when":1759284000}},"ecowitt_wh31_hall_inTemp":{"average":{"overall":14.9},"max":{"value":15.3,"when":1759273200},"min":{"value":14.7,"when":1759287600}},"ecowitt_wh31_patio_outTemp":{"average":{"overall":7.5},"max":{"value":8.0,"when":1759273200},"min":{"value":6.9,"when":1759287600}},"ecowitt_wh51_patio_outGroundHumidity":{"average":{"overall":16.0},"max":{"value":16.0,"when":1759273200},"min":{"value":16.0,"when":1759273200}},"ecowitt_wittboy_outTemp":{"average":{"overall":4.3},"max":{"value":4.9,"when":1759280400},"min":{"value":3.6,"when":1759287600}},"ecowitt_wittboy_rain_day":{"average":{"overall":0.0},"max":{"value":0.0,"when":1759273200},"min":{"value":0.0,"when":1759273200}},"ecowitt_wittboy_rain_event":{"average":{"overall":0.0},"max":{"value":0.0,"when":1759273200},"min":{"value":0.0,"when":1759273200}},"ecowitt_wittboy_rain_rate":{"average":{"overall":0.0},"max":{"value":0.0,"when":1759273200},"min":{"value":0.0,"when":1759273200}},"ecowitt_wittboy_uvi":{"average":{"overall":0.0},"max":{"value":0.0,"when":1759273200},"min":{"value":0.0,"when":1759273200}},"ecowitt_wittboy_windDir":{"average":{"overall":182},"max":{"value":241,"when":1759287600},"min":{"value":115,"when":1759287600}},"ecowitt_wittboy_windGust":{"average":{"overall":10.1},"max":{"value":19.3,"when":1759287600},"min":{"value":6.7,"when":1759273200}},"ecowitt_wittboy_windSpeed":{"average":{"overall":8.8},"max":{"value":15.9,"when":1759287600},"min":{"value":5.9,"when":1759273200}},"ecowitt_wn34_shed_groundTemperature":{"average":{"overall":11.6},"max":{"value":12.7,"when":1759273200},"min":{"value":10.6,"when":1759287600}},"feelslike":{"average":{"overall":1.2},"max":{"value":2.4,"when":1759280400},"min":{"value":-0.7,"when":1759287600}},"inHumidity":{"average":{"overall":57.6},"max":{"value":58.1,"when":1759280400},"min":{"value":57.4,"when":1759273200}},"inTemp":{"average":{"overall":20.5},"max":{"value":20.9,"when":1759273200},"min":{"value":20.1,"when":1759287600}},"lightning_strike_count":{"average":{"overall":0},"max":{"value":0,"when":1759273200},"min":{"value":0,"when":1759273200}},"luminosity":{"average":{"overall":0},"max":{"value":0,"when":1759273200},"min":{"value":0,"when":1759273200}},"netatmo_Chitterne_co2":{"average":{"overall":1670},"max":{"value":1791,"when":1759273200},"min":{"value":1568,"when":1759280400}},"netatmo_Chitterne_inTemp":{"average":{"overall":20.5},"max":{"value":20.9,"when":1759273200},"min":{"value":20.1,"when":1759287600}},"netatmo_Chitterne_noise":{"average":{"overall":33},"max":{"value":46,"when":1759276800},"min":{"value":32,"when":1759273200}},"netatmo_Chitterne_outTemp":{"average":{"overall":7.4},"max":{"value":7.9,"when":1759273200},"min":{"value":6.8,"when":1759287600}},"netatmo_Chitterne_pressure":{"average":{"overall":1014},"max":{"value":1014,"when":1759273200},"min":{"value":1014,"when":1759273200}},"outHumidity":{"average":{"overall":84},"max":{"value":86,"when":1759284000},"min":{"value":81,"when":1759273200}},"outTemp":{"average":{"overall":4.3},"max":{"value":4.9,"when":1759280400},"min":{"value":3.6,"when":1759287600}},"pressure":{"average":{"overall":1023},"max":{"value":1023,"when":1759273200},"min":{"value":1023,"when":1759273200}},"rain":{"average":{"overall":0.0},"max":{"value":0.0,"when":1759273200},"min":{"value":0.0,"when":1759273200}},"rainRate":{"average":{"overall":0.0},"max":{"value":0.0,"when":1759273200},"min":{"value":0.0,"when":1759273200}},"rain_total":{"average":{"overall":0.0},"max":{"value":0.0,"when":1759273200},"min":{"value":0.0,"when":1759273200}},"vpd":{"average":{"overall":0.14},"max":{"value":0.17,"when":1759273200},"min":{"value":0.14,"when":1759273200}},"windrun":{"average":{"overall":0.73},"max":{"value":1.33,"when":1759287600},"min":{"value":0.49,"when":1759273200}}}}