{"charts":{"ET":[[0.3,0.35,0.39],[0.36,0.39,0.42]],"api_cold":[[0.0,0.0,0.0],[null,null,null]],"api_dew":[[0.0,0.0,0.0],[null,null,null]],"api_foggy":[[0.0,0.0,0.0],[null,null,null]],"api_frost_grass":[[0.0,0.0,0.0],[null,null,null]],"api_frost_ground":[[0.0,0.0,0.0],[null,null,null]],"api_hot":[[0.0,0.0,0.0],[null,null,null]],"api_rainy":[[0.1,0.2,0.3],[null,null,null]],"api_snowy":[[0.0,0.0,0.0],[null,null,null]],"api_stormy":[[0.0,0.0,0.0],[null,null,null]],"api_thundery":[[0.0,0.0,0.0],[null,null,null]],"aq_uv_index_clear_sky":[[0,0,0],[0,0,0]],"cloudbase":[[681,713,728],[738,765,792]],"dateTime":[1763251200,1763254800],"dewpoint":[[9.0,9.4,9.6],[8.9,9.0,9.1]],"ecowitt_gateway_inTemp":[[20.4,20.5,20.5],[20.4,20.4,20.4]],"ecowitt_gateway_pressure":[[1014,1014,1014],[1014,1014,1014]],"ecowitt_wh31_hall_inTemp":[[16.8,17.0,17.0],[16.8,16.8,16.8]],"ecowitt_wh31_patio_outTemp":[[10.6,10.6,10.7],[10.6,10.6,10.6]],"ecowitt_wh51_patio_outGroundHumidity":[[50.0,50.0,50.0],[50.0,50.0,50.0]],"ecowitt_wittboy_outTemp":[[9.9,10.0,10.0],[9.9,9.9,9.9]],"ecowitt_wittboy_rain_day":[[0.0,0.0,0.0],[0.0,0.0,0.0]],"ecowitt_wittboy_rain_event":[[0.0,0.0,0.0],[0.0,0.0,0.0]],"ecowitt_wittboy_rain_rate":[[0.0,0.0,0.0],[0.0,0.0,0.0]],"ecowitt_wittboy_uvi":[[0.0,0.0,0.0],[0.0,0.0,0.0]],"ecowitt_wittboy_windDir":[[166,188,211],[179,184,190]],"ecowitt_wittboy_windGust":[[21.0,28.5,51.2],[23.5,28.1,32.7]],"ecowitt_wittboy_windSpeed":[[17.6,23.3,36.9],[20.1,23.9,27.7]],"ecowitt_wn34_shed_groundTemperature":[[12.0,12.1,12.2],[12.0,12.0,12.0]],"feelslike":[[4.3,5.8,7.0],[5.1,5.3,5.6]],"inHumidity":[[66.0,66.2,66.3],[66.0,66.0,66.1]],"inTemp":[[20.4,20.5,20.5],[20.4,20.4,20.4]],"lightning_strike_count":[[0,0,0],[0,0,0]],"luminosity":[[0,0,0],[0,0,0]],"netatmo_Chitterne_co2":[[1143,1165,1196],[1111,1124,1137]],"netatmo_Chitterne_inTemp":[[19.6,19.7,19.7],[19.6,19.6,19.6]],"netatmo_Chitterne_noise":[[32,32,34],[32,33,34]],"netatmo_Chitterne_outTemp":[[10.5,10.5,10.6],[10.5,10.5,10.5]],"netatmo_Chitterne_pressure":[[996,996,996],[996,996,996]],"outHumidity":[[94,94,95],[93,94,94]],"outTemp":[[9.9,10.3,10.4],[9.9,9.9,9.9]],"pressure":[[1006,1006,1006],[1006,1006,1006]],"rain":[[0.0,0.0,0.0],[0.0,0.0,0.0]],"rainRate":[[0.0,0.0,0.0],[0.0,0.0,0.0]],"rain_total":[[0.0,0.372727,4.099992],[0.0,0.0,0.0]],"vpd":[[0.07,0.07,0.07],[0.07,0.07,0.07]],"windrun":[[1.47,1.94,3.08],[1.68,2.0,2.31]]},"on_this_day":{"ET":{"average":{"overall":0.37},"max":{"value":0.42,"when":1763254800},"min":{"value":0.3,"when":1763251200}},"api_cold":{"average":{"overall":0.0},"max":{"value":0.0,"when":1763251200},"min":{"value":0.0,"when":1763251200}},"api_dew":{"average":{"overall":0.0},"max":{"value":0.0,"when":1763251200},"min":{"value":0.0,"when":1763251200}},"api_foggy":{"average":{"overall":0.0},"max":{"value":0.0,"when":1763251200},"min":{"value":0.0,"when":1763251200}},"api_frost_grass":{"average":{"overall":0.0},"max":{"value":0.0,"when":1763251200},"min":{"value":0.0,"when":1763251200}},"api_frost_ground":{"average":{"overall":0.0},"max":{"value":0.0,"when":1763251200},"min":{"value":0.0,"when":1763251200}},"api_hot":{"average":{"overall":0.0},"max":{"value":0.0,"when":1763251200},"min":{"value":0.0,"when":1763251200}},"api_rainy":{"average":{"overall":0.2},"max":{"value":0.3,"when":1763251200},"min":{"value":0.1,"when":1763251200}},"api_snowy":{"average":{"overall":0.0},"max":{"value":0.0,"when":1763251200},"min":{"value":0.0,"when":1763251200}},"api_stormy":{"average":{"overall":0.0},"max":{"value":0.0,"when":1763251200},"min":{"value":0.0,"when":1763251200}},"api_thundery":{"average":{"overall":0.0},"max":{"value":0.0,"when":1763251200},"min":{"value":0.0,"when":1763251200}},"aq_uv_index_clear_sky":{"average":{"overall":0},"max":{"value":0,"when":1763251200},"min":{"value":0,"when":1763251200}},"cloudbase":{"average":{"overall":739},"max":{"value":792,"when":1763254800},"min":{"value":681,"when":1763251200}},"dewpoint":{"average":{"overall":9.2},"max":{"value":9.6,"when":1763251200},"min":{"value":8.9,"when":1763254800}},"ecowitt_gateway_inTemp":{"average":{"overall":20.4},"max":{"value":20.5,"when":1763251200},"min":{"value":20.4,"when":1763251200}},"ecowitt_gateway_pressure":{"average":{"overall":1014},"max":{"value":1014,"when":1763251200},"min":{"value":1014,"when":1763251200}},"ecowitt_wh31_hall_inTemp":{"average":{"overall":16.9},"max":{"value":17.0,"when":1763251200},"min":{"value":16.8,"when":1763254800}},"ecowitt_wh31_patio_outTemp":{"average":{"overall":10.6},"max":{"value":10.7,"when":1763251200},"min":{"value":10.6,"when":1763254800}},"ecowitt_wh51_patio_outGroundHumidity":{"average":{"overall":50.0},"max":{"value":50.0,"when":1763251200},"min":{"value":50.0,"when":1763251200}},"ecowitt_wittboy_outTemp":{"average":{"overall":9.9},"max":{"value":10.0,"when":1763251200},"min":{"value":9.9,"when":1763251200}},"ecowitt_wittboy_rain_day":{"average":{"overall":0.0},"max":{"value":0.0,"when":1763251200},"min":{"value":0.0,"when":1763251200}},"ecowitt_wittboy_rain_event":{"average":{"overall":0.0},"max":{"value":0.0,"when":1763251200},"min":{"value":0.0,"when":1763251200}},"ecowitt_wittboy_rain_rate":{"average":{"overall":0.0},"max":{"value":0.0,"when":1763251200},"min":{"value":0.0,"when":1763251200}},"ecowitt_wittboy_uvi":{"average":{"overall":0.0},"max":{"value":0.0,"when":1763251200},"min":{"value":0.0,"when":1763251200}},"ecowitt_wittboy_windDir":{"average":{"overall":186},"max":{"value":211,"when":1763251200},"min":{"value":166,"when":1763251200}},"ecowitt_wittboy_windGust":{"average":{"overall":28.3},"max":{"value":51.2,"when":1763251200},"min":{"value":21.0,"when":1763251200}},"ecowitt_wittboy_windSpeed":{"average":{"overall":23.6},"max":{"value":36.9,"when":1763251200},"min":{"value":17.6,"when":1763251200}},"ecowitt_wn34_shed_groundTemperature":{"average":{"overall":12.0},"max":{"value":12.2,"when":1763251200},"min":{"value":12.0,"when":1763251200}},"feelslike":{"average":{"overall":5.5},"max":{"value":7.0,"when":1763251200},"min":{"value":4.3,"when":1763251200}},"inHumidity":{"average":{"overall":66.1},"max":{"value":66.3,"when":1763251200},"min":{"value":66.0,"when":1763251200}},"inTemp":{"average":{"overall":20.4},"max":{"value":20.5,"when":1763251200},"min":{"value":20.4,"when":1763251200}},"lightning_strike_count":{"average":{"overall":0},"max":{"value":0,"when":1763251200},"min":{"value":0,"when":1763251200}},"luminosity":{"average":{"overall":0},"max":{"value":0,"when":1763251200},"min":{"value":0,"when":1763251200}},"netatmo_Chitterne_co2":{"average":{"overall":1144},"max":{"value":1196,"when":1763251200},"min":{"value":1111,"when":1763254800}},"netatmo_Chitterne_inTemp":{"average":{"overall":19.6},"max":{"value":19.7,"when":1763251200},"min":{"value":19.6,"when":1763251200}},"netatmo_Chitterne_noise":{"average":{"overall":33},"max":{"value":34,"when":1763251200},"min":{"value":32,"when":1763251200}},"netatmo_Chitterne_outTemp":{"average":{"overall":10.5},"max":{"value":10.6,"when":1763251200},"min":{"value":10.5,"when":1763251200}},"netatmo_Chitterne_pressure":{"average":{"overall":996},"max":{"value":996,"when":1763251200},"min":{"value":996,"when":1763251200}},"outHumidity":{"average":{"overall":94},"max":{"value":95,"when":1763251200},"min":{"value":93,"when":1763254800}},"outTemp":{"average":{"overall":10.1},"max":{"value":10.4,"when":1763251200},"min":{"value":9.9,"when":1763251200}},"pressure":{"average":{"overall":1006},"max":{"value":1006,"when":1763251200},"min":{"value":1006,"when":1763251200}},"rain":{"average":{"overall":0.0},"max":{"value":0.0,"when":1763251200},"min":{"value":0.0,"when":1763251200}},"rainRate":{"average":{"overall":0.0},"max":{"value":0.0,"when":1763251200},"min":{"value":0.0,"when":1763251200}},"rain_total":{"average":{"overall":0.186363},"max":{"value":4.099992,"when":1763251200},"min":{"value":0.0,"when":1763251200}},"vpd":{"average":{"overall":0.07},"max":{"value":0.07,"when":1763251200},"min":{"value":0.07,"when":1763251200}},