{"charts":{"ET":[[0.46,3.31,13.76],[0.28,2.84,12.99],[0.22,2.97,14.67],[0.51,0.54,0.57]],"api_cold":[[0.0,0.0,0.0],[0.0,0.0,0.0],[0.0,0.0,0.0],[0.0,0.0,0.0]],"api_dew":[[0.0,0.0,0.0],[0.0,0.0,0.0],[0.0,0.0,0.0],[0.0,0.0,0.0]],"api_foggy":[[0.0,0.0,0.1],[0.0,0.1,0.4],[0.0,0.2,0.7],[0.1,0.1,0.1]],"api_frost_grass":[[0.0,0.0,0.0],[0.0,0.0,0.0],[0.0,0.0,0.0],[0.0,0.0,0.0]],"api_frost_ground":[[0.0,0.0,0.0],[0.0,0.0,0.0],[0.0,0.0,0.0],[0.0,0.0,0.0]],"api_hot":[[0.0,0.0,0.0],[0.0,0.0,0.0],[0.0,0.0,0.0],[0.0,0.0,0.0]],"api_rainy":[[0.0,0.0,0.1],[0.0,0.2,0.9],[0.0,0.1,0.4],[0.0,0.0,0.0]],"api_snowy":[[0.0,0.0,0.0],[0.0,0.0,0.0],[0.0,0.0,0.0],[0.0,0.0,0.0]],"api_stormy":[[0.0,0.0,0.0],[0.0,0.0,0.0],[0.0,0.0,0.0],[0.0,0.0,0.0]],"api_thundery":[[0.0,0.0,0.0],[0.0,0.0,0.0],[0.0,0.0,0.1],[0.0,0.0,0.0]],"aq_uv_index_clear_sky":[[0,1,5],[0,1,5],[0,1,4],[0,0,0]],"cloudbase":[[1326,2696,4083],[918,2083,4848],[810,1827,3536],[1290,1332,1375]],"dateTime":[1777590000,1777676400,1777762800,1777849200],"dewpoint":[[1.4,8.4,14.7],[1.1,8.5,13.1],[7.0,10.8,12.7],[10.4,10.5,10.5]],"ecowitt_gateway_inTemp":[[17.0,19.6,21.5],[17.2,19.8,22.1],[18.4,20.3,23.5],[19.8,19.9,19.9]],"ecowitt_gateway_pressure":[[1023,1024,1025],[1015,1020,1025],[1013,1014,1016],[1016,1016,1016]],"ecowitt_wh31_hall_inTemp":[[15.1,16.4,17.6],[14.5,16.0,17.2],[16.1,16.8,17.6],[17.2,17.2,17.3]],"ecowitt_wh31_patio_outTemp":[[8.3,15.3,21.7],[7.0,14.0,21.0],[11.4,15.4,20.3],[13.5,13.5,13.6]],"ecowitt_wh51_patio_outGroundHumidity":[[20.0,20.8,21.0],[20.0,20.1,21.0],[20.0,20.0,20.6],[20.0,20.0,20.0]],"ecowitt_wittboy_outTemp":[[5.2,13.3,20.9],[3.6,11.5,19.7],[8.6,13.5,18.9],[11.5,11.5,11.6]],"ecowitt_wittboy_rain_day":[[0.0,0.0,0.0],[0.0,1.210288,3.699993],[0.0,0.012847,3.699993],[0.0,0.0,0.0]],"ecowitt_wittboy_rain_event":[[0.0,0.0,0.0],[0.0,1.210288,3.699993],[0.0,2.479509,3.699993],[0.0,0.0,0.0]],"ecowitt_wittboy_rain_rate":[[0.0,0.0,0.0],[0.0,0.18428,3.599993],[0.0,0.0,0.0],[0.0,0.0,0.0]],"ecowitt_wittboy_uvi":[[0.0,0.9,8.0],[0.0,0.7,5.0],[0.0,1.0,7.0],[0.0,0.0,0.0]],"ecowitt_wittboy_windDir":[[4,211,336],[14,206,359],[6,212,333],[188,205,215]],"ecowitt_wittboy_windGust":[[5.8,11.5,25.4],[6.5,12.3,27.6],[4.4,11.3,27.6],[8.0,8.9,9.4]],"ecowitt_wittboy_windSpeed":[[4.4,9.9,24.7],[3.6,10.7,23.3],[3.6,9.3,21.8],[8.0,8.0,8.0]],"ecowitt_wn34_shed_groundTemperature":[[12.7,15.9,18.2],[11.6,15.2,17.9],[14.0,15.9,17.7],[15.9,16.0,16.1]],"feelslike":[[-1.4,11.9,21.7],[-1.4,10.2,21.0],[3.4,12.5,20.0],[11.0,11.2,11.3]],"inHumidity":[[47.3,50.1,56.5],[50.8,52.9,58.5],[55.7,58.0,60.5],[57.0,57.0,57.1]],"inTemp":[[16.8,21.6,22.6],[16.1,21.5,23.1],[17.3,20.2,23.6],[22.4,22.4,22.5]],"lightning_strike_count":[[0,0,0],[0,0,0],[0,0,0],[0,0,0]],"luminosity":[[0,13583,81550],[0,12743,69592],[0,15210,84832],[0,0,0]],"netatmo_Chitterne_co2":[[442,1030,1834],[475,1087,1810],[535,1084,1954],[1953,1970,1992]],"netatmo_Chitterne_inTemp":[[20.6,21.8,22.6],[20.7,21.9,23.1],[22.0,22.5,22.7],[22.4,22.4,22.5]],"netatmo_Chitterne_noise":[[32,36,64],[32,35,65],[32,36,66],[32,32,32]],"netatmo_Chitterne_outTemp":[[8.1,15.3,21.9],[6.9,14.0,21.4],[13.2,15.5,18.7],[13.3,13.4,13.4]],"netatmo_Chitterne_pressure":[[1005,1006,1007],[998,1003,1007],[996,997,998],[998,999,999]],"outHumidity":[[55,69,85],[50,77,91],[60,80,92],[86,86,86]],"outTemp":[[5.2,14.1,21.9],[3.6,12.6,21.4],[8.6,14.4,20.3],[12.8,12.8,12.8]],"pressure":[[1016,1016,1026],[1006,1012,1023],[1006,1011,1016],[1006,1006,1006]],"rain":[[0.0,0.0,0.0],[0.0,0.199035,13.999972],[0.0,0.0,0.0],[0.0,0.0,0.0]],"rainRate":[[0.0,0.0,0.0],[0.0,2.145198,71.999856],[0.0,0.0,0.0],[0.0,0.0,0.0]],"rain_total":[[0.0,0.0,0.0],[0.0,0.707501,2.699995],[0.0,0.0,0.0],[0.0,0.0,0.0]],"vpd":[[0.17,0.56,1.05],[0.1,0.41,1.25],[0.1,0.37,0.91],[0.2,0.2,0.2]],"windrun":[[0.36,0.82,2.06],[0.3,0.89,1.94],[0.3,0.78,1.82],[0.67,0.67,0.67]]},"on_this_day":{"ET":{"average":{"overall":2.41},"max":{"value":14.67,"when":1777820400},"min":{"value":0.22,"when":1777780800}},"api_cold":{"average":{"overall":0.0},"max":{"value":0.0,"when":1777590000},"min":{"value":0.0,"when":1777590000}},"api_dew":{"average":{"overall":0.0},"max":{"value":0.0,"when":1777590000},"min":{"value":0.0,"when":1777590000}},"api_foggy":{"average":{"overall":0.1},"max":{"value":0.7,"when":1777773600},"min":{"value":0.0,"when":1777590000}},"api_frost_grass":{"average":{"overall":0.0},"max":{"value":0.0,"when":1777590000},"min":{"value":0.0,"when":1777590000}},"api_frost_ground":{"average":{"overall":0.0},"max":{"value":0.0,"when":1777590000},"min":{"value":0.0,"when":1777590000}},"api_hot":{"average":{"overall":0.0},"max":{"value":0.0,"when":1777590000},"min":{"value":0.0,"when":1777590000}},"api_rainy":{"average":{"overall":0.1},"max":{"value":0.9,"when":1777734000},"min":{"value":0.0,"when":1777590000}},"api_snowy":{"average":{"overall":0.0},"max":{"value":0.0,"when":1777590000},"min":{"value":0.0,"when":1777590000}},"api_stormy":{"average":{"overall":0.0},"max":{"value":0.0,"when":1777590000},"min":{"value":0.0,"when":1777590000}},"api_thundery":{"average":{"overall":0.0},"max":{"value":0.1,"when":1777806000},"min":{"value":0.0,"when":1777590000}},"aq_uv_index_clear_sky":{"average":{"overall":1},"max":{"value":5,"when":1777636800},"min":{"value":0,"when":1777590000}},"cloudbase":{"average":{"overall":1984},"max":{"value":4848,"when":1777723200},"min":{"value":810,"when":1777780800}},"dewpoint":{"average":{"overall":9.5},"max":{"value":14.7,"when":1777636800},"min":{"value":1.1,"when":1777687200}},"ecowitt_gateway_inTemp":{"average":{"overall":19.9},"max":{"value":23.5,"when":1777802400},"min":{"value":17.0,"when":1777611600}},"ecowitt_gateway_pressure":{"average":{"overall":1018},"max":{"value":1025,"when":1777669200},"min":{"value":1013,"when":1777820400}},"ecowitt_wh31_hall_inTemp":{"average":{"overall":16.6},"max":{"value":17.6,"when":1777662000},"min":{"value":14.5,"when":1777698000}},"ecowitt_wh31_patio_outTemp":{"average":{"overall":14.5},"max":{"value":21.7,"when":1777633200},"min":{"value":7.0,"when":1777687200}},"ecowitt_wh51_patio_outGroundHumidity":{"average":{"overall":20.2},"max":{"value":21.0,"when":1777590000},"min":{"value":20.0,"when":1777654800}},"ecowitt_wittboy_outTemp":{"average":{"overall":12.5},"max":{"value":20.9,"when":1777633200},"min":{"value":3.6,"when":1777687200}},"ecowitt_wittboy_rain_day":{"average":{"overall":0.305784},"max":{"value":3.699993,"when":1777737600},"min":{"value":0.0,"when":1777590000}},"ecowitt_wittboy_rain_event":{"average":{"overall":0.922449},"max":{"value":3.699993,"when":1777737600},"min":{"value":0.0,"when":1777590000}},"ecowitt_wittboy_rain_rate":{"average":{"overall":0.04607},"max":{"value":3.599993,"when":1777730400},"min":{"value":0.0,"when":1777590000}},"ecowitt_wittboy_uvi":{"average":{"overall":0.7},"max":{"value":8.0,"when":1777644000},"min":{"value":0.0,"when":1777590000}},"ecowitt_wittboy_windDir":{"average":{"overall":209},"max":{"value":359,"when":1777719600},"min":{"value":4,"when":1777629600}},"ecowitt_wittboy_windGust":{"average":{"overall":11.0},"max":{"value":27.6,"when":1777708800},"min":{"value":4.4,"when":1777824000}},"ecowitt_wittboy_windSpeed":{"average":{"overall":9.5},"max":{"value":24.7,"when":1777611600},"min":{"value":3.6,"when":1777726800}},"ecowitt_wn34_shed_groundTemperature":{"average":{"overall":15.7},"max":{"value":18.2,"when":1777658400},"min":{"value":11.6,"when":1777701600}},"feelslike":{"average":{"overall":11.5},"max":{"value":21.7,"when":1777636800},"min":{"value":-1.4,"when":1777698000}},"inHumidity":{"average":{"overall":54.5},"max":{"value":60.5,"when":1777834800},"min":{"value":47.3,"when":1777590000}},"inTemp":{"average":{"overall":21.4},"max":{"value":23.6,"when":1777802400},"min":{"value":16.1,"when":1777690800}},"lightning_strike_count":{"average":{"overall":0},"max":{"value":0,"when":1777590000},"min":{"value":0,"when":1777590000}},"luminosity":{"average":{"overall":10384},"max":{"value":84832,"when":1777820400},"min":{"value":0,"when":1777590000}},