{"charts":{"ET":[[0.28,0.7686363636363637,2.65]],"api_cold":[[0.0,0.0,0.0]],"api_dew":[[0.0,0.0,0.0]],"api_foggy":[[0.0,0.060454545454545455,0.14]],"api_frost_grass":[[0.0,0.0,0.0]],"api_frost_ground":[[0.0,0.0,0.0]],"api_hot":[[0.0,0.0,0.0]],"api_rainy":[[0.0,0.004242424242424243,0.14]],"api_snowy":[[0.0,0.0,0.0]],"api_stormy":[[0.0,0.0,0.0]],"api_thundery":[[0.0,0.0,0.0]],"aq_uv_index_clear_sky":[[0.0,0.14492424242424243,0.75]],"cloudbase":[[740.98,1215.2483712121214,1643.75]],"dateTime":[1759273200],"dewpoint":[[34.69,39.75700757575757,52.84]],"ecowitt_gateway_inTemp":[[67.64,68.71704545454544,71.48]],"ecowitt_gateway_pressure":[[30.45,30.465113636363636,30.48]],"ecowitt_wh31_hall_inTemp":[[58.28,59.20477272727272,61.16]],"ecowitt_wh31_patio_outTemp":[[43.88,47.02954545454545,55.94]],"ecowitt_wh51_patio_outGroundHumidity":[[16.0,16.0,16.0]],"ecowitt_wittboy_outTemp":[[38.3,43.06238636363637,56.72]],"ecowitt_wittboy_rain_day":[[0.0,0.00098425,0.003937]],"ecowitt_wittboy_rain_event":[[0.0,0.0006710795454545456,0.003937]],"ecowitt_wittboy_rain_rate":[[0.0,0.0005368636363636364,0.023622]],"ecowitt_wittboy_uvi":[[0.0,0.12878787878787878,1.0]],"ecowitt_wittboy_windDir":[[14.0,183.31818181818184,266.0]],"ecowitt_wittboy_windGust":[[6.71,12.446818181818184,19.29]],"ecowitt_wittboy_windSpeed":[[5.87,10.247272727272726,18.45]],"ecowitt_wn34_shed_groundTemperature":[[49.94,51.654886363636365,54.92]],"feelslike":[[29.66,37.541893939393944,53.75]],"inHumidity":[[57.0,57.56856060606061,58.3]],"inTemp":[[68.2,69.15075757575758,71.5]],"lightning_strike_count":[[0.0,0.0,0.0]],"luminosity":[[0.0,3213.2575757575755,17801.67]],"netatmo_Chitterne_co2":[[1289.71,1599.3298484848485,1791.0]],"netatmo_Chitterne_inTemp":[[66.74,68.02143939393937,69.62]],"netatmo_Chitterne_noise":[[32.0,33.0,54.0]],"netatmo_Chitterne_outTemp":[[43.52,46.61458333333333,55.4]],"netatmo_Chitterne_pressure":[[29.93,29.93780303030303,29.96]],"outHumidity":[[81.4,86.98560606060606,94.0]],"outTemp":[[38.3,43.00189393939394,56.0]],"pressure":[[30.2,30.199999999999992,30.2]],"rain":[[0.0,0.0,0.0]],"rainRate":[[0.0,0.0,0.0]],"rain_total":[[0.0,0.0,0.0]],"vpd":[[0.02,0.035151515151515156,0.05]],"windrun":[[0.49,0.8551136363636362,1.54]]},"on_this_day":{"ET":{"average":{"overall":0.77},"max":{"value":2.65,"when":1759309200},"min":{"value":0.28,"when":1759294800}},"api_cold":{"average":{"overall":0.0},"max":{"value":0.0,"when":1759273200},"min":{"value":0.0,"when":1759273200}},"api_dew":{"average":{"overall":0.0},"max":{"value":0.0,"when":1759273200},"min":{"value":0.0,"when":1759273200}},"api_foggy":{"average":{"overall":0.1},"max":{"value":0.1,"when":1759294800},"min":{"value":0.0,"when":1759273200}},"api_frost_grass":{"average":{"overall":0.0},"max":{"value":0.0,"when":1759273200},"min":{"value":0.0,"when":1759273200}},"api_frost_ground":{"average":{"overall":0.0},"max":{"value":0.0,"when":1759273200},"min":{"value":0.0,"when":1759273200}},"api_hot":{"average":{"overall":0.0},"max":{"value":0.0,"when":1759273200},"min":{"value":0.0,"when":1759273200}},"api_rainy":{"average":{"overall":0.0},"max":{"value":0.1,"when":1759302000},"min":{"value":0.0,"when":1759273200}},"api_snowy":{"average":{"overall":0.0},"max":{"value":0.0,"when":1759273200},"min":{"value":0.0,"when":1759273200}},"api_stormy":{"average":{"overall":0.0},"max":{"value":0.0,"when":1759273200},"min":{"value":0.0,"when":1759273200}},"api_thundery":{"average":{"overall":0.0},"max":{"value":0.0,"when":1759273200},"min":{"value":0.0,"when":1759273200}},"aq_uv_index_clear_sky":{"average":{"overall":0},"max":{"value":1,"when":1759302000},"min":{"value":0,"when":1759273200}},"cloudbase":{"average":{"overall":1215},"max":{"value":1644,"when":1759273200},"min":{"value":741,"when":1759305600}},"dewpoint":{"average":{"overall":4.3},"max":{"value":11.6,"when":1759309200},"min":{"value":1.5,"when":1759287600}},"ecowitt_gateway_inTemp":{"average":{"overall":20.4},"max":{"value":21.9,"when":1759309200},"min":{"value":19.8,"when":1759276800}},"ecowitt_gateway_pressure":{"average":{"overall":1032},"max":{"value":1032,"when":1759302000},"min":{"value":1031,"when":1759284000}},"ecowitt_wh31_hall_inTemp":{"average":{"overall":15.1},"max":{"value":16.2,"when":1759309200},"min":{"value":14.6,"when":1759291200}},"ecowitt_wh31_patio_outTemp":{"average":{"overall":8.3},"max":{"value":13.3,"when":1759309200},"min":{"value":6.6,"when":1759291200}},"ecowitt_wh51_patio_outGroundHumidity":{"average":{"overall":16.0},"max":{"value":16.0,"when":1759273200},"min":{"value":16.0,"when":1759273200}},"ecowitt_wittboy_outTemp":{"average":{"overall":6.1},"max":{"value":13.7,"when":1759309200},"min":{"value":3.5,"when":1759291200}},"ecowitt_wittboy_rain_day":{"average":{"overall":0.025},"max":{"value":0.1,"when":1759302000},"min":{"value":0.0,"when":1759273200}},"ecowitt_wittboy_rain_event":{"average":{"overall":0.017045},"max":{"value":0.1,"when":1759302000},"min":{"value":0.0,"when":1759273200}},"ecowitt_wittboy_rain_rate":{"average":{"overall":0.013636},"max":{"value":0.599999,"when":1759302000},"min":{"value":0.0,"when":1759273200}},"ecowitt_wittboy_uvi":{"average":{"overall":0.1},"max":{"value":1.0,"when":1759305600},"min":{"value":0.0,"when":1759273200}},"ecowitt_wittboy_windDir":{"average":{"overall":183},"max":{"value":266,"when":1759291200},"min":{"value":14,"when":1759291200}},"ecowitt_wittboy_windGust":{"average":{"overall":12.4},"max":{"value":19.3,"when":1759287600},"min":{"value":6.7,"when":1759273200}},"ecowitt_wittboy_windSpeed":{"average":{"overall":10.2},"max":{"value":18.4,"when":1759287600},"min":{"value":5.9,"when":1759273200}},"ecowitt_wn34_shed_groundTemperature":{"average":{"overall":10.9},"max":{"value":12.7,"when":1759273200},"min":{"value":10.0,"when":1759298400}},"feelslike":{"average":{"overall":3.1},"max":{"value":12.1,"when":1759309200},"min":{"value":-1.3,"when":1759291200}},"inHumidity":{"average":{"overall":57.6},"max":{"value":58.3,"when":1759302000},"min":{"value":57.0,"when":1759291200}},"inTemp":{"average":{"overall":20.6},"max":{"value":21.9,"when":1759309200},"min":{"value":20.1,"when":1759287600}},"lightning_strike_count":{"average":{"overall":0},"max":{"value":0,"when":1759273200},"min":{"value":0,"when":1759273200}},"luminosity":{"average":{"overall":3213},"max":{"value":17802,"when":1759309200},"min":{"value":0,"when":1759273200}},"netatmo_Chitterne_co2":{"average":{"overall":1599},"max":{"value":1791,"when":1759273200},"min":{"value":1290,"when":1759309200}},"netatmo_Chitterne_inTemp":{"average":{"overall":20.0},"max":{"value":20.9,"when":1759273200},"min":{"value":19.3,"when":1759302000}},"netatmo_Chitterne_noise":{"average":{"overall":33},"max":{"value":54,"when":1759302000},"min":{"value":32,"when":1759273200}},"netatmo_Chitterne_outTemp":{"average":{"overall":8.1},"max":{"value":13.0,"when":1759309200},"min":{"value":6.4,"when":1759291200}},"netatmo_Chitterne_pressure":{"average":{"overall":1014},"max":{"value":1015,"when":1759309200},"min":{"value":1014,"when":1759273200}},"outHumidity":{"average":{"overall":87},"max":{"value":94,"when":1759305600},"min":{"value":81,"when":1759273200}},"outTemp":{"average":{"overall":6.1},"max":{"value":13.3,"when":1759309200},"min":{"value":3.5,"when":1759291200}},"pressure":{"average":{"overall":1023},"max":{"value":1023,"when":1759273200},"min":{"value":1023,"when":1759273200}},"rain":{"average":{"overall":0.0},"max":{"value":0.0,"when":1759273200},"min":{"value":0.0,"when":1759273200}},"rainRate":{"average":{"overall":0.0},"max":{"value":0.0,"when":1759273200},"min":{"value":0.0,"when":1759273200}},"rain_total":{"average":{"overall":0.0},"max":{"value":0.0,"when":1759273200},"min":{"value":0.0,"when":1759273200}},"vpd":{"average":{"overall":0.12},"max":{"value":0.17,"when":1759273200},"min":{"value":0.07,"when":1759302000}},"windrun":{"average":{"overall":0.86},"max":{"value":1.54,"when":1759287600},"min":{"value":0.49,"when":1759273200}}}}