{"charts":{"ET":[[0.28,0.4606155303030303,0.6]],"api_cold":[[0.0,0.0,0.0]],"api_dew":[[0.0,0.0,0.0]],"api_foggy":[[0.0,0.030625000000000003,0.14]],"api_frost_grass":[[0.0,0.0,0.0]],"api_frost_ground":[[0.0,0.0,0.0]],"api_hot":[[0.0,0.0,0.0]],"api_rainy":[[0.0,0.0,0.0]],"api_snowy":[[0.0,0.0,0.0]],"api_stormy":[[0.0,0.0,0.0]],"api_thundery":[[0.0,0.0,0.0]],"aq_uv_index_clear_sky":[[0.0,0.0,0.0]],"cloudbase":[[1039.06,1342.4646022727275,1643.75]],"dateTime":[1759273200],"dewpoint":[[34.69,36.47802083333333,41.05]],"ecowitt_gateway_inTemp":[[67.64,68.1334375,69.26]],"ecowitt_gateway_pressure":[[30.45,30.463958333333334,30.47]],"ecowitt_wh31_hall_inTemp":[[58.28,58.74730113636363,59.54]],"ecowitt_wh31_patio_outTemp":[[43.88,45.28704545454545,46.76]],"ecowitt_wh51_patio_outGroundHumidity":[[16.0,16.0,16.0]],"ecowitt_wittboy_outTemp":[[38.3,40.03928977272727,43.7]],"ecowitt_wittboy_rain_day":[[0.0,0.0,0.0]],"ecowitt_wittboy_rain_event":[[0.0,0.0,0.0]],"ecowitt_wittboy_rain_rate":[[0.0,0.0,0.0]],"ecowitt_wittboy_uvi":[[0.0,0.0,0.0]],"ecowitt_wittboy_windDir":[[14.0,182.01799242424244,266.0]],"ecowitt_wittboy_windGust":[[6.71,11.775719696969698,19.29]],"ecowitt_wittboy_windSpeed":[[5.87,9.7659375,18.45]],"ecowitt_wn34_shed_groundTemperature":[[49.94,51.98193181818181,54.92]],"feelslike":[[29.66,34.23501893939394,38.9]],"inHumidity":[[57.0,57.468276515151516,58.1]],"inTemp":[[68.2,68.73039772727273,69.6]],"lightning_strike_count":[[0.0,0.0,0.0]],"luminosity":[[0.0,69.8895643939394,1510.0]],"netatmo_Chitterne_co2":[[1460.0,1672.7457102272726,1791.0]],"netatmo_Chitterne_inTemp":[[67.1,68.36341856060605,69.62]],"netatmo_Chitterne_noise":[[32.0,32.87973484848485,46.0]],"netatmo_Chitterne_outTemp":[[43.52,44.96397727272726,46.22]],"netatmo_Chitterne_pressure":[[29.93,29.933342803030303,29.95]],"outHumidity":[[81.4,85.11704545454545,89.3]],"outTemp":[[38.3,40.04602272727273,43.7]],"pressure":[[30.2,30.199999999999996,30.2]],"rain":[[0.0,0.0,0.0]],"rainRate":[[0.0,0.0,0.0]],"rain_total":[[0.0,0.0,0.0]],"vpd":[[0.03,0.036875,0.05]],"windrun":[[0.49,0.8149431818181818,1.54]]},"on_this_day":{"ET":{"average":{"overall":0.46},"max":{"value":0.6,"when":1759273200},"min":{"value":0.28,"when":1759294800}},"api_cold":{"average":{"overall":0.0},"max":{"value":0.0,"when":1759273200},"min":{"value":0.0,"when":1759273200}},"api_dew":{"average":{"overall":0.0},"max":{"value":0.0,"when":1759273200},"min":{"value":0.0,"when":1759273200}},"api_foggy":{"average":{"overall":0.0},"max":{"value":0.1,"when":1759294800},"min":{"value":0.0,"when":1759273200}},"api_frost_grass":{"average":{"overall":0.0},"max":{"value":0.0,"when":1759273200},"min":{"value":0.0,"when":1759273200}},"api_frost_ground":{"average":{"overall":0.0},"max":{"value":0.0,"when":1759273200},"min":{"value":0.0,"when":1759273200}},"api_hot":{"average":{"overall":0.0},"max":{"value":0.0,"when":1759273200},"min":{"value":0.0,"when":1759273200}},"api_rainy":{"average":{"overall":0.0},"max":{"value":0.0,"when":1759273200},"min":{"value":0.0,"when":1759273200}},"api_snowy":{"average":{"overall":0.0},"max":{"value":0.0,"when":1759273200},"min":{"value":0.0,"when":1759273200}},"api_stormy":{"average":{"overall":0.0},"max":{"value":0.0,"when":1759273200},"min":{"value":0.0,"when":1759273200}},"api_thundery":{"average":{"overall":0.0},"max":{"value":0.0,"when":1759273200},"min":{"value":0.0,"when":1759273200}},"aq_uv_index_clear_sky":{"average":{"overall":0},"max":{"value":0,"when":1759273200},"min":{"value":0,"when":1759273200}},"cloudbase":{"average":{"overall":1342},"max":{"value":1644,"when":1759273200},"min":{"value":1039,"when":1759298400}},"dewpoint":{"average":{"overall":2.5},"max":{"value":5.0,"when":1759298400},"min":{"value":1.5,"when":1759287600}},"ecowitt_gateway_inTemp":{"average":{"overall":20.1},"max":{"value":20.7,"when":1759298400},"min":{"value":19.8,"when":1759276800}},"ecowitt_gateway_pressure":{"average":{"overall":1032},"max":{"value":1032,"when":1759273200},"min":{"value":1031,"when":1759284000}},"ecowitt_wh31_hall_inTemp":{"average":{"overall":14.9},"max":{"value":15.3,"when":1759273200},"min":{"value":14.6,"when":1759291200}},"ecowitt_wh31_patio_outTemp":{"average":{"overall":7.4},"max":{"value":8.2,"when":1759298400},"min":{"value":6.6,"when":1759291200}},"ecowitt_wh51_patio_outGroundHumidity":{"average":{"overall":16.0},"max":{"value":16.0,"when":1759273200},"min":{"value":16.0,"when":1759273200}},"ecowitt_wittboy_outTemp":{"average":{"overall":4.5},"max":{"value":6.5,"when":1759298400},"min":{"value":3.5,"when":1759291200}},"ecowitt_wittboy_rain_day":{"average":{"overall":0.0},"max":{"value":0.0,"when":1759273200},"min":{"value":0.0,"when":1759273200}},"ecowitt_wittboy_rain_event":{"average":{"overall":0.0},"max":{"value":0.0,"when":1759273200},"min":{"value":0.0,"when":1759273200}},"ecowitt_wittboy_rain_rate":{"average":{"overall":0.0},"max":{"value":0.0,"when":1759273200},"min":{"value":0.0,"when":1759273200}},"ecowitt_wittboy_uvi":{"average":{"overall":0.0},"max":{"value":0.0,"when":1759273200},"min":{"value":0.0,"when":1759273200}},"ecowitt_wittboy_windDir":{"average":{"overall":182},"max":{"value":266,"when":1759291200},"min":{"value":14,"when":1759291200}},"ecowitt_wittboy_windGust":{"average":{"overall":11.8},"max":{"value":19.3,"when":1759287600},"min":{"value":6.7,"when":1759273200}},"ecowitt_wittboy_windSpeed":{"average":{"overall":9.8},"max":{"value":18.4,"when":1759287600},"min":{"value":5.9,"when":1759273200}},"ecowitt_wn34_shed_groundTemperature":{"average":{"overall":11.1},"max":{"value":12.7,"when":1759273200},"min":{"value":10.0,"when":1759298400}},"feelslike":{"average":{"overall":1.2},"max":{"value":3.8,"when":1759298400},"min":{"value":-1.3,"when":1759291200}},"inHumidity":{"average":{"overall":57.5},"max":{"value":58.1,"when":1759280400},"min":{"value":57.0,"when":1759291200}},"inTemp":{"average":{"overall":20.4},"max":{"value":20.9,"when":1759273200},"min":{"value":20.1,"when":1759287600}},"lightning_strike_count":{"average":{"overall":0},"max":{"value":0,"when":1759273200},"min":{"value":0,"when":1759273200}},"luminosity":{"average":{"overall":70},"max":{"value":1510,"when":1759298400},"min":{"value":0,"when":1759273200}},"netatmo_Chitterne_co2":{"average":{"overall":1673},"max":{"value":1791,"when":1759273200},"min":{"value":1460,"when":1759298400}},"netatmo_Chitterne_inTemp":{"average":{"overall":20.2},"max":{"value":20.9,"when":1759273200},"min":{"value":19.5,"when":1759298400}},"netatmo_Chitterne_noise":{"average":{"overall":33},"max":{"value":46,"when":1759276800},"min":{"value":32,"when":1759273200}},"netatmo_Chitterne_outTemp":{"average":{"overall":7.2},"max":{"value":7.9,"when":1759273200},"min":{"value":6.4,"when":1759291200}},"netatmo_Chitterne_pressure":{"average":{"overall":1014},"max":{"value":1014,"when":1759298400},"min":{"value":1014,"when":1759273200}},"outHumidity":{"average":{"overall":85},"max":{"value":89,"when":1759298400},"min":{"value":81,"when":1759273200}},"outTemp":{"average":{"overall":4.5},"max":{"value":6.5,"when":1759298400},"min":{"value":3.5,"when":1759291200}},"pressure":{"average":{"overall":1023},"max":{"value":1023,"when":1759273200},"min":{"value":1023,"when":1759273200}},"rain":{"average":{"overall":0.0},"max":{"value":0.0,"when":1759273200},"min":{"value":0.0,"when":1759273200}},"rainRate":{"average":{"overall":0.0},"max":{"value":0.0,"when":1759273200},"min":{"value":0.0,"when":1759273200}},"rain_total":{"average":{"overall":0.0},"max":{"value":0.0,"when":1759273200},"min":{"value":0.0,"when":1759273200}},"vpd":{"average":{"overall":0.12},"max":{"value":0.17,"when":1759273200},"min":{"value":0.1,"when":1759291200}},"windrun":{"average":{"overall":0.81},"max":{"value":1.54,"when":1759287600},"min":{"value":0.49,"when":1759273200}}}}