{"charts":{"ET":[[0.28,1.765515873015873,8.2]],"api_cold":[[0.0,0.0,0.0]],"api_dew":[[0.0,0.0,0.0]],"api_foggy":[[0.0,0.050833333333333335,0.14]],"api_frost_grass":[[0.0,0.0,0.0]],"api_frost_ground":[[0.0,0.0,0.0]],"api_hot":[[0.0,0.0,0.0]],"api_rainy":[[0.0,0.0033333333333333335,0.14]],"api_snowy":[[0.0,0.0,0.0]],"api_stormy":[[0.0,0.0,0.0]],"api_thundery":[[0.0,0.0,0.0]],"aq_uv_index_clear_sky":[[0.0,0.7251190476190477,3.25]],"cloudbase":[[740.98,1390.9048214285715,2790.52]],"dateTime":[1759273200],"dewpoint":[[34.69,43.035833333333336,55.71]],"ecowitt_gateway_inTemp":[[67.64,69.39398809523809,73.22]],"ecowitt_gateway_pressure":[[30.44,30.4622619047619,30.48]],"ecowitt_wh31_hall_inTemp":[[58.28,59.83535714285715,62.6]],"ecowitt_wh31_patio_outTemp":[[43.88,50.35738095238095,65.42]],"ecowitt_wh51_patio_outGroundHumidity":[[15.0,15.836309523809524,16.0]],"ecowitt_wittboy_outTemp":[[38.3,47.30357142857143,65.18]],"ecowitt_wittboy_rain_day":[[0.0,0.0016169821428571429,0.003937]],"ecowitt_wittboy_rain_event":[[0.0,0.0005155595238095238,0.003937]],"ecowitt_wittboy_rain_rate":[[0.0,0.0004218214285714286,0.023622]],"ecowitt_wittboy_uvi":[[0.0,0.5416666666666667,4.0]],"ecowitt_wittboy_windDir":[[7.0,182.88690476190476,339.0]],"ecowitt_wittboy_windGust":[[6.71,11.744742063492065,19.29]],"ecowitt_wittboy_windSpeed":[[4.19,9.510238095238094,18.45]],"ecowitt_wn34_shed_groundTemperature":[[49.94,52.10720238095239,55.46]],"feelslike":[[29.66,42.705793650793645,64.76]],"inHumidity":[[57.0,57.62896825396825,58.7]],"inTemp":[[68.2,69.73273809523809,73.2]],"lightning_strike_count":[[0.0,0.0,0.0]],"luminosity":[[0.0,9279.791845238095,47395.0]],"netatmo_Chitterne_co2":[[993.71,1498.974365079365,1791.0]],"netatmo_Chitterne_inTemp":[[66.74,68.07224206349206,69.62]],"netatmo_Chitterne_noise":[[32.0,32.92261904761905,54.0]],"netatmo_Chitterne_outTemp":[[43.52,49.99162698412698,65.38]],"netatmo_Chitterne_pressure":[[29.93,29.939027777777774,29.96]],"outHumidity":[[67.7,84.7386904761905,94.0]],"outTemp":[[38.3,47.199999999999996,65.3]],"pressure":[[30.2,30.199999999999992,30.2]],"rain":[[0.0,0.0,0.0]],"rainRate":[[0.0,0.0,0.0]],"rain_total":[[0.0,0.0,0.0]],"vpd":[[0.02,0.05736111111111112,0.21]],"windrun":[[0.35,0.7936111111111109,1.54]]},"on_this_day":{"ET":{"average":{"overall":1.77},"max":{"value":8.2,"when":1759320000},"min":{"value":0.28,"when":1759294800}},"api_cold":{"average":{"overall":0.0},"max":{"value":0.0,"when":1759273200},"min":{"value":0.0,"when":1759273200}},"api_dew":{"average":{"overall":0.0},"max":{"value":0.0,"when":1759273200},"min":{"value":0.0,"when":1759273200}},"api_foggy":{"average":{"overall":0.1},"max":{"value":0.1,"when":1759294800},"min":{"value":0.0,"when":1759273200}},"api_frost_grass":{"average":{"overall":0.0},"max":{"value":0.0,"when":1759273200},"min":{"value":0.0,"when":1759273200}},"api_frost_ground":{"average":{"overall":0.0},"max":{"value":0.0,"when":1759273200},"min":{"value":0.0,"when":1759273200}},"api_hot":{"average":{"overall":0.0},"max":{"value":0.0,"when":1759273200},"min":{"value":0.0,"when":1759273200}},"api_rainy":{"average":{"overall":0.0},"max":{"value":0.1,"when":1759302000},"min":{"value":0.0,"when":1759273200}},"api_snowy":{"average":{"overall":0.0},"max":{"value":0.0,"when":1759273200},"min":{"value":0.0,"when":1759273200}},"api_stormy":{"average":{"overall":0.0},"max":{"value":0.0,"when":1759273200},"min":{"value":0.0,"when":1759273200}},"api_thundery":{"average":{"overall":0.0},"max":{"value":0.0,"when":1759273200},"min":{"value":0.0,"when":1759273200}},"aq_uv_index_clear_sky":{"average":{"overall":1},"max":{"value":3,"when":1759316400},"min":{"value":0,"when":1759273200}},"cloudbase":{"average":{"overall":1391},"max":{"value":2791,"when":1759320000},"min":{"value":741,"when":1759305600}},"dewpoint":{"average":{"overall":6.1},"max":{"value":13.2,"when":1759312800},"min":{"value":1.5,"when":1759287600}},"ecowitt_gateway_inTemp":{"average":{"overall":20.8},"max":{"value":22.9,"when":1759320000},"min":{"value":19.8,"when":1759276800}},"ecowitt_gateway_pressure":{"average":{"overall":1032},"max":{"value":1032,"when":1759302000},"min":{"value":1031,"when":1759320000}},"ecowitt_wh31_hall_inTemp":{"average":{"overall":15.5},"max":{"value":17.0,"when":1759320000},"min":{"value":14.6,"when":1759291200}},"ecowitt_wh31_patio_outTemp":{"average":{"overall":10.2},"max":{"value":18.6,"when":1759320000},"min":{"value":6.6,"when":1759291200}},"ecowitt_wh51_patio_outGroundHumidity":{"average":{"overall":15.8},"max":{"value":16.0,"when":1759273200},"min":{"value":15.0,"when":1759312800}},"ecowitt_wittboy_outTemp":{"average":{"overall":8.5},"max":{"value":18.4,"when":1759320000},"min":{"value":3.5,"when":1759291200}},"ecowitt_wittboy_rain_day":{"average":{"overall":0.041071},"max":{"value":0.1,"when":1759302000},"min":{"value":0.0,"when":1759273200}},"ecowitt_wittboy_rain_event":{"average":{"overall":0.013095},"max":{"value":0.1,"when":1759302000},"min":{"value":0.0,"when":1759273200}},"ecowitt_wittboy_rain_rate":{"average":{"overall":0.010714},"max":{"value":0.599999,"when":1759302000},"min":{"value":0.0,"when":1759273200}},"ecowitt_wittboy_uvi":{"average":{"overall":0.5},"max":{"value":4.0,"when":1759316400},"min":{"value":0.0,"when":1759273200}},"ecowitt_wittboy_windDir":{"average":{"overall":183},"max":{"value":339,"when":1759320000},"min":{"value":7,"when":1759312800}},"ecowitt_wittboy_windGust":{"average":{"overall":11.7},"max":{"value":19.3,"when":1759287600},"min":{"value":6.7,"when":1759273200}},"ecowitt_wittboy_windSpeed":{"average":{"overall":9.5},"max":{"value":18.4,"when":1759287600},"min":{"value":4.2,"when":1759316400}},"ecowitt_wn34_shed_groundTemperature":{"average":{"overall":11.2},"max":{"value":13.0,"when":1759320000},"min":{"value":10.0,"when":1759298400}},"feelslike":{"average":{"overall":5.9},"max":{"value":18.2,"when":1759320000},"min":{"value":-1.3,"when":1759291200}},"inHumidity":{"average":{"overall":57.6},"max":{"value":58.7,"when":1759312800},"min":{"value":57.0,"when":1759291200}},"inTemp":{"average":{"overall":21.0},"max":{"value":22.9,"when":1759320000},"min":{"value":20.1,"when":1759287600}},"lightning_strike_count":{"average":{"overall":0},"max":{"value":0,"when":1759273200},"min":{"value":0,"when":1759273200}},"luminosity":{"average":{"overall":9280},"max":{"value":47395,"when":1759316400},"min":{"value":0,"when":1759273200}},"netatmo_Chitterne_co2":{"average":{"overall":1499},"max":{"value":1791,"when":1759273200},"min":{"value":994,"when":1759320000}},"netatmo_Chitterne_inTemp":{"average":{"overall":20.0},"max":{"value":20.9,"when":1759273200},"min":{"value":19.3,"when":1759302000}},"netatmo_Chitterne_noise":{"average":{"overall":33},"max":{"value":54,"when":1759302000},"min":{"value":32,"when":1759273200}},"netatmo_Chitterne_outTemp":{"average":{"overall":10.0},"max":{"value":18.5,"when":1759320000},"min":{"value":6.4,"when":1759291200}},"netatmo_Chitterne_pressure":{"average":{"overall":1014},"max":{"value":1015,"when":1759309200},"min":{"value":1014,"when":1759273200}},"outHumidity":{"average":{"overall":85},"max":{"value":94,"when":1759305600},"min":{"value":68,"when":1759320000}},"outTemp":{"average":{"overall":8.4},"max":{"value":18.5,"when":1759320000},"min":{"value":3.5,"when":1759291200}},"pressure":{"average":{"overall":1023},"max":{"value":1023,"when":1759273200},"min":{"value":1023,"when":1759273200}},"rain":{"average":{"overall":0.0},"max":{"value":0.0,"when":1759273200},"min":{"value":0.0,"when":1759273200}},"rainRate":{"average":{"overall":0.0},"max":{"value":0.0,"when":1759273200},"min":{"value":0.0,"when":1759273200}},"rain_total":{"average":{"overall":0.0},"max":{"value":0.0,"when":1759273200},"min":{"value":0.0,"when":1759273200}},"vpd":{"average":{"overall":0.19},"max":{"value":0.71,"when":1759320000},"min":{"value":0.07,"when":1759302000}},"windrun":{"average":{"overall":0.79},"max":{"value":1.54,"when":1759287600},"min":{"value":0.35,"when":1759316400}}}}