{"charts":{"ET":[[0.28,0.3,0.34],[0.25,0.31,0.36],[0.18,0.24,0.29],[0.16,0.2,0.22]],"api_cold":[[0.0,0.0,0.0],[0.0,0.0,0.0],[0.0,0.0,0.0],[0.0,0.0,0.0]],"api_dew":[[0.0,0.0,0.1],[0.1,0.2,0.3],[0.0,0.1,0.1],[0.0,0.0,0.0]],"api_foggy":[[0.0,0.0,0.0],[0.0,0.0,0.0],[0.0,0.0,0.0],[0.0,0.0,0.0]],"api_frost_grass":[[0.0,0.0,0.0],[0.0,0.0,0.0],[0.0,0.0,0.0],[0.0,0.0,0.0]],"api_frost_ground":[[0.0,0.0,0.0],[0.0,0.0,0.0],[0.0,0.0,0.0],[0.0,0.0,0.0]],"api_hot":[[0.0,0.0,0.0],[0.0,0.0,0.0],[0.0,0.0,0.0],[0.0,0.0,0.0]],"api_rainy":[[0.0,0.0,0.0],[0.0,0.0,0.1],[0.1,0.2,0.3],[0.6,0.6,0.6]],"api_snowy":[[0.0,0.0,0.0],[0.0,0.0,0.0],[0.0,0.0,0.0],[0.0,0.0,0.0]],"api_stormy":[[0.0,0.0,0.0],[0.0,0.0,0.0],[0.0,0.0,0.0],[0.0,0.0,0.0]],"api_thundery":[[0.0,0.0,0.0],[0.0,0.0,0.0],[0.0,0.0,0.0],[0.0,0.0,0.0]],"aq_uv_index_clear_sky":[[0,0,0],[0,0,0],[0,0,0],[0,0,0]],"cloudbase":[[948,1011,1076],[915,1023,1107],[770,834,882],[712,775,804]],"dateTime":[1762041600,1762045200,1762048800,1762052400],"dewpoint":[[2.3,2.8,3.3],[1.0,1.7,2.7],[3.0,4.0,5.0],[5.0,5.5,6.4]],"ecowitt_gateway_inTemp":[[19.0,19.1,19.2],[18.9,19.0,19.0],[18.9,19.1,19.2],[19.2,19.4,19.6]],"ecowitt_gateway_pressure":[[1010,1010,1010],[1010,1010,1010],[1009,1009,1010],[1008,1009,1009]],"ecowitt_wh31_hall_inTemp":[[14.8,14.9,15.0],[14.5,14.6,14.8],[14.5,14.6,14.8],[14.8,14.9,15.0]],"ecowitt_wh31_patio_outTemp":[[6.6,6.9,7.1],[5.5,5.8,6.5],[6.0,6.6,7.1],[7.3,7.6,8.0]],"ecowitt_wh51_patio_outGroundHumidity":[[44.0,44.0,44.0],[44.0,44.0,44.0],[44.0,44.0,44.0],[44.0,44.3,45.2]],"ecowitt_wittboy_outTemp":[[3.5,4.0,4.3],[2.4,2.9,3.8],[4.0,5.1,6.0],[6.0,6.5,7.3]],"ecowitt_wittboy_rain_day":[[0.0,0.0,0.0],[0.0,0.0,0.0],[0.0,0.0,0.0],[0.0,0.324999,1.599997]],"ecowitt_wittboy_rain_event":[[14.699996,14.699996,14.699996],[14.699996,14.699996,14.699996],[14.699996,14.699996,14.699996],[14.699996,15.024995,16.299993]],"ecowitt_wittboy_rain_rate":[[0.0,0.0,0.0],[0.0,0.0,0.0],[0.0,0.0,0.0],[0.0,1.725,7.80001]],"ecowitt_wittboy_uvi":[[0.0,0.0,0.0],[0.0,0.0,0.0],[0.0,0.0,0.0],[0.0,0.0,0.0]],"ecowitt_wittboy_windDir":[[167,179,196],[172,191,223],[154,178,200],[171,220,322]],"ecowitt_wittboy_windGust":[[9.2,10.6,11.7],[10.9,12.4,14.3],[10.1,11.8,15.9],[10.1,14.7,30.2]],"ecowitt_wittboy_windSpeed":[[7.5,9.1,10.1],[8.4,10.3,13.4],[7.5,10.2,14.3],[5.9,9.4,11.7]],"ecowitt_wn34_shed_groundTemperature":[[9.6,9.8,9.9],[9.1,9.3,9.6],[9.0,9.2,9.3],[9.0,9.2,9.4]],"feelslike":[[0.4,0.9,1.6],[-1.4,-0.6,0.1],[-0.0,1.8,2.9],[3.0,3.8,4.7]],"inHumidity":[[62.3,62.6,62.7],[62.0,62.2,62.4],[61.9,62.1,62.3],[62.0,62.1,62.7]],"inTemp":[[17.3,17.4,17.5],[17.1,17.2,17.3],[17.1,17.1,17.2],[17.2,17.3,17.4]],"lightning_strike_count":[[0,0,0],[0,0,0],[0,0,0],[0,0,0]],"luminosity":[[0,0,0],[0,0,0],[0,0,0],[0,0,0]],"netatmo_Chitterne_co2":[[1069,1143,1181],[1123,1150,1185],[1029,1087,1130],[1026,1045,1052]],"netatmo_Chitterne_inTemp":[[18.1,18.2,18.2],[17.8,17.9,18.1],[17.6,17.7,17.8],[17.5,17.6,17.6]],"netatmo_Chitterne_noise":[[32,37,50],[32,32,32],[32,34,42],[32,33,37]],"netatmo_Chitterne_outTemp":[[6.4,6.6,6.7],[5.2,5.6,6.3],[5.5,6.1,6.7],[6.7,7.1,7.5]],"netatmo_Chitterne_pressure":[[992,992,993],[992,992,992],[991,991,992],[990,991,991]],"outHumidity":[[89,90,91],[89,90,91],[92,92,93],[93,93,94]],"outTemp":[[3.5,4.0,4.3],[2.4,2.9,3.8],[4.1,5.1,6.0],[6.1,6.5,7.3]],"pressure":[[1002,1002,1002],[1002,1002,1002],[999,999,1002],[999,999,999]],"rain":[[0.0,0.0,0.0],[0.0,0.0,0.0],[0.0,0.0,0.0],[0.0,2.249996,10.999978]],"rainRate":[[0.0,0.0,0.0],[0.0,0.0,0.0],[0.0,0.0,0.0],[0.0,11.499977,67.999864]],"rain_total":[[0.0,0.191666,2.299995],[0.0,0.0,0.0],[0.0,0.0,0.0],[0.0,0.053572,0.299999]],"vpd":[[0.07,0.08,0.1],[0.07,0.07,0.1],[0.07,0.07,0.07],[0.07,0.07,0.07]],"windrun":[[0.63,0.76,0.84],[0.7,0.86,1.12],[0.63,0.85,1.19],[0.49,0.79,0.98]]},"on_this_day":{"ET":{"average":{"overall":0.26},"max":{"value":0.36,"when":1762045200},"min":{"value":0.16,"when":1762052400}},"api_cold":{"average":{"overall":0.0},"max":{"value":0.0,"when":1762041600},"min":{"value":0.0,"when":1762041600}},"api_dew":{"average":{"overall":0.1},"max":{"value":0.3,"when":1762045200},"min":{"value":0.0,"when":1762041600}},"api_foggy":{"average":{"overall":0.0},"max":{"value":0.0,"when":1762041600},"min":{"value":0.0,"when":1762041600}},"api_frost_grass":{"average":{"overall":0.0},"max":{"value":0.0,"when":1762041600},"min":{"value":0.0,"when":1762041600}},"api_frost_ground":{"average":{"overall":0.0},"max":{"value":0.0,"when":1762041600},"min":{"value":0.0,"when":1762041600}},"api_hot":{"average":{"overall":0.0},"max":{"value":0.0,"when":1762041600},"min":{"value":0.0,"when":1762041600}},"api_rainy":{"average":{"overall":0.2},"max":{"value":0.6,"when":1762052400},"min":{"value":0.0,"when":1762041600}},"api_snowy":{"average":{"overall":0.0},"max":{"value":0.0,"when":1762041600},"min":{"value":0.0,"when":1762041600}},"api_stormy":{"average":{"overall":0.0},"max":{"value":0.0,"when":1762041600},"min":{"value":0.0,"when":1762041600}},"api_thundery":{"average":{"overall":0.0},"max":{"value":0.0,"when":1762041600},"min":{"value":0.0,"when":1762041600}},"aq_uv_index_clear_sky":{"average":{"overall":0},"max":{"value":0,"when":1762041600},"min":{"value":0,"when":1762041600}},"cloudbase":{"average":{"overall":911},"max":{"value":1107,"when":1762045200},"min":{"value":712,"when":1762052400}},"dewpoint":{"average":{"overall":3.5},"max":{"value":6.4,"when":1762052400},"min":{"value":1.0,"when":1762045200}},"ecowitt_gateway_inTemp":{"average":{"overall":19.1},"max":{"value":19.6,"when":1762052400},"min":{"value":18.9,"when":1762045200}},"ecowitt_gateway_pressure":{"average":{"overall":1010},"max":{"value":1010,"when":1762041600},"min":{"value":1008,"when":1762052400}},"ecowitt_wh31_hall_inTemp":{"average":{"overall":14.8},"max":{"value":15.0,"when":1762052400},"min":{"value":14.5,"when":1762045200}},"ecowitt_wh31_patio_outTemp":{"average":{"overall":6.8},"max":{"value":8.0,"when":1762052400},"min":{"value":5.5,"when":1762045200}},"ecowitt_wh51_patio_outGroundHumidity":{"average":{"overall":44.1},"max":{"value":45.2,"when":1762052400},"min":{"value":44.0,"when":1762041600}},"ecowitt_wittboy_outTemp":{"average":{"overall":4.6},"max":{"value":7.3,"when":1762052400},"min":{"value":2.4,"when":1762045200}},"ecowitt_wittboy_rain_day":{"average":{"overall":0.08125},"max":{"value":1.599997,"when":1762052400},"min":{"value":0.0,"when":1762041600}},"ecowitt_wittboy_rain_event":{"average":{"overall":14.781246},"max":{"value":16.299993,"when":1762052400},"min":{"value":14.699996,"when":1762041600}},"ecowitt_wittboy_rain_rate":{"average":{"overall":0.43125},"max":{"value":7.80001,"when":1762052400},"min":{"value":0.0,"when":1762041600}},"ecowitt_wittboy_uvi":{"average":{"overall":0.0},"max":{"value":0.0,"when":1762041600},"min":{"value":0.0,"when":1762041600}},"ecowitt_wittboy_windDir":{"average":{"overall":192},"max":{"value":322,"when":1762052400},"min":{"value":154,"when":1762048800}},"ecowitt_wittboy_windGust":{"average":{"overall":12.4},"max":{"value":30.2,"when":1762052400},"min":{"value":9.2,"when":1762041600}},"ecowitt_wittboy_windSpeed":{"average":{"overall":9.8},"max":{"value":14.3,"when":1762048800},"min":{"value":5.9,"when":1762052400}},"ecowitt_wn34_shed_groundTemperature":{"average":{"overall":9.4},"max":{"value":9.9,"when":1762041600},"min":{"value":9.0,"when":1762052400}},"feelslike":{"average":{"overall":1.5},"max":{"value":4.7,"when":1762052400},"min":{"value":-1.4,"when":1762045200}},"inHumidity":{"average":{"overall":62.2},"max":{"value":62.7,"when":1762041600},"min":{"value":61.9,"when":1762048800}},"inTemp":{"average":{"overall":17.2},"max":{"value":17.5,"when":1762041600},"min":{"value":17.1,"when":1762048800}},"lightning_strike_count":{"average":{"overall":0},"max":{"value":0,"when":1762041600},"min":{"value":0,"when":1762041600}},"luminosity":{"average":{"overall":0},"max":{"value":0,"when":1762041600},"min":{"value":0,"when":1762041600}},"netatmo_Chitterne_co2":{"average":{"overall":1106},