{"charts":{"ET":[[0.28,1.041111111111111,4.72]],"api_cold":[[0.0,0.0,0.0]],"api_dew":[[0.0,0.0,0.0]],"api_foggy":[[0.0,0.061250000000000006,0.14]],"api_frost_grass":[[0.0,0.0,0.0]],"api_frost_ground":[[0.0,0.0,0.0]],"api_hot":[[0.0,0.0,0.0]],"api_rainy":[[0.0,0.003888888888888889,0.14]],"api_snowy":[[0.0,0.0,0.0]],"api_stormy":[[0.0,0.0,0.0]],"api_thundery":[[0.0,0.0,0.0]],"aq_uv_index_clear_sky":[[0.0,0.359375,2.5]],"cloudbase":[[740.98,1222.278125,1643.75]],"dateTime":[1759273200],"dewpoint":[[34.69,41.017673611111114,55.25]],"ecowitt_gateway_inTemp":[[67.64,69.0071875,72.32]],"ecowitt_gateway_pressure":[[30.45,30.464965277777775,30.48]],"ecowitt_wh31_hall_inTemp":[[58.28,59.41614583333333,61.73]],"ecowitt_wh31_patio_outTemp":[[43.88,48.03208333333333,59.99]],"ecowitt_wh51_patio_outGroundHumidity":[[16.0,16.0,16.0]],"ecowitt_wittboy_outTemp":[[38.3,44.48322916666667,61.19]],"ecowitt_wittboy_rain_day":[[0.0,0.0012303125000000003,0.003937]],"ecowitt_wittboy_rain_event":[[0.0,0.0006014861111111111,0.003937]],"ecowitt_wittboy_rain_rate":[[0.0,0.000492125,0.023622]],"ecowitt_wittboy_uvi":[[0.0,0.25347222222222227,2.0]],"ecowitt_wittboy_windDir":[[7.0,182.625,266.0]],"ecowitt_wittboy_windGust":[[6.71,12.100104166666668,19.29]],"ecowitt_wittboy_windSpeed":[[5.03,9.993472222222222,18.45]],"ecowitt_wn34_shed_groundTemperature":[[49.94,51.71010416666667,54.92]],"feelslike":[[29.66,39.1890625,58.15]],"inHumidity":[[57.0,57.55347222222222,58.3]],"inTemp":[[68.2,69.403125,72.3]],"lightning_strike_count":[[0.0,0.0,0.0]],"luminosity":[[0.0,5141.2096875,31086.67]],"netatmo_Chitterne_co2":[[1254.71,1570.7363541666664,1791.0]],"netatmo_Chitterne_inTemp":[[66.74,68.01937499999998,69.62]],"netatmo_Chitterne_noise":[[32.0,33.05555555555556,54.0]],"netatmo_Chitterne_outTemp":[[43.52,47.61493055555555,59.46]],"netatmo_Chitterne_pressure":[[29.93,29.939027777777778,29.96]],"outHumidity":[[81.4,86.87013888888889,94.0]],"outTemp":[[38.3,44.35729166666667,60.2]],"pressure":[[30.2,30.199999999999992,30.2]],"rain":[[0.0,0.0,0.0]],"rainRate":[[0.0,0.0,0.0]],"rain_total":[[0.0,0.0,0.0]],"vpd":[[0.02,0.03833333333333334,0.09]],"windrun":[[0.42,0.833923611111111,1.54]]},"on_this_day":{"ET":{"average":{"overall":1.04},"max":{"value":4.72,"when":1759312800},"min":{"value":0.28,"when":1759294800}},"api_cold":{"average":{"overall":0.0},"max":{"value":0.0,"when":1759273200},"min":{"value":0.0,"when":1759273200}},"api_dew":{"average":{"overall":0.0},"max":{"value":0.0,"when":1759273200},"min":{"value":0.0,"when":1759273200}},"api_foggy":{"average":{"overall":0.1},"max":{"value":0.1,"when":1759294800},"min":{"value":0.0,"when":1759273200}},"api_frost_grass":{"average":{"overall":0.0},"max":{"value":0.0,"when":1759273200},"min":{"value":0.0,"when":1759273200}},"api_frost_ground":{"average":{"overall":0.0},"max":{"value":0.0,"when":1759273200},"min":{"value":0.0,"when":1759273200}},"api_hot":{"average":{"overall":0.0},"max":{"value":0.0,"when":1759273200},"min":{"value":0.0,"when":1759273200}},"api_rainy":{"average":{"overall":0.0},"max":{"value":0.1,"when":1759302000},"min":{"value":0.0,"when":1759273200}},"api_snowy":{"average":{"overall":0.0},"max":{"value":0.0,"when":1759273200},"min":{"value":0.0,"when":1759273200}},"api_stormy":{"average":{"overall":0.0},"max":{"value":0.0,"when":1759273200},"min":{"value":0.0,"when":1759273200}},"api_thundery":{"average":{"overall":0.0},"max":{"value":0.0,"when":1759273200},"min":{"value":0.0,"when":1759273200}},"aq_uv_index_clear_sky":{"average":{"overall":0},"max":{"value":2,"when":1759309200},"min":{"value":0,"when":1759273200}},"cloudbase":{"average":{"overall":1222},"max":{"value":1644,"when":1759273200},"min":{"value":741,"when":1759305600}},"dewpoint":{"average":{"overall":5.0},"max":{"value":12.9,"when":1759312800},"min":{"value":1.5,"when":1759287600}},"ecowitt_gateway_inTemp":{"average":{"overall":20.6},"max":{"value":22.4,"when":1759312800},"min":{"value":19.8,"when":1759276800}},"ecowitt_gateway_pressure":{"average":{"overall":1032},"max":{"value":1032,"when":1759302000},"min":{"value":1031,"when":1759284000}},"ecowitt_wh31_hall_inTemp":{"average":{"overall":15.2},"max":{"value":16.5,"when":1759312800},"min":{"value":14.6,"when":1759291200}},"ecowitt_wh31_patio_outTemp":{"average":{"overall":8.9},"max":{"value":15.6,"when":1759312800},"min":{"value":6.6,"when":1759291200}},"ecowitt_wh51_patio_outGroundHumidity":{"average":{"overall":16.0},"max":{"value":16.0,"when":1759273200},"min":{"value":16.0,"when":1759273200}},"ecowitt_wittboy_outTemp":{"average":{"overall":6.9},"max":{"value":16.2,"when":1759312800},"min":{"value":3.5,"when":1759291200}},"ecowitt_wittboy_rain_day":{"average":{"overall":0.03125},"max":{"value":0.1,"when":1759302000},"min":{"value":0.0,"when":1759273200}},"ecowitt_wittboy_rain_event":{"average":{"overall":0.015278},"max":{"value":0.1,"when":1759302000},"min":{"value":0.0,"when":1759273200}},"ecowitt_wittboy_rain_rate":{"average":{"overall":0.0125},"max":{"value":0.599999,"when":1759302000},"min":{"value":0.0,"when":1759273200}},"ecowitt_wittboy_uvi":{"average":{"overall":0.3},"max":{"value":2.0,"when":1759312800},"min":{"value":0.0,"when":1759273200}},"ecowitt_wittboy_windDir":{"average":{"overall":183},"max":{"value":266,"when":1759291200},"min":{"value":7,"when":1759312800}},"ecowitt_wittboy_windGust":{"average":{"overall":12.1},"max":{"value":19.3,"when":1759287600},"min":{"value":6.7,"when":1759273200}},"ecowitt_wittboy_windSpeed":{"average":{"overall":10.0},"max":{"value":18.4,"when":1759287600},"min":{"value":5.0,"when":1759309200}},"ecowitt_wn34_shed_groundTemperature":{"average":{"overall":11.0},"max":{"value":12.7,"when":1759273200},"min":{"value":10.0,"when":1759298400}},"feelslike":{"average":{"overall":4.0},"max":{"value":14.5,"when":1759312800},"min":{"value":-1.3,"when":1759291200}},"inHumidity":{"average":{"overall":57.6},"max":{"value":58.3,"when":1759302000},"min":{"value":57.0,"when":1759291200}},"inTemp":{"average":{"overall":20.8},"max":{"value":22.4,"when":1759312800},"min":{"value":20.1,"when":1759287600}},"lightning_strike_count":{"average":{"overall":0},"max":{"value":0,"when":1759273200},"min":{"value":0,"when":1759273200}},"luminosity":{"average":{"overall":5141},"max":{"value":31087,"when":1759312800},"min":{"value":0,"when":1759273200}},"netatmo_Chitterne_co2":{"average":{"overall":1571},"max":{"value":1791,"when":1759273200},"min":{"value":1255,"when":1759312800}},"netatmo_Chitterne_inTemp":{"average":{"overall":20.0},"max":{"value":20.9,"when":1759273200},"min":{"value":19.3,"when":1759302000}},"netatmo_Chitterne_noise":{"average":{"overall":33},"max":{"value":54,"when":1759302000},"min":{"value":32,"when":1759273200}},"netatmo_Chitterne_outTemp":{"average":{"overall":8.7},"max":{"value":15.3,"when":1759312800},"min":{"value":6.4,"when":1759291200}},"netatmo_Chitterne_pressure":{"average":{"overall":1014},"max":{"value":1015,"when":1759309200},"min":{"value":1014,"when":1759273200}},"outHumidity":{"average":{"overall":87},"max":{"value":94,"when":1759305600},"min":{"value":81,"when":1759273200}},"outTemp":{"average":{"overall":6.9},"max":{"value":15.7,"when":1759312800},"min":{"value":3.5,"when":1759291200}},"pressure":{"average":{"overall":1023},"max":{"value":1023,"when":1759273200},"min":{"value":1023,"when":1759273200}},"rain":{"average":{"overall":0.0},"max":{"value":0.0,"when":1759273200},"min":{"value":0.0,"when":1759273200}},"rainRate":{"average":{"overall":0.0},"max":{"value":0.0,"when":1759273200},"min":{"value":0.0,"when":1759273200}},"rain_total":{"average":{"overall":0.0},"max":{"value":0.0,"when":1759273200},"min":{"value":0.0,"when":1759273200}},"vpd":{"average":{"overall":0.13},"max":{"value":0.3,"when":1759312800},"min":{"value":0.07,"when":1759302000}},"windrun":{"average":{"overall":0.83},"max":{"value":1.54,"when":1759287600},"min":{"value":0.42,"when":1759309200}}}}