{"charts":{"ET":[[0.28,2.3277777777777775,10.07]],"api_cold":[[0.0,0.0,0.0]],"api_dew":[[0.0,0.0,0.0]],"api_foggy":[[0.0,0.04744444444444444,0.14]],"api_frost_grass":[[0.0,0.0,0.0]],"api_frost_ground":[[0.0,0.0,0.0]],"api_hot":[[0.0,0.0,0.0]],"api_rainy":[[0.0,0.0031111111111111114,0.14]],"api_snowy":[[0.0,0.0,0.0]],"api_stormy":[[0.0,0.0,0.0]],"api_thundery":[[0.0,0.0,0.0]],"aq_uv_index_clear_sky":[[0.0,0.8934444444444445,3.25]],"cloudbase":[[740.98,1500.6227222222224,2965.61]],"dateTime":[1759273200],"dewpoint":[[34.69,43.88644444444444,55.78]],"ecowitt_gateway_inTemp":[[67.64,69.70833333333331,73.94]],"ecowitt_gateway_pressure":[[30.43,30.459999999999994,30.48]],"ecowitt_wh31_hall_inTemp":[[58.28,60.022166666666664,62.6]],"ecowitt_wh31_patio_outTemp":[[43.88,51.49249999999999,67.04]],"ecowitt_wh51_patio_outGroundHumidity":[[15.0,15.780555555555557,16.0]],"ecowitt_wittboy_outTemp":[[38.3,48.707166666666666,68.0]],"ecowitt_wittboy_rain_day":[[0.0,0.00177165,0.003937]],"ecowitt_wittboy_rain_event":[[0.0,0.00048118888888888894,0.003937]],"ecowitt_wittboy_rain_rate":[[0.0,0.00039370000000000003,0.023622]],"ecowitt_wittboy_uvi":[[0.0,0.7944444444444444,4.0]],"ecowitt_wittboy_windDir":[[7.0,182.88888888888889,339.0]],"ecowitt_wittboy_windGust":[[6.71,11.758388888888891,19.29]],"ecowitt_wittboy_windSpeed":[[4.19,9.413722222222223,18.45]],"ecowitt_wn34_shed_groundTemperature":[[49.94,52.381666666666675,56.06]],"feelslike":[[29.66,44.26811111111111,65.9]],"inHumidity":[[57.0,57.654999999999994,58.7]],"inTemp":[[68.2,70.02166666666668,73.9]],"lightning_strike_count":[[0.0,0.0,0.0]],"luminosity":[[0.0,12532.98161111111,56920.0]],"netatmo_Chitterne_co2":[[993.71,1466.2673333333332,1791.0]],"netatmo_Chitterne_inTemp":[[66.74,68.10483333333333,69.62]],"netatmo_Chitterne_noise":[[32.0,32.85,54.0]],"netatmo_Chitterne_outTemp":[[43.52,51.1285,66.74]],"netatmo_Chitterne_pressure":[[29.93,29.938333333333333,29.96]],"outHumidity":[[65.6,83.41166666666666,94.0]],"outTemp":[[38.3,48.56222222222222,67.3]],"pressure":[[30.2,30.199999999999992,30.2]],"rain":[[0.0,0.0,0.0]],"rainRate":[[0.0,0.0,0.0]],"rain_total":[[0.0,0.0,0.0]],"vpd":[[0.02,0.07005555555555555,0.24]],"windrun":[[0.35,0.7855555555555556,1.54]]},"on_this_day":{"ET":{"average":{"overall":2.33},"max":{"value":10.07,"when":1759320000},"min":{"value":0.28,"when":1759294800}},"api_cold":{"average":{"overall":0.0},"max":{"value":0.0,"when":1759273200},"min":{"value":0.0,"when":1759273200}},"api_dew":{"average":{"overall":0.0},"max":{"value":0.0,"when":1759273200},"min":{"value":0.0,"when":1759273200}},"api_foggy":{"average":{"overall":0.0},"max":{"value":0.1,"when":1759294800},"min":{"value":0.0,"when":1759273200}},"api_frost_grass":{"average":{"overall":0.0},"max":{"value":0.0,"when":1759273200},"min":{"value":0.0,"when":1759273200}},"api_frost_ground":{"average":{"overall":0.0},"max":{"value":0.0,"when":1759273200},"min":{"value":0.0,"when":1759273200}},"api_hot":{"average":{"overall":0.0},"max":{"value":0.0,"when":1759273200},"min":{"value":0.0,"when":1759273200}},"api_rainy":{"average":{"overall":0.0},"max":{"value":0.1,"when":1759302000},"min":{"value":0.0,"when":1759273200}},"api_snowy":{"average":{"overall":0.0},"max":{"value":0.0,"when":1759273200},"min":{"value":0.0,"when":1759273200}},"api_stormy":{"average":{"overall":0.0},"max":{"value":0.0,"when":1759273200},"min":{"value":0.0,"when":1759273200}},"api_thundery":{"average":{"overall":0.0},"max":{"value":0.0,"when":1759273200},"min":{"value":0.0,"when":1759273200}},"aq_uv_index_clear_sky":{"average":{"overall":1},"max":{"value":3,"when":1759316400},"min":{"value":0,"when":1759273200}},"cloudbase":{"average":{"overall":1501},"max":{"value":2966,"when":1759323600},"min":{"value":741,"when":1759305600}},"dewpoint":{"average":{"overall":6.6},"max":{"value":13.2,"when":1759323600},"min":{"value":1.5,"when":1759287600}},"ecowitt_gateway_inTemp":{"average":{"overall":20.9},"max":{"value":23.3,"when":1759323600},"min":{"value":19.8,"when":1759276800}},"ecowitt_gateway_pressure":{"average":{"overall":1031},"max":{"value":1032,"when":1759302000},"min":{"value":1030,"when":1759320000}},"ecowitt_wh31_hall_inTemp":{"average":{"overall":15.6},"max":{"value":17.0,"when":1759320000},"min":{"value":14.6,"when":1759291200}},"ecowitt_wh31_patio_outTemp":{"average":{"overall":10.8},"max":{"value":19.5,"when":1759323600},"min":{"value":6.6,"when":1759291200}},"ecowitt_wh51_patio_outGroundHumidity":{"average":{"overall":15.8},"max":{"value":16.0,"when":1759273200},"min":{"value":15.0,"when":1759312800}},"ecowitt_wittboy_outTemp":{"average":{"overall":9.3},"max":{"value":20.0,"when":1759323600},"min":{"value":3.5,"when":1759291200}},"ecowitt_wittboy_rain_day":{"average":{"overall":0.045},"max":{"value":0.1,"when":1759302000},"min":{"value":0.0,"when":1759273200}},"ecowitt_wittboy_rain_event":{"average":{"overall":0.012222},"max":{"value":0.1,"when":1759302000},"min":{"value":0.0,"when":1759273200}},"ecowitt_wittboy_rain_rate":{"average":{"overall":0.01},"max":{"value":0.599999,"when":1759302000},"min":{"value":0.0,"when":1759273200}},"ecowitt_wittboy_uvi":{"average":{"overall":0.8},"max":{"value":4.0,"when":1759316400},"min":{"value":0.0,"when":1759273200}},"ecowitt_wittboy_windDir":{"average":{"overall":183},"max":{"value":339,"when":1759320000},"min":{"value":7,"when":1759312800}},"ecowitt_wittboy_windGust":{"average":{"overall":11.8},"max":{"value":19.3,"when":1759287600},"min":{"value":6.7,"when":1759273200}},"ecowitt_wittboy_windSpeed":{"average":{"overall":9.4},"max":{"value":18.4,"when":1759287600},"min":{"value":4.2,"when":1759316400}},"ecowitt_wn34_shed_groundTemperature":{"average":{"overall":11.3},"max":{"value":13.4,"when":1759323600},"min":{"value":10.0,"when":1759298400}},"feelslike":{"average":{"overall":6.8},"max":{"value":18.8,"when":1759323600},"min":{"value":-1.3,"when":1759291200}},"inHumidity":{"average":{"overall":57.7},"max":{"value":58.7,"when":1759312800},"min":{"value":57.0,"when":1759291200}},"inTemp":{"average":{"overall":21.1},"max":{"value":23.3,"when":1759323600},"min":{"value":20.1,"when":1759287600}},"lightning_strike_count":{"average":{"overall":0},"max":{"value":0,"when":1759273200},"min":{"value":0,"when":1759273200}},"luminosity":{"average":{"overall":12533},"max":{"value":56920,"when":1759320000},"min":{"value":0,"when":1759273200}},"netatmo_Chitterne_co2":{"average":{"overall":1466},"max":{"value":1791,"when":1759273200},"min":{"value":994,"when":1759320000}},"netatmo_Chitterne_inTemp":{"average":{"overall":20.1},"max":{"value":20.9,"when":1759273200},"min":{"value":19.3,"when":1759302000}},"netatmo_Chitterne_noise":{"average":{"overall":33},"max":{"value":54,"when":1759302000},"min":{"value":32,"when":1759273200}},"netatmo_Chitterne_outTemp":{"average":{"overall":10.6},"max":{"value":19.3,"when":1759323600},"min":{"value":6.4,"when":1759291200}},"netatmo_Chitterne_pressure":{"average":{"overall":1014},"max":{"value":1015,"when":1759309200},"min":{"value":1014,"when":1759273200}},"outHumidity":{"average":{"overall":83},"max":{"value":94,"when":1759305600},"min":{"value":66,"when":1759323600}},"outTemp":{"average":{"overall":9.2},"max":{"value":19.6,"when":1759323600},"min":{"value":3.5,"when":1759291200}},"pressure":{"average":{"overall":1023},"max":{"value":1023,"when":1759273200},"min":{"value":1023,"when":1759273200}},"rain":{"average":{"overall":0.0},"max":{"value":0.0,"when":1759273200},"min":{"value":0.0,"when":1759273200}},"rainRate":{"average":{"overall":0.0},"max":{"value":0.0,"when":1759273200},"min":{"value":0.0,"when":1759273200}},"rain_total":{"average":{"overall":0.0},"max":{"value":0.0,"when":1759273200},"min":{"value":0.0,"when":1759273200}},"vpd":{"average":{"overall":0.24},"max":{"value":0.81,"when":1759323600},"min":{"value":0.07,"when":1759302000}},"windrun":{"average":{"overall":0.79},"max":{"value":1.54,"when":1759287600},"min":{"value":0.35,"when":1759316400}}}}