{"charts":{"ET":[[0.46,3.31,13.76],[0.38,3.63,12.99]],"api_cold":[[0.0,0.0,0.0],[0.0,0.0,0.0]],"api_dew":[[0.0,0.0,0.0],[0.0,0.0,0.0]],"api_foggy":[[0.0,0.0,0.1],[0.0,0.1,0.3]],"api_frost_grass":[[0.0,0.0,0.0],[0.0,0.0,0.0]],"api_frost_ground":[[0.0,0.0,0.0],[0.0,0.0,0.0]],"api_hot":[[0.0,0.0,0.0],[0.0,0.0,0.0]],"api_rainy":[[0.0,0.0,0.1],[0.0,0.2,0.9]],"api_snowy":[[0.0,0.0,0.0],[0.0,0.0,0.0]],"api_stormy":[[0.0,0.0,0.0],[0.0,0.0,0.0]],"api_thundery":[[0.0,0.0,0.0],[0.0,0.0,0.0]],"aq_uv_index_clear_sky":[[0,1,5],[0,2,5]],"cloudbase":[[1326,2696,4083],[954,2421,4848]],"dateTime":[1777590000,1777676400],"dewpoint":[[1.4,8.4,14.7],[1.1,7.2,13.1]],"ecowitt_gateway_inTemp":[[17.0,19.6,21.5],[17.2,19.5,22.1]],"ecowitt_gateway_pressure":[[1023,1024,1025],[1017,1021,1025]],"ecowitt_wh31_hall_inTemp":[[15.1,16.4,17.6],[14.5,15.5,16.9]],"ecowitt_wh31_patio_outTemp":[[8.3,15.3,21.7],[7.0,13.6,21.0]],"ecowitt_wh51_patio_outGroundHumidity":[[20.0,20.8,21.0],[20.0,20.0,21.0]],"ecowitt_wittboy_outTemp":[[5.2,13.3,20.9],[3.6,11.1,19.7]],"ecowitt_wittboy_rain_day":[[0.0,0.0,0.0],[0.0,0.191488,3.499993]],"ecowitt_wittboy_rain_event":[[0.0,0.0,0.0],[0.0,0.191488,3.499993]],"ecowitt_wittboy_rain_rate":[[0.0,0.0,0.0],[0.0,0.233689,3.599993]],"ecowitt_wittboy_uvi":[[0.0,0.9,8.0],[0.0,1.0,5.0]],"ecowitt_wittboy_windDir":[[4,211,336],[14,208,359]],"ecowitt_wittboy_windGust":[[5.8,11.5,25.4],[6.5,13.2,27.6]],"ecowitt_wittboy_windSpeed":[[4.4,9.9,24.7],[3.6,11.3,23.3]],"ecowitt_wn34_shed_groundTemperature":[[12.7,15.9,18.2],[11.6,14.4,17.9]],"feelslike":[[-1.4,11.9,21.7],[-1.4,9.5,21.0]],"inHumidity":[[47.3,50.1,56.5],[50.8,51.7,54.0]],"inTemp":[[16.8,21.6,22.6],[16.1,21.6,22.5]],"lightning_strike_count":[[0,0,0],[0,0,0]],"luminosity":[[0,13583,81550],[0,16902,69592]],"netatmo_Chitterne_co2":[[442,1030,1834],[475,1077,1810]],"netatmo_Chitterne_inTemp":[[20.6,21.8,22.6],[20.7,21.8,22.5]],"netatmo_Chitterne_noise":[[32,36,64],[32,35,59]],"netatmo_Chitterne_outTemp":[[8.1,15.3,21.9],[6.9,13.7,21.4]],"netatmo_Chitterne_pressure":[[1005,1006,1007],[999,1004,1007]],"outHumidity":[[55,69,85],[50,73,90]],"outTemp":[[5.2,14.1,21.9],[3.6,12.1,21.4]],"pressure":[[1016,1016,1026],[1009,1013,1023]],"rain":[[0.0,0.0,0.0],[0.0,0.257575,13.999972]],"rainRate":[[0.0,0.0,0.0],[0.0,2.852044,71.999856]],"rain_total":[[0.0,0.0,0.0],[0.0,0.121779,2.599995]],"vpd":[[0.17,0.56,1.05],[0.1,0.49,1.25]],"windrun":[[0.36,0.82,2.06],[0.3,0.94,1.94]]},"on_this_day":{"ET":{"average":{"overall":3.47},"max":{"value":13.76,"when":1777644000},"min":{"value":0.38,"when":1777690800}},"api_cold":{"average":{"overall":0.0},"max":{"value":0.0,"when":1777590000},"min":{"value":0.0,"when":1777590000}},"api_dew":{"average":{"overall":0.0},"max":{"value":0.0,"when":1777590000},"min":{"value":0.0,"when":1777590000}},"api_foggy":{"average":{"overall":0.1},"max":{"value":0.3,"when":1777687200},"min":{"value":0.0,"when":1777590000}},"api_frost_grass":{"average":{"overall":0.0},"max":{"value":0.0,"when":1777590000},"min":{"value":0.0,"when":1777590000}},"api_frost_ground":{"average":{"overall":0.0},"max":{"value":0.0,"when":1777590000},"min":{"value":0.0,"when":1777590000}},"api_hot":{"average":{"overall":0.0},"max":{"value":0.0,"when":1777590000},"min":{"value":0.0,"when":1777590000}},"api_rainy":{"average":{"overall":0.1},"max":{"value":0.9,"when":1777734000},"min":{"value":0.0,"when":1777590000}},"api_snowy":{"average":{"overall":0.0},"max":{"value":0.0,"when":1777590000},"min":{"value":0.0,"when":1777590000}},"api_stormy":{"average":{"overall":0.0},"max":{"value":0.0,"when":1777590000},"min":{"value":0.0,"when":1777590000}},"api_thundery":{"average":{"overall":0.0},"max":{"value":0.0,"when":1777590000},"min":{"value":0.0,"when":1777590000}},"aq_uv_index_clear_sky":{"average":{"overall":1},"max":{"value":5,"when":1777636800},"min":{"value":0,"when":1777590000}},"cloudbase":{"average":{"overall":2558},"max":{"value":4848,"when":1777723200},"min":{"value":954,"when":1777701600}},"dewpoint":{"average":{"overall":7.8},"max":{"value":14.7,"when":1777636800},"min":{"value":1.1,"when":1777687200}},"ecowitt_gateway_inTemp":{"average":{"overall":19.6},"max":{"value":22.1,"when":1777712400},"min":{"value":17.0,"when":1777611600}},"ecowitt_gateway_pressure":{"average":{"overall":1023},"max":{"value":1025,"when":1777669200},"min":{"value":1017,"when":1777734000}},"ecowitt_wh31_hall_inTemp":{"average":{"overall":16.0},"max":{"value":17.6,"when":1777662000},"min":{"value":14.5,"when":1777698000}},"ecowitt_wh31_patio_outTemp":{"average":{"overall":14.5},"max":{"value":21.7,"when":1777633200},"min":{"value":7.0,"when":1777687200}},"ecowitt_wh51_patio_outGroundHumidity":{"average":{"overall":20.4},"max":{"value":21.0,"when":1777590000},"min":{"value":20.0,"when":1777654800}},"ecowitt_wittboy_outTemp":{"average":{"overall":12.2},"max":{"value":20.9,"when":1777633200},"min":{"value":3.6,"when":1777687200}},"ecowitt_wittboy_rain_day":{"average":{"overall":0.095744},"max":{"value":3.499993,"when":1777734000},"min":{"value":0.0,"when":1777590000}},"ecowitt_wittboy_rain_event":{"average":{"overall":0.095744},"max":{"value":3.499993,"when":1777734000},"min":{"value":0.0,"when":1777590000}},"ecowitt_wittboy_rain_rate":{"average":{"overall":0.116845},"max":{"value":3.599993,"when":1777730400},"min":{"value":0.0,"when":1777590000}},"ecowitt_wittboy_uvi":{"average":{"overall":0.9},"max":{"value":8.0,"when":1777644000},"min":{"value":0.0,"when":1777590000}},"ecowitt_wittboy_windDir":{"average":{"overall":209},"max":{"value":359,"when":1777719600},"min":{"value":4,"when":1777629600}},"ecowitt_wittboy_windGust":{"average":{"overall":12.4},"max":{"value":27.6,"when":1777708800},"min":{"value":5.8,"when":1777626000}},"ecowitt_wittboy_windSpeed":{"average":{"overall":10.6},"max":{"value":24.7,"when":1777611600},"min":{"value":3.6,"when":1777726800}},"ecowitt_wn34_shed_groundTemperature":{"average":{"overall":15.2},"max":{"value":18.2,"when":1777658400},"min":{"value":11.6,"when":1777701600}},"feelslike":{"average":{"overall":10.7},"max":{"value":21.7,"when":1777636800},"min":{"value":-1.4,"when":1777698000}},"inHumidity":{"average":{"overall":50.9},"max":{"value":56.5,"when":1777662000},"min":{"value":47.3,"when":1777590000}},"inTemp":{"average":{"overall":21.6},"max":{"value":22.6,"when":1777665600},"min":{"value":16.1,"when":1777690800}},"lightning_strike_count":{"average":{"overall":0},"max":{"value":0,"when":1777590000},"min":{"value":0,"when":1777590000}},"luminosity":{"average":{"overall":15243},"max":{"value":81550,"when":1777644000},"min":{"value":0,"when":1777590000}},"netatmo_Chitterne_co2":{"average":{"overall":1053},"max":{"value":1834,"when":1777590000},"min":{"value":442,"when":1777647600}},"netatmo_Chitterne_inTemp":{"average":{"overall":21.8},"max":{"value":22.6,"when":1777665600},"min":{"value":20.6,"when":1777615200}},"netatmo_Chitterne_noise":{"average":{"overall":35},"max":{"value":64,"when":1777615200},"min":{"value":32,"when":1777590000}},"netatmo_Chitterne_outTemp":{"average":{"overall":14.5},"max":{"value":21.9,"when":1777633200},"min":{"value":6.9,"when":1777687200}},"netatmo_Chitterne_pressure":{"average":{"overall":1005},"max":{"value":1007,"when":1777626000},"min":{"value":999,"when":1777734000}},"outHumidity":{"average":{"overall":71},"max":{"value":90,"when":1777701600},"min":{"value":50,"when":1777723200}},"outTemp":{"average":{"overall":13.1},"max":{"value":21.9,"when":1777633200},"min":{"value":3.6,"when":1777687200}},"pressure":{"average":{"overall":1015},"max":{"value":1026,"when":1777669200},"min":{"value":1009,"when":1777719600}},"rain":{"average":{"overall":0.128788},"max":{"value":13.999972,"when":1777730400},"min":{"value":0.0,"when":1777590000}},"rainRate":{"average":{"overall":1.426022},"max":{"value":71.999856,"when":1777734000},"min":{"value":0.0,"when":1777590000}},"rain_total":{"average":{"overall":0.060889},"max":{"value":2.599995,"when":1777734000},"min":{"value":0.0,"when":1777590000}},