{"charts":{"ET":[[0.28,2.0480555555555555,10.07],[0.22,1.3107670454545457,5.88],[0.14,0.6861047979797981,3.18],[0.22,1.267004329004329,7.19],[0.55,0.8963541666666665,1.28]],"api_cold":[[0.0,0.0,0.0],[0.0,0.0,0.0],[0.0,0.0,0.0],[0.0,0.0,0.0],[0.0,0.0,0.0]],"api_dew":[[0.0,0.0,0.0],[0.0,0.0,0.0],[0.0,0.0,0.0],[0.0,0.0,0.0],[0.0,0.0,0.0]],"api_foggy":[[0.0,0.044444444444444446,0.29],[0.0,0.14638888888888893,0.57],[0.0,0.05725694444444444,0.29],[0.0,0.0,0.0],[0.0,0.0,0.0]],"api_frost_grass":[[0.0,0.0,0.0],[0.0,0.0,0.0],[0.0,0.0,0.0],[0.0,0.0,0.0],[0.0,0.0,0.0]],"api_frost_ground":[[0.0,0.0,0.0],[0.0,0.0,0.0],[0.0,0.0,0.0],[0.0,0.0,0.0],[0.0,0.0,0.0]],"api_hot":[[0.0,0.0,0.0],[0.0,0.0,0.0],[0.0,0.0,0.0],[0.0,0.0,0.0],[0.0,0.0,0.0]],"api_rainy":[[0.0,0.0019444444444444446,0.14],[0.0,0.05694444444444444,0.86],[0.43,0.6815277777777778,0.86],[0.0,0.2795525793650793,0.86],[0.0,0.0,0.0]],"api_snowy":[[0.0,0.0,0.0],[0.0,0.0,0.0],[0.0,0.0,0.0],[0.0,0.0,0.0],[0.0,0.0,0.0]],"api_stormy":[[0.0,0.0,0.0],[0.0,0.004375,0.14],[0.0,0.05954861111111112,0.29],[0.0,0.1228214285714286,0.29],[0.0,0.002857142857142857,0.14]],"api_thundery":[[0.0,0.0,0.0],[0.0,0.0,0.0],[0.0,0.0,0.0],[0.0,0.0,0.0],[0.0,0.0,0.0]],"aq_uv_index_clear_sky":[[0.0,0.7462499999999999,3.25],[0.0,0.7683617424242425,3.4],[0.0,0.7909722222222223,3.5],[0.0,0.3694318181818182,2.25],[0.0,0.0,0.0]],"cloudbase":[[740.98,1776.9200694444444,3325.79],[665.79,1331.483061868687,2184.55],[554.42,729.5094381313132,981.7],[777.36,1437.9034182900432,2751.8],[1513.29,1634.2571875,1800.5]],"dateTime":[1759273200,1759359600,1759446000,1759532400,1759618800],"dewpoint":[[34.69,45.084618055555545,56.01],[35.5,49.436565656565655,57.57],[54.73,58.89854166666666,61.23],[44.24,47.86149675324676,55.85],[44.64,45.32697916666666,46.14]],"ecowitt_gateway_inTemp":[[67.64,70.22947916666665,73.94],[67.46,70.61716856060605,73.4],[69.62,71.17572916666667,73.04],[66.26,69.16312337662337,71.24],[65.96,66.89489583333332,68.0]],"ecowitt_gateway_pressure":[[30.4,30.44864583333333,30.48],[30.09,30.29624368686868,30.44],[29.57,29.852597853535347,30.11],[29.59,29.7419908008658,30.0],[29.99,30.0465625,30.09]],"ecowitt_wh31_hall_inTemp":[[58.28,61.07916666666666,63.5],[60.32,61.88971275252525,63.5],[63.5,65.35399305555556,66.95],[62.54,64.07383333333335,66.5],[62.06,62.24645833333334,62.54]],"ecowitt_wh31_patio_outTemp":[[43.88,53.63510416666668,67.37],[45.17,55.244835858585866,64.1],[57.74,60.735523989899,62.84],[49.31,53.29820941558442,58.34],[50.36,51.219166666666666,52.34]],"ecowitt_wh51_patio_outGroundHumidity":[[15.0,15.487847222222223,16.0],[14.0,14.607638888888888,17.33],[17.0,19.83657196969697,25.67],[26.0,28.529462121212124,31.0],[27.0,27.413229166666667,28.17]],"ecowitt_wittboy_outTemp":[[38.3,50.919270833333336,69.29],[39.74,53.43728851010101,64.46],[56.84,60.4336047979798,62.6],[46.94,52.148799783549784,57.53],[50.0,50.92979166666666,52.34]],"ecowitt_wittboy_rain_day":[[0.0,0.002583656250000001,0.003937],[0.0,0.005085291666666668,0.145669],[0.0,0.14858699147727275,0.417323],[0.0,0.1978079484848485,0.334646],[0.0,0.0,0.0]],"ecowitt_wittboy_rain_event":[[0.0,0.00030074305555555556,0.003937],[0.0,0.005085291666666668,0.145669],[0.0,0.18721926231060604,0.34252],[0.224409,0.42221734015151513,0.559055],[0.559055,0.559055,0.559055]],"ecowitt_wittboy_rain_rate":[[0.0,0.0002460625,0.023622],[0.0,0.006479645833333333,0.212598],[0.0,0.019863961489898992,0.425197],[0.0,0.021268768560606062,0.661417],[0.0,0.0,0.0]],"ecowitt_wittboy_uvi":[[0.0,0.5694444444444444,4.0],[0.0,0.2607323232323232,3.0],[0.0,0.052083333333333336,1.0],[0.0,0.3231060606060606,4.0],[0.0,0.0,0.0]],"ecowitt_wittboy_windDir":[[7.0,180.4965277777778,339.0],[3.0,182.8958333333333,352.0],[2.0,195.9416035353535,359.0],[14.0,204.06017316017318,357.0],[110.0,199.6875,305.0]],"ecowitt_wittboy_windGust":[[5.87,10.672916666666666,19.29],[5.87,11.401351010101012,22.65],[8.39,18.252601010101014,66.27],[10.07,19.075468614718616,49.49],[13.42,21.120520833333334,50.33]],"ecowitt_wittboy_windSpeed":[[0.0,8.769965277777777,18.45],[0.0,8.597623106060608,22.65],[5.03,12.983216540404038,36.91],[5.87,13.97626082251082,32.72],[7.55,16.043229166666666,31.88]],"ecowitt_wn34_shed_groundTemperature":[[49.94,54.239375,58.64],[51.05,54.67719381313132,58.1],[57.14,59.57582702020202,62.06],[54.32,57.03829491341992,60.32],[53.0,54.2475,55.7]],"feelslike":[[29.66,47.16635416666667,68.46],[33.62,50.53663825757575,64.68],[53.41,59.38774305555555,63.77],[41.48,47.56542478354978,56.43],[40.85,44.4915625,46.7]],"inHumidity":[[57.0,58.04375000000001,59.8],[57.9,59.70672348484849,62.7],[62.7,63.90018939393939,68.1],[62.3,64.61445887445888,68.0],[61.1,61.99479166666667,62.7]],"inTemp":[[68.2,70.49513888888889,73.9],[68.4,70.85530303030303,73.4],[69.6,71.19024621212122,73.0],[64.7,68.6163041125541,71.2],[64.3,64.534375,64.7]],"lightning_strike_count":[[0.0,0.0,0.0],[0.0,0.0,0.0],[0.0,0.0,0.0],[0.0,0.0,0.0],[0.0,0.0,0.0]],"luminosity":[[0.0,9547.708368055555,56920.0],[0.0,6043.76723800505,36623.33],[0.0,3060.0969507575755,23083.33],[0.0,5268.897584415585,52346.67],[0.0,3.0030208333333333,23.33]],"netatmo_Chitterne_co2":[[979.0,1458.0807291666667,2108.0],[1086.43,1561.4547209595964,2293.71],[1005.0,1665.551859217172,2363.0],[453.0,1229.0381363636366,2047.29],[1018.0,1171.6003125,1256.86]],"netatmo_Chitterne_inTemp":[[66.74,68.66795138888888,70.16],[67.46,68.42130176767677,69.62],[69.08,69.37038194444443,70.16],[64.04,67.93339772727272,70.08],[63.86,64.4525,65.3]],"netatmo_Chitterne_noise":[[32.0,33.760416666666664,65.0],[32.0,34.938573232323236,66.0],[32.0,33.74999999999999,68.0],[32.0,33.159469696969694,58.0],[31.0,34.22916666666667,51.0]],"netatmo_Chitterne_outTemp":[[43.52,53.59159722222223,67.46],[45.5,55.080677398989906,64.22],[57.74,60.72602272727273,62.96],[49.64,53.33099621212121,59.0],[50.18,51.0234375,52.16]],"netatmo_Chitterne_pressure":[[29.9,29.9296875,29.96],[29.59,29.781383207070707,29.91],[29.07,29.348633207070705,29.6],[29.08,29.22705681818182,29.47],[29.47,29.52020833333333,29.56]],"outHumidity":[[62.1,80.11354166666668,94.0],[74.9,85.77844065656568,95.3],[90.7,94.42133838383837,97.0],[67.7,83.94865259740259,93.5],[78.6,80.78958333333334,82.3]],"outTemp":[[38.3,50.97187499999999,69.3],[39.7,53.57392676767677,64.2],[57.4,60.63671085858588,62.7],[46.9,52.59497835497835,58.1],[50.2,51.063541666666666,52.3]],"pressure":[[30.1,30.199652777777786,30.2],[29.8,30.04210858585859,30.3],[29.3,29.601041666666664,29.9],[29.3,29.490476190476198,29.9],[29.7,29.79166666666667,29.8]],"rain":[[0.0,0.0,0.0],[0.0,0.007381875,0.59055],[0.0,0.028471171085858588,0.51181],[0.0,0.015524306818181819,0.7874],[0.0,0.0,0.0]],"rainRate":[[0.0,0.0,0.0],[0.0,0.08256763888888889,3.937],[0.0,0.3437915656565657,3.937],[0.0,0.20967507575757577,4.09448],[0.0,0.0,0.0]],"rain_total":[[0.0,0.0,0.0],[0.0,0.002476246527777778,0.074803],[0.0,0.12800684217171718,0.271092],[0.0,0.06623576666666667,0.275591],[0.0,0.0012079431818181818,0.106299]],"vpd":[[0.02,0.09156249999999999,0.27],[0.02,0.06487689393939394,0.14],[0.02,0.029573863636363634,0.05],[0.03,0.06422727272727272,0.15],[0.06,0.07302083333333334,0.08]],"windrun":[[0.19,0.7331597222222221,1.54],[0.19,0.7187752525252527,1.89],[0.42,1.083386994949495,3.08],[0.49,1.1662651515151514,2.73],[0.63,1.33875,2.66]]},"on_this_day":{"ET":{"average":{"overall":1.24},"max":{"value":10.07,"when":1759320000},"min":{"value":0.14,"when":1759467600}},"api_cold":{"average":{"overall":0.0},"max":{"value":0.0,"when":1759273200},"min":{"value":0.0,"when":1759273200}},"api_dew":{"average":{"overall":0.0},"max":{"value":0.0,"when":1759273200},"min":{"value":0.0,"when":1759273200}},"api_foggy":{"average":{"overall":0.0},"max":{"value":0.6,"when":1759359600},"min":{"value":0.0,"when":1759273200}},"api_frost_grass":{"average":{"overall":0.0},"max":{"value":0.0,"when":1759273200},"min":{"value":0.0,"when":1759273200}},"api_frost_ground":{"average":{"overall":0.0},"max":{"value":0.0,"when":1759273200},