{"charts":{"ET":[[0.28,0.609,1.75]],"api_cold":[[0.0,0.0,0.0]],"api_dew":[[0.0,0.0,0.0]],"api_foggy":[[0.0,0.052500000000000005,0.14]],"api_frost_grass":[[0.0,0.0,0.0]],"api_frost_ground":[[0.0,0.0,0.0]],"api_hot":[[0.0,0.0,0.0]],"api_rainy":[[0.0,0.004666666666666667,0.14]],"api_snowy":[[0.0,0.0,0.0]],"api_stormy":[[0.0,0.0,0.0]],"api_thundery":[[0.0,0.0,0.0]],"aq_uv_index_clear_sky":[[0.0,0.08441666666666667,0.75]],"cloudbase":[[770.38,1244.1405833333336,1643.75]],"dateTime":[1759273200],"dewpoint":[[34.69,38.3725,49.05]],"ecowitt_gateway_inTemp":[[67.64,68.44574999999999,70.16]],"ecowitt_gateway_pressure":[[30.45,30.464999999999996,30.48]],"ecowitt_wh31_hall_inTemp":[[58.28,59.003499999999995,60.38]],"ecowitt_wh31_patio_outTemp":[[43.88,46.11449999999999,51.53]],"ecowitt_wh51_patio_outGroundHumidity":[[16.0,16.0,16.0]],"ecowitt_wittboy_outTemp":[[38.3,41.66425,51.2]],"ecowitt_wittboy_rain_day":[[0.0,0.0006889750000000001,0.003937]],"ecowitt_wittboy_rain_event":[[0.0,0.0006889750000000001,0.003937]],"ecowitt_wittboy_rain_rate":[[0.0,0.00059055,0.023622]],"ecowitt_wittboy_uvi":[[0.0,0.016666666666666666,1.0]],"ecowitt_wittboy_windDir":[[14.0,185.4416666666667,266.0]],"ecowitt_wittboy_windGust":[[6.71,12.254833333333334,19.29]],"ecowitt_wittboy_windSpeed":[[5.87,10.080166666666665,18.45]],"ecowitt_wn34_shed_groundTemperature":[[49.94,51.6595,54.92]],"feelslike":[[29.66,36.003750000000004,47.19]],"inHumidity":[[57.0,57.5225,58.3]],"inTemp":[[68.2,68.92416666666666,70.2]],"lightning_strike_count":[[0.0,0.0,0.0]],"luminosity":[[0.0,1830.7915,13613.33]],"netatmo_Chitterne_co2":[[1358.0,1620.0736666666667,1791.0]],"netatmo_Chitterne_inTemp":[[66.74,68.07641666666666,69.62]],"netatmo_Chitterne_noise":[[32.0,32.93333333333333,54.0]],"netatmo_Chitterne_outTemp":[[43.52,45.71583333333332,50.69]],"netatmo_Chitterne_pressure":[[29.93,29.9355,29.95]],"outHumidity":[[81.4,86.57416666666667,93.6]],"outTemp":[[38.3,41.66583333333333,51.1]],"pressure":[[30.2,30.199999999999996,30.2]],"rain":[[0.0,0.0,0.0]],"rainRate":[[0.0,0.0,0.0]],"rain_total":[[0.0,0.0,0.0]],"vpd":[[0.02,0.03458333333333334,0.05]],"windrun":[[0.49,0.8411666666666665,1.54]]},"on_this_day":{"ET":{"average":{"overall":0.61},"max":{"value":1.75,"when":1759305600},"min":{"value":0.28,"when":1759294800}},"api_cold":{"average":{"overall":0.0},"max":{"value":0.0,"when":1759273200},"min":{"value":0.0,"when":1759273200}},"api_dew":{"average":{"overall":0.0},"max":{"value":0.0,"when":1759273200},"min":{"value":0.0,"when":1759273200}},"api_foggy":{"average":{"overall":0.1},"max":{"value":0.1,"when":1759294800},"min":{"value":0.0,"when":1759273200}},"api_frost_grass":{"average":{"overall":0.0},"max":{"value":0.0,"when":1759273200},"min":{"value":0.0,"when":1759273200}},"api_frost_ground":{"average":{"overall":0.0},"max":{"value":0.0,"when":1759273200},"min":{"value":0.0,"when":1759273200}},"api_hot":{"average":{"overall":0.0},"max":{"value":0.0,"when":1759273200},"min":{"value":0.0,"when":1759273200}},"api_rainy":{"average":{"overall":0.0},"max":{"value":0.1,"when":1759302000},"min":{"value":0.0,"when":1759273200}},"api_snowy":{"average":{"overall":0.0},"max":{"value":0.0,"when":1759273200},"min":{"value":0.0,"when":1759273200}},"api_stormy":{"average":{"overall":0.0},"max":{"value":0.0,"when":1759273200},"min":{"value":0.0,"when":1759273200}},"api_thundery":{"average":{"overall":0.0},"max":{"value":0.0,"when":1759273200},"min":{"value":0.0,"when":1759273200}},"aq_uv_index_clear_sky":{"average":{"overall":0},"max":{"value":1,"when":1759302000},"min":{"value":0,"when":1759273200}},"cloudbase":{"average":{"overall":1244},"max":{"value":1644,"when":1759273200},"min":{"value":770,"when":1759302000}},"dewpoint":{"average":{"overall":3.5},"max":{"value":9.5,"when":1759305600},"min":{"value":1.5,"when":1759287600}},"ecowitt_gateway_inTemp":{"average":{"overall":20.2},"max":{"value":21.2,"when":1759305600},"min":{"value":19.8,"when":1759276800}},"ecowitt_gateway_pressure":{"average":{"overall":1032},"max":{"value":1032,"when":1759302000},"min":{"value":1031,"when":1759284000}},"ecowitt_wh31_hall_inTemp":{"average":{"overall":15.0},"max":{"value":15.8,"when":1759305600},"min":{"value":14.6,"when":1759291200}},"ecowitt_wh31_patio_outTemp":{"average":{"overall":7.8},"max":{"value":10.8,"when":1759305600},"min":{"value":6.6,"when":1759291200}},"ecowitt_wh51_patio_outGroundHumidity":{"average":{"overall":16.0},"max":{"value":16.0,"when":1759273200},"min":{"value":16.0,"when":1759273200}},"ecowitt_wittboy_outTemp":{"average":{"overall":5.4},"max":{"value":10.7,"when":1759305600},"min":{"value":3.5,"when":1759291200}},"ecowitt_wittboy_rain_day":{"average":{"overall":0.0175},"max":{"value":0.1,"when":1759302000},"min":{"value":0.0,"when":1759273200}},"ecowitt_wittboy_rain_event":{"average":{"overall":0.0175},"max":{"value":0.1,"when":1759302000},"min":{"value":0.0,"when":1759273200}},"ecowitt_wittboy_rain_rate":{"average":{"overall":0.015},"max":{"value":0.599999,"when":1759302000},"min":{"value":0.0,"when":1759273200}},"ecowitt_wittboy_uvi":{"average":{"overall":0.0},"max":{"value":1.0,"when":1759305600},"min":{"value":0.0,"when":1759273200}},"ecowitt_wittboy_windDir":{"average":{"overall":185},"max":{"value":266,"when":1759291200},"min":{"value":14,"when":1759291200}},"ecowitt_wittboy_windGust":{"average":{"overall":12.3},"max":{"value":19.3,"when":1759287600},"min":{"value":6.7,"when":1759273200}},"ecowitt_wittboy_windSpeed":{"average":{"overall":10.1},"max":{"value":18.4,"when":1759287600},"min":{"value":5.9,"when":1759273200}},"ecowitt_wn34_shed_groundTemperature":{"average":{"overall":10.9},"max":{"value":12.7,"when":1759273200},"min":{"value":10.0,"when":1759298400}},"feelslike":{"average":{"overall":2.2},"max":{"value":8.4,"when":1759305600},"min":{"value":-1.3,"when":1759291200}},"inHumidity":{"average":{"overall":57.5},"max":{"value":58.3,"when":1759302000},"min":{"value":57.0,"when":1759291200}},"inTemp":{"average":{"overall":20.5},"max":{"value":21.2,"when":1759305600},"min":{"value":20.1,"when":1759287600}},"lightning_strike_count":{"average":{"overall":0},"max":{"value":0,"when":1759273200},"min":{"value":0,"when":1759273200}},"luminosity":{"average":{"overall":1831},"max":{"value":13613,"when":1759305600},"min":{"value":0,"when":1759273200}},"netatmo_Chitterne_co2":{"average":{"overall":1620},"max":{"value":1791,"when":1759273200},"min":{"value":1358,"when":1759302000}},"netatmo_Chitterne_inTemp":{"average":{"overall":20.0},"max":{"value":20.9,"when":1759273200},"min":{"value":19.3,"when":1759302000}},"netatmo_Chitterne_noise":{"average":{"overall":33},"max":{"value":54,"when":1759302000},"min":{"value":32,"when":1759273200}},"netatmo_Chitterne_outTemp":{"average":{"overall":7.6},"max":{"value":10.4,"when":1759305600},"min":{"value":6.4,"when":1759291200}},"netatmo_Chitterne_pressure":{"average":{"overall":1014},"max":{"value":1014,"when":1759298400},"min":{"value":1014,"when":1759273200}},"outHumidity":{"average":{"overall":87},"max":{"value":94,"when":1759302000},"min":{"value":81,"when":1759273200}},"outTemp":{"average":{"overall":5.4},"max":{"value":10.6,"when":1759305600},"min":{"value":3.5,"when":1759291200}},"pressure":{"average":{"overall":1023},"max":{"value":1023,"when":1759273200},"min":{"value":1023,"when":1759273200}},"rain":{"average":{"overall":0.0},"max":{"value":0.0,"when":1759273200},"min":{"value":0.0,"when":1759273200}},"rainRate":{"average":{"overall":0.0},"max":{"value":0.0,"when":1759273200},"min":{"value":0.0,"when":1759273200}},"rain_total":{"average":{"overall":0.0},"max":{"value":0.0,"when":1759273200},"min":{"value":0.0,"when":1759273200}},"vpd":{"average":{"overall":0.12},"max":{"value":0.17,"when":1759273200},"min":{"value":0.07,"when":1759302000}},"windrun":{"average":{"overall":0.84},"max":{"value":1.54,"when":1759287600},"min":{"value":0.49,"when":1759273200}}}}