{"charts":{"ET":[[0.28,1.7906818181818183,9.66]],"api_cold":[[0.0,0.0,0.0]],"api_dew":[[0.0,0.0,0.0]],"api_foggy":[[0.0,0.050833333333333335,0.14]],"api_frost_grass":[[0.0,0.0,0.0]],"api_frost_ground":[[0.0,0.0,0.0]],"api_hot":[[0.0,0.0,0.0]],"api_rainy":[[0.0,0.0033333333333333335,0.14]],"api_snowy":[[0.0,0.0,0.0]],"api_stormy":[[0.0,0.0,0.0]],"api_thundery":[[0.0,0.0,0.0]],"aq_uv_index_clear_sky":[[0.0,0.7251190476190477,3.25]],"cloudbase":[[740.98,1394.3377435064936,2863.21]],"dateTime":[1759273200],"dewpoint":[[34.69,43.035357142857144,55.71]],"ecowitt_gateway_inTemp":[[67.64,69.40128246753245,73.61]],"ecowitt_gateway_pressure":[[30.43,30.462153679653674,30.48]],"ecowitt_wh31_hall_inTemp":[[58.28,59.8373051948052,62.6]],"ecowitt_wh31_patio_outTemp":[[43.88,50.37194805194805,65.99]],"ecowitt_wh51_patio_outGroundHumidity":[[15.0,15.836309523809524,16.0]],"ecowitt_wittboy_outTemp":[[38.3,47.32025974025974,65.96]],"ecowitt_wittboy_rain_day":[[0.0,0.0016169821428571429,0.003937]],"ecowitt_wittboy_rain_event":[[0.0,0.0005155595238095238,0.003937]],"ecowitt_wittboy_rain_rate":[[0.0,0.0004218214285714286,0.023622]],"ecowitt_wittboy_uvi":[[0.0,0.5568181818181818,4.0]],"ecowitt_wittboy_windDir":[[7.0,183.07305194805195,339.0]],"ecowitt_wittboy_windGust":[[6.71,11.764691558441559,19.29]],"ecowitt_wittboy_windSpeed":[[4.19,9.538658008658008,18.45]],"ecowitt_wn34_shed_groundTemperature":[[49.94,52.114886363636366,55.7]],"feelslike":[[29.66,42.7132683982684,65.39]],"inHumidity":[[57.0,57.63041125541125,58.7]],"inTemp":[[68.2,69.73988095238096,73.6]],"lightning_strike_count":[[0.0,0.0,0.0]],"luminosity":[[0.0,9435.152559523809,56710.0]],"netatmo_Chitterne_co2":[[993.71,1498.8732683982685,1791.0]],"netatmo_Chitterne_inTemp":[[66.74,68.07277597402597,69.62]],"netatmo_Chitterne_noise":[[32.0,32.91396103896104,54.0]],"netatmo_Chitterne_outTemp":[[43.52,50.00542207792207,65.92]],"netatmo_Chitterne_pressure":[[29.93,29.938955627705628,29.96]],"outHumidity":[[67.1,84.70124458874459,94.0]],"outTemp":[[38.3,47.21493506493506,65.9]],"pressure":[[30.2,30.199999999999992,30.2]],"rain":[[0.0,0.0,0.0]],"rainRate":[[0.0,0.0,0.0]],"rain_total":[[0.0,0.0,0.0]],"vpd":[[0.02,0.057678571428571426,0.21]],"windrun":[[0.35,0.7959848484848484,1.54]]},"on_this_day":{"ET":{"average":{"overall":1.79},"max":{"value":9.66,"when":1759320000},"min":{"value":0.28,"when":1759294800}},"api_cold":{"average":{"overall":0.0},"max":{"value":0.0,"when":1759273200},"min":{"value":0.0,"when":1759273200}},"api_dew":{"average":{"overall":0.0},"max":{"value":0.0,"when":1759273200},"min":{"value":0.0,"when":1759273200}},"api_foggy":{"average":{"overall":0.1},"max":{"value":0.1,"when":1759294800},"min":{"value":0.0,"when":1759273200}},"api_frost_grass":{"average":{"overall":0.0},"max":{"value":0.0,"when":1759273200},"min":{"value":0.0,"when":1759273200}},"api_frost_ground":{"average":{"overall":0.0},"max":{"value":0.0,"when":1759273200},"min":{"value":0.0,"when":1759273200}},"api_hot":{"average":{"overall":0.0},"max":{"value":0.0,"when":1759273200},"min":{"value":0.0,"when":1759273200}},"api_rainy":{"average":{"overall":0.0},"max":{"value":0.1,"when":1759302000},"min":{"value":0.0,"when":1759273200}},"api_snowy":{"average":{"overall":0.0},"max":{"value":0.0,"when":1759273200},"min":{"value":0.0,"when":1759273200}},"api_stormy":{"average":{"overall":0.0},"max":{"value":0.0,"when":1759273200},"min":{"value":0.0,"when":1759273200}},"api_thundery":{"average":{"overall":0.0},"max":{"value":0.0,"when":1759273200},"min":{"value":0.0,"when":1759273200}},"aq_uv_index_clear_sky":{"average":{"overall":1},"max":{"value":3,"when":1759316400},"min":{"value":0,"when":1759273200}},"cloudbase":{"average":{"overall":1394},"max":{"value":2863,"when":1759320000},"min":{"value":741,"when":1759305600}},"dewpoint":{"average":{"overall":6.1},"max":{"value":13.2,"when":1759312800},"min":{"value":1.5,"when":1759287600}},"ecowitt_gateway_inTemp":{"average":{"overall":20.8},"max":{"value":23.1,"when":1759320000},"min":{"value":19.8,"when":1759276800}},"ecowitt_gateway_pressure":{"average":{"overall":1032},"max":{"value":1032,"when":1759302000},"min":{"value":1030,"when":1759320000}},"ecowitt_wh31_hall_inTemp":{"average":{"overall":15.5},"max":{"value":17.0,"when":1759320000},"min":{"value":14.6,"when":1759291200}},"ecowitt_wh31_patio_outTemp":{"average":{"overall":10.2},"max":{"value":18.9,"when":1759320000},"min":{"value":6.6,"when":1759291200}},"ecowitt_wh51_patio_outGroundHumidity":{"average":{"overall":15.8},"max":{"value":16.0,"when":1759273200},"min":{"value":15.0,"when":1759312800}},"ecowitt_wittboy_outTemp":{"average":{"overall":8.5},"max":{"value":18.9,"when":1759320000},"min":{"value":3.5,"when":1759291200}},"ecowitt_wittboy_rain_day":{"average":{"overall":0.041071},"max":{"value":0.1,"when":1759302000},"min":{"value":0.0,"when":1759273200}},"ecowitt_wittboy_rain_event":{"average":{"overall":0.013095},"max":{"value":0.1,"when":1759302000},"min":{"value":0.0,"when":1759273200}},"ecowitt_wittboy_rain_rate":{"average":{"overall":0.010714},"max":{"value":0.599999,"when":1759302000},"min":{"value":0.0,"when":1759273200}},"ecowitt_wittboy_uvi":{"average":{"overall":0.6},"max":{"value":4.0,"when":1759316400},"min":{"value":0.0,"when":1759273200}},"ecowitt_wittboy_windDir":{"average":{"overall":183},"max":{"value":339,"when":1759320000},"min":{"value":7,"when":1759312800}},"ecowitt_wittboy_windGust":{"average":{"overall":11.8},"max":{"value":19.3,"when":1759287600},"min":{"value":6.7,"when":1759273200}},"ecowitt_wittboy_windSpeed":{"average":{"overall":9.5},"max":{"value":18.4,"when":1759287600},"min":{"value":4.2,"when":1759316400}},"ecowitt_wn34_shed_groundTemperature":{"average":{"overall":11.2},"max":{"value":13.2,"when":1759320000},"min":{"value":10.0,"when":1759298400}},"feelslike":{"average":{"overall":6.0},"max":{"value":18.6,"when":1759320000},"min":{"value":-1.3,"when":1759291200}},"inHumidity":{"average":{"overall":57.6},"max":{"value":58.7,"when":1759312800},"min":{"value":57.0,"when":1759291200}},"inTemp":{"average":{"overall":21.0},"max":{"value":23.1,"when":1759320000},"min":{"value":20.1,"when":1759287600}},"lightning_strike_count":{"average":{"overall":0},"max":{"value":0,"when":1759273200},"min":{"value":0,"when":1759273200}},"luminosity":{"average":{"overall":9435},"max":{"value":56710,"when":1759320000},"min":{"value":0,"when":1759273200}},"netatmo_Chitterne_co2":{"average":{"overall":1499},"max":{"value":1791,"when":1759273200},"min":{"value":994,"when":1759320000}},"netatmo_Chitterne_inTemp":{"average":{"overall":20.0},"max":{"value":20.9,"when":1759273200},"min":{"value":19.3,"when":1759302000}},"netatmo_Chitterne_noise":{"average":{"overall":33},"max":{"value":54,"when":1759302000},"min":{"value":32,"when":1759273200}},"netatmo_Chitterne_outTemp":{"average":{"overall":10.0},"max":{"value":18.8,"when":1759320000},"min":{"value":6.4,"when":1759291200}},"netatmo_Chitterne_pressure":{"average":{"overall":1014},"max":{"value":1015,"when":1759309200},"min":{"value":1014,"when":1759273200}},"outHumidity":{"average":{"overall":85},"max":{"value":94,"when":1759305600},"min":{"value":67,"when":1759320000}},"outTemp":{"average":{"overall":8.5},"max":{"value":18.8,"when":1759320000},"min":{"value":3.5,"when":1759291200}},"pressure":{"average":{"overall":1023},"max":{"value":1023,"when":1759273200},"min":{"value":1023,"when":1759273200}},"rain":{"average":{"overall":0.0},"max":{"value":0.0,"when":1759273200},"min":{"value":0.0,"when":1759273200}},"rainRate":{"average":{"overall":0.0},"max":{"value":0.0,"when":1759273200},"min":{"value":0.0,"when":1759273200}},"rain_total":{"average":{"overall":0.0},"max":{"value":0.0,"when":1759273200},"min":{"value":0.0,"when":1759273200}},"vpd":{"average":{"overall":0.2},"max":{"value":0.71,"when":1759320000},"min":{"value":0.07,"when":1759302000}},"windrun":{"average":{"overall":0.8},"max":{"value":1.54,"when":1759287600},"min":{"value":0.35,"when":1759316400}}}}