{"charts":{"ET":[[0.02,0.39,2.55],[0.08,0.46,2.62]],"api_cold":[[0.0,0.1,1.0],[0.0,0.0,0.0]],"api_dew":[[0.0,0.1,0.6],[0.0,0.2,0.6]],"api_foggy":[[0.0,0.0,0.6],[0.0,0.1,0.6]],"api_frost_grass":[[0.0,0.1,0.6],[0.0,0.0,0.3]],"api_frost_ground":[[0.0,0.1,0.6],[0.0,0.0,0.0]],"api_hot":[[0.0,0.0,0.0],[0.0,0.0,0.0]],"api_rainy":[[0.0,0.2,0.9],[0.0,0.3,0.9]],"api_snowy":[[0.0,0.0,0.6],[0.0,0.0,0.0]],"api_stormy":[[0.0,0.0,0.1],[0.0,0.0,0.0]],"api_thundery":[[0.0,0.0,0.0],[0.0,0.0,0.0]],"aq_uv_index_clear_sky":[[0,0,1],[0,0,1]],"cloudbase":[[392,863,2278],[475,786,2156]],"dateTime":[1767225600,1769904000],"dewpoint":[[-11.6,3.4,10.3],[2.9,5.3,9.1]],"ecowitt_gateway_inTemp":[[14.5,20.0,24.6],[18.3,20.8,23.3]],"ecowitt_gateway_pressure":[[978,1006,1027],[983,995,1005]],"ecowitt_wh31_hall_inTemp":[[4.9,12.9,16.7],[12.4,13.8,15.9]],"ecowitt_wh31_patio_outTemp":[[-6.5,5.4,11.7],[4.9,7.0,11.3]],"ecowitt_wh51_patio_outGroundHumidity":[[12.0,42.4,64.3],[51.0,55.8,59.8]],"ecowitt_wittboy_outTemp":[[-9.6,4.7,11.8],[3.6,6.3,11.8]],"ecowitt_wittboy_rain_day":[[0.0,2.210668,22.100007],[0.0,1.845914,10.400005]],"ecowitt_wittboy_rain_event":[[0.0,10.635727,54.499993],[0.0,5.750542,17.099991]],"ecowitt_wittboy_rain_rate":[[0.0,0.243285,26.999997],[0.0,0.217353,5.999988]],"ecowitt_wittboy_uvi":[[0.0,0.0,1.0],[0.0,0.0,1.0]],"ecowitt_wittboy_windDir":[[1,204,359],[10,198,333]],"ecowitt_wittboy_windGust":[[4.5,10.7,36.2],[5.5,13.8,34.7]],"ecowitt_wittboy_windSpeed":[[2.5,8.4,29.7],[3.0,11.2,30.2]],"ecowitt_wn34_shed_groundTemperature":[[0.0,5.5,9.2],[6.3,7.4,8.6]],"feelslike":[[-14.0,1.1,10.2],[-1.2,2.8,8.2]],"inHumidity":[[48.2,57.5,64.7],[56.6,59.4,63.1]],"inTemp":[[4.9,17.7,24.6],[16.1,19.9,23.3]],"lightning_strike_count":[[0,0,1],[0,0,1]],"luminosity":[[0,1697,21167],[0,2212,18557]],"netatmo_Chitterne_co2":[[385,1229,2404],[346,1094,2200]],"netatmo_Chitterne_inTemp":[[12.5,17.2,20.5],[16.8,18.4,19.7]],"netatmo_Chitterne_noise":[[31,34,73],[31,33,64]],"netatmo_Chitterne_outTemp":[[-6.7,5.3,11.6],[4.9,6.9,11.2]],"netatmo_Chitterne_pressure":[[960,988,1007],[965,977,987]],"outHumidity":[[71,92,99],[74,93,97]],"outTemp":[[-9.6,4.6,11.7],[3.6,6.3,11.4]],"pressure":[[969,997,1026],[975,987,1002]],"rain":[[0.0,0.430688,67.999966],[0.0,0.58055,29.000018]],"rainRate":[[0.0,5.237234,511.999687],[0.0,7.065786,211.999881]],"rain_total":[[0.0,2.149918,28.099995],[0.0,2.397934,12.100001]],"vpd":[[0.0,0.07,0.24],[0.03,0.07,0.34]],"windrun":[[0.29,0.79,4.39],[0.32,0.94,2.52]]},"on_this_day":{"ET":{"average":{"overall":0.42},"max":{"value":2.62,"when":1770210000},"min":{"value":0.02,"when":1769497200}},"api_cold":{"average":{"overall":0.1},"max":{"value":1.0,"when":1767650400},"min":{"value":0.0,"when":1767261600}},"api_dew":{"average":{"overall":0.1},"max":{"value":0.6,"when":1769842800},"min":{"value":0.0,"when":1767225600}},"api_foggy":{"average":{"overall":0.1},"max":{"value":0.6,"when":1768366800},"min":{"value":0.0,"when":1767236400}},"api_frost_grass":{"average":{"overall":0.1},"max":{"value":0.6,"when":1767236400},"min":{"value":0.0,"when":1767265200}},"api_frost_ground":{"average":{"overall":0.0},"max":{"value":0.6,"when":1767236400},"min":{"value":0.0,"when":1767261600}},"api_hot":{"average":{"overall":0.0},"max":{"value":0.0,"when":1767225600},"min":{"value":0.0,"when":1767225600}},"api_rainy":{"average":{"overall":0.3},"max":{"value":0.9,"when":1767877200},"min":{"value":0.0,"when":1767225600}},"api_snowy":{"average":{"overall":0.0},"max":{"value":0.6,"when":1767920400},"min":{"value":0.0,"when":1767225600}},"api_stormy":{"average":{"overall":0.0},"max":{"value":0.1,"when":1768982400},"min":{"value":0.0,"when":1767225600}},"api_thundery":{"average":{"overall":0.0},"max":{"value":0.0,"when":1767225600},"min":{"value":0.0,"when":1767225600}},"aq_uv_index_clear_sky":{"average":{"overall":0},"max":{"value":1,"when":1770033600},"min":{"value":0,"when":1767225600}},"cloudbase":{"average":{"overall":825},"max":{"value":2278,"when":1767362400},"min":{"value":392,"when":1769497200}},"dewpoint":{"average":{"overall":4.4},"max":{"value":10.3,"when":1768312800},"min":{"value":-11.6,"when":1767668400}},"ecowitt_gateway_inTemp":{"average":{"overall":20.4},"max":{"value":24.6,"when":1769767200},"min":{"value":14.5,"when":1767657600}},"ecowitt_gateway_pressure":{"average":{"overall":1001},"max":{"value":1027,"when":1768078800},"min":{"value":978,"when":1767906000}},"ecowitt_wh31_hall_inTemp":{"average":{"overall":13.3},"max":{"value":16.7,"when":1768910400},"min":{"value":4.9,"when":1767668400}},"ecowitt_wh31_patio_outTemp":{"average":{"overall":6.2},"max":{"value":11.7,"when":1768222800},"min":{"value":-6.5,"when":1767675600}},"ecowitt_wh51_patio_outGroundHumidity":{"average":{"overall":49.1},"max":{"value":64.3,"when":1769508000},"min":{"value":12.0,"when":1767517200}},"ecowitt_wittboy_outTemp":{"average":{"overall":5.5},"max":{"value":11.8,"when":1768222800},"min":{"value":-9.6,"when":1767668400}},"ecowitt_wittboy_rain_day":{"average":{"overall":2.028291},"max":{"value":22.100007,"when":1769544000},"min":{"value":0.0,"when":1767225600}},"ecowitt_wittboy_rain_event":{"average":{"overall":8.193134},"max":{"value":54.499993,"when":1769356800},"min":{"value":0.0,"when":1767225600}},"ecowitt_wittboy_rain_rate":{"average":{"overall":0.230319},"max":{"value":26.999997,"when":1769508000},"min":{"value":0.0,"when":1767225600}},"ecowitt_wittboy_uvi":{"average":{"overall":0.0},"max":{"value":1.0,"when":1767268800},"min":{"value":0.0,"when":1767225600}},"ecowitt_wittboy_windDir":{"average":{"overall":201},"max":{"value":359,"when":1768899600},"min":{"value":1,"when":1768240800}},"ecowitt_wittboy_windGust":{"average":{"overall":12.2},"max":{"value":36.2,"when":1769806800},"min":{"value":4.5,"when":1767474000}},"ecowitt_wittboy_windSpeed":{"average":{"overall":9.8},"max":{"value":30.2,"when":1770044400},"min":{"value":2.5,"when":1767247200}},"ecowitt_wn34_shed_groundTemperature":{"average":{"overall":6.5},"max":{"value":9.2,"when":1769104800},"min":{"value":0.0,"when":1767661200}},"feelslike":{"average":{"overall":2.0},"max":{"value":10.2,"when":1768226400},"min":{"value":-14.0,"when":1767668400}},"inHumidity":{"average":{"overall":58.4},"max":{"value":64.7,"when":1769302800},"min":{"value":48.2,"when":1767693600}},"inTemp":{"average":{"overall":18.8},"max":{"value":24.6,"when":1769767200},"min":{"value":4.9,"when":1767668400}},"lightning_strike_count":{"average":{"overall":0},"max":{"value":1,"when":1767351600},"min":{"value":0,"when":1767225600}},"luminosity":{"average":{"overall":1955},"max":{"value":21167,"when":1769342400},"min":{"value":0,"when":1767225600}},"netatmo_Chitterne_co2":{"average":{"overall":1162},"max":{"value":2404,"when":1768780800},"min":{"value":346,"when":1770210000}},"netatmo_Chitterne_inTemp":{"average":{"overall":17.8},"max":{"value":20.5,"when":1768305600},"min":{"value":12.5,"when":1767682800}},"netatmo_Chitterne_noise":{"average":{"overall":34},"max":{"value":73,"when":1768068000},"min":{"value":31,"when":1767243600}},"netatmo_Chitterne_outTemp":{"average":{"overall":6.1},"max":{"value":11.6,"when":1768222800},"min":{"value":-6.7,"when":1767675600}},"netatmo_Chitterne_pressure":{"average":{"overall":983},"max":{"value":1007,"when":1768075200},"min":{"value":960,"when":1767906000}},"outHumidity":{"average":{"overall":92},"max":{"value":99,"when":1769497200},"min":{"value":71,"when":1767362400}},"outTemp":{"average":{"overall":5.4},"max":{"value":11.7,"when":1768222800},"min":{"value":-9.6,"when":1767668400}},"pressure":{"average":{"overall":992},"max":{"value":1026,"when":1768096800},"min":{"value":969,"when":1767906000}},"rain":{"average":{"overall":0.505619},"max":{"value":67.999966,"when":1769508000},"min":{"value":0.0,"when":1767225600}},"rainRate":{"average":{"overall":6.15151},"max":{"value":511.999687,"when":1769508000},"min":{"value":0.0,"when":1767225600}},"rain_total":{"average":{"overall":2.273926},"max":{"value":28.099995,"when":1769544000},"min":{"value":0.0,