{"charts":{"ET":[[0.36,0.4,0.45],[0.35,0.4,0.45],[0.29,0.36,0.4]],"api_cold":[[0.0,0.0,0.0],[0.0,0.0,0.0],[0.0,0.0,0.0]],"api_dew":[[0.0,0.0,0.0],[0.0,0.0,0.0],[0.0,0.0,0.0]],"api_foggy":[[0.0,0.0,0.0],[0.0,0.0,0.0],[0.0,0.0,0.0]],"api_frost_grass":[[0.0,0.0,0.0],[0.0,0.0,0.0],[0.0,0.0,0.0]],"api_frost_ground":[[0.0,0.0,0.0],[0.0,0.0,0.0],[0.0,0.0,0.0]],"api_hot":[[0.0,0.0,0.0],[0.0,0.0,0.0],[0.0,0.0,0.0]],"api_rainy":[[0.0,0.0,0.3],[0.0,0.0,0.0],[0.0,0.0,0.0]],"api_snowy":[[0.0,0.0,0.0],[0.0,0.0,0.0],[0.0,0.0,0.0]],"api_stormy":[[0.0,0.0,0.0],[0.0,0.0,0.0],[0.0,0.0,0.0]],"api_thundery":[[0.0,0.0,0.0],[0.0,0.0,0.0],[0.0,0.0,0.0]],"aq_uv_index_clear_sky":[[0,0,0],[0,0,0],[0,0,0]],"cloudbase":[[976,1049,1117],[1030,1121,1172],[1003,1076,1146]],"dateTime":[1778972400,1778976000,1778979600],"dewpoint":[[7.4,8.0,8.4],[5.7,6.4,7.4],[5.6,5.7,5.8]],"ecowitt_gateway_inTemp":[[17.5,17.7,17.9],[17.0,17.2,17.5],[16.9,16.9,17.0]],"ecowitt_gateway_pressure":[[1013,1013,1013],[1013,1013,1013],[1013,1013,1013]],"ecowitt_wh31_hall_inTemp":[[14.3,14.3,14.3],[14.2,14.3,14.3],[14.2,14.2,14.2]],"ecowitt_wh31_patio_outTemp":[[10.7,11.1,11.3],[9.4,10.0,10.6],[9.2,9.3,9.4]],"ecowitt_wh51_patio_outGroundHumidity":[[14.0,14.0,14.0],[14.0,14.0,14.0],[14.0,14.0,14.0]],"ecowitt_wittboy_outTemp":[[9.0,9.5,9.8],[7.3,8.0,8.9],[7.2,7.3,7.3]],"ecowitt_wittboy_rain_day":[[0.0,0.158333,1.899996],[0.0,0.0,0.0],[0.0,0.0,0.0]],"ecowitt_wittboy_rain_event":[[3.999992,3.999992,3.999992],[3.999992,3.999992,3.999992],[3.999992,3.999992,3.999992]],"ecowitt_wittboy_rain_rate":[[0.0,0.0,0.0],[0.0,0.0,0.0],[0.0,0.0,0.0]],"ecowitt_wittboy_uvi":[[0.0,0.0,0.0],[0.0,0.0,0.0],[0.0,0.0,0.0]],"ecowitt_wittboy_windDir":[[182,202,215],[193,207,238],[204,214,227]],"ecowitt_wittboy_windGust":[[9.4,10.8,12.4],[8.7,9.9,12.4],[10.2,10.2,10.2]],"ecowitt_wittboy_windSpeed":[[8.0,9.8,12.4],[8.0,8.8,10.9],[5.8,8.2,9.4]],"ecowitt_wn34_shed_groundTemperature":[[12.5,12.7,12.8],[12.2,12.5,12.8],[12.0,12.2,12.3]],"feelslike":[[6.3,7.2,7.7],[4.4,5.5,6.5],[3.6,4.6,5.6]],"inHumidity":[[59.0,59.0,59.0],[58.7,58.9,59.0],[59.0,59.0,59.0]],"inTemp":[[16.6,16.7,16.8],[16.4,16.5,16.6],[16.4,16.4,16.4]],"lightning_strike_count":[[0,0,0],[0,0,0],[0,0,0]],"luminosity":[[0,0,0],[0,0,0],[0,0,0]],"netatmo_Chitterne_co2":[[2061,2084,2105],[2059,2076,2089],[2042,2070,2089]],"netatmo_Chitterne_inTemp":[[18.1,18.1,18.1],[18.1,18.1,18.1],[18.0,18.1,18.1]],"netatmo_Chitterne_noise":[[32,33,40],[32,33,37],[32,32,32]],"netatmo_Chitterne_outTemp":[[10.8,11.1,11.3],[9.5,10.1,10.7],[9.2,9.3,9.4]],"netatmo_Chitterne_pressure":[[995,995,995],[995,995,995],[995,995,995]],"outHumidity":[[89,90,90],[88,88,89],[89,89,89]],"outTemp":[[9.0,9.5,9.8],[7.3,8.0,8.9],[7.2,7.3,7.3]],"pressure":[[1002,1002,1002],[1002,1002,1002],[1002,1002,1002]],"rain":[[0.0,0.0,0.0],[0.0,0.0,0.0],[0.0,0.0,0.0]],"rainRate":[[0.0,0.0,0.0],[0.0,0.0,0.0],[0.0,0.0,0.0]],"rain_total":[[0.0,0.2,2.399995],[0.0,0.0,0.0],[0.0,0.0,0.0]],"vpd":[[0.1,0.13,0.14],[0.1,0.13,0.14],[0.1,0.1,0.1]],"windrun":[[0.67,0.82,1.03],[0.67,0.73,0.91],[0.49,0.69,0.79]]},"on_this_day":{"ET":{"average":{"overall":0.39},"max":{"value":0.45,"when":1778972400},"min":{"value":0.29,"when":1778979600}},"api_cold":{"average":{"overall":0.0},"max":{"value":0.0,"when":1778972400},"min":{"value":0.0,"when":1778972400}},"api_dew":{"average":{"overall":0.0},"max":{"value":0.0,"when":1778972400},"min":{"value":0.0,"when":1778972400}},"api_foggy":{"average":{"overall":0.0},"max":{"value":0.0,"when":1778972400},"min":{"value":0.0,"when":1778972400}},"api_frost_grass":{"average":{"overall":0.0},"max":{"value":0.0,"when":1778972400},"min":{"value":0.0,"when":1778972400}},"api_frost_ground":{"average":{"overall":0.0},"max":{"value":0.0,"when":1778972400},"min":{"value":0.0,"when":1778972400}},"api_hot":{"average":{"overall":0.0},"max":{"value":0.0,"when":1778972400},"min":{"value":0.0,"when":1778972400}},"api_rainy":{"average":{"overall":0.0},"max":{"value":0.3,"when":1778972400},"min":{"value":0.0,"when":1778972400}},"api_snowy":{"average":{"overall":0.0},"max":{"value":0.0,"when":1778972400},"min":{"value":0.0,"when":1778972400}},"api_stormy":{"average":{"overall":0.0},"max":{"value":0.0,"when":1778972400},"min":{"value":0.0,"when":1778972400}},"api_thundery":{"average":{"overall":0.0},"max":{"value":0.0,"when":1778972400},"min":{"value":0.0,"when":1778972400}},"aq_uv_index_clear_sky":{"average":{"overall":0},"max":{"value":0,"when":1778972400},"min":{"value":0,"when":1778972400}},"cloudbase":{"average":{"overall":1082},"max":{"value":1172,"when":1778976000},"min":{"value":976,"when":1778972400}},"dewpoint":{"average":{"overall":6.7},"max":{"value":8.4,"when":1778972400},"min":{"value":5.6,"when":1778979600}},"ecowitt_gateway_inTemp":{"average":{"overall":17.3},"max":{"value":17.9,"when":1778972400},"min":{"value":16.9,"when":1778979600}},"ecowitt_gateway_pressure":{"average":{"overall":1013},"max":{"value":1013,"when":1778972400},"min":{"value":1013,"when":1778972400}},"ecowitt_wh31_hall_inTemp":{"average":{"overall":14.3},"max":{"value":14.3,"when":1778972400},"min":{"value":14.2,"when":1778979600}},"ecowitt_wh31_patio_outTemp":{"average":{"overall":10.1},"max":{"value":11.3,"when":1778972400},"min":{"value":9.2,"when":1778979600}},"ecowitt_wh51_patio_outGroundHumidity":{"average":{"overall":14.0},"max":{"value":14.0,"when":1778972400},"min":{"value":14.0,"when":1778972400}},"ecowitt_wittboy_outTemp":{"average":{"overall":8.3},"max":{"value":9.8,"when":1778972400},"min":{"value":7.2,"when":1778979600}},"ecowitt_wittboy_rain_day":{"average":{"overall":0.052778},"max":{"value":1.899996,"when":1778972400},"min":{"value":0.0,"when":1778972400}},"ecowitt_wittboy_rain_event":{"average":{"overall":3.999992},"max":{"value":3.999992,"when":1778972400},"min":{"value":3.999992,"when":1778972400}},"ecowitt_wittboy_rain_rate":{"average":{"overall":0.0},"max":{"value":0.0,"when":1778972400},"min":{"value":0.0,"when":1778972400}},"ecowitt_wittboy_uvi":{"average":{"overall":0.0},"max":{"value":0.0,"when":1778972400},"min":{"value":0.0,"when":1778972400}},"ecowitt_wittboy_windDir":{"average":{"overall":208},"max":{"value":238,"when":1778976000},"min":{"value":182,"when":1778972400}},"ecowitt_wittboy_windGust":{"average":{"overall":10.3},"max":{"value":12.4,"when":1778972400},"min":{"value":8.7,"when":1778976000}},"ecowitt_wittboy_windSpeed":{"average":{"overall":8.9},"max":{"value":12.4,"when":1778972400},"min":{"value":5.8,"when":1778979600}},"ecowitt_wn34_shed_groundTemperature":{"average":{"overall":12.4},"max":{"value":12.8,"when":1778972400},"min":{"value":12.0,"when":1778979600}},"feelslike":{"average":{"overall":5.7},"max":{"value":7.7,"when":1778972400},"min":{"value":3.6,"when":1778979600}},"inHumidity":{"average":{"overall":59.0},"max":{"value":59.0,"when":1778972400},"min":{"value":58.7,"when":1778976000}},"inTemp":{"average":{"overall":16.6},"max":{"value":16.8,"when":1778972400},"min":{"value":16.4,"when":1778979600}},"lightning_strike_count":{"average":{"overall":0},"max":{"value":0,"when":1778972400},"min":{"value":0,"when":1778972400}},"luminosity":{"average":{"overall":0},"max":{"value":0,"when":1778972400},"min":{"value":0,"when":1778972400}},"netatmo_Chitterne_co2":{"average":{"overall":2077},"max":{"value":2105,"when":1778972400},"min":{"value":2042,"when":1778979600}},"netatmo_Chitterne_inTemp":{"average":{"overall":18.1},"max":{"value":18.1,"when":1778972400},"min":{"value":18.0,"when":1778979600}},"netatmo_Chitterne_noise":{"average":{"overall":32},"max":{"value":40,"when":1778972400},"min":{"value":32,"when":1778972400}},"netatmo_Chitterne_outTemp":{"average":{"overall":10.1},"max":{"value":11.3,"when":1778972400},"min":{"value":9.2,"when":1778979600}},"netatmo_Chitterne_pressure":{"average":{"overall":995},"max":{"value":995,"when":1778972400},"min":{"value":995,"when":1778972400}},"outHumidity":{"average":{"overall":89},"max":{"value":90,"when":1778972400},"min":{"value":88,"when":1778976000}},