{"charts":{"ET":[[0.23,0.81,2.62],[0.28,0.29,0.29]],"api_cold":[[0.0,0.0,0.0],[0.0,0.0,0.0]],"api_dew":[[0.0,0.0,0.0],[0.0,0.0,0.0]],"api_foggy":[[0.0,0.0,0.1],[0.0,0.0,0.0]],"api_frost_grass":[[0.0,0.0,0.0],[0.0,0.0,0.0]],"api_frost_ground":[[0.0,0.0,0.0],[0.0,0.0,0.0]],"api_hot":[[0.0,0.0,0.0],[0.0,0.0,0.0]],"api_rainy":[[0.0,0.2,0.7],[0.0,0.0,0.0]],"api_snowy":[[0.0,0.0,0.0],[0.0,0.0,0.0]],"api_stormy":[[0.0,0.0,0.1],[0.0,0.0,0.0]],"api_thundery":[[0.0,0.0,0.1],[0.0,0.0,0.0]],"aq_uv_index_clear_sky":[[0,0,1],[0,0,0]],"cloudbase":[[864,1259,2117],[948,976,991]],"dateTime":[1761955200,1762041600],"dewpoint":[[2.8,8.1,12.2],[3.0,3.1,3.3]],"ecowitt_gateway_inTemp":[[19.2,20.9,24.5],[19.2,19.2,19.2]],"ecowitt_gateway_pressure":[[1000,1006,1011],[1010,1010,1010]],"ecowitt_wh31_hall_inTemp":[[15.0,17.5,18.3],[15.0,15.0,15.0]],"ecowitt_wh31_patio_outTemp":[[7.0,11.2,13.8],[7.0,7.0,7.0]],"ecowitt_wh51_patio_outGroundHumidity":[[41.0,43.4,45.0],[44.0,44.0,44.0]],"ecowitt_wittboy_outTemp":[[4.0,10.2,14.5],[4.2,4.3,4.3]],"ecowitt_wittboy_rain_day":[[0.0,1.731941,4.299991],[0.0,0.0,0.0]],"ecowitt_wittboy_rain_event":[[10.400005,12.131946,14.699996],[14.699996,14.699996,14.699996]],"ecowitt_wittboy_rain_rate":[[0.0,0.254166,9.600006],[0.0,0.0,0.0]],"ecowitt_wittboy_uvi":[[0.0,0.0,1.0],[0.0,0.0,0.0]],"ecowitt_wittboy_windDir":[[1,186,354],[171,176,181]],"ecowitt_wittboy_windGust":[[9.2,15.5,37.8],[9.2,10.3,10.9]],"ecowitt_wittboy_windSpeed":[[4.2,11.1,33.5],[8.4,9.2,10.1]],"ecowitt_wn34_shed_groundTemperature":[[9.8,12.2,13.7],[9.8,9.9,9.9]],"feelslike":[[0.7,7.8,12.1],[1.0,1.2,1.6]],"inHumidity":[[62.3,64.3,66.3],[62.7,62.7,62.7]],"inTemp":[[17.5,20.8,24.4],[17.4,17.5,17.5]],"lightning_strike_count":[[0,0,0],[0,0,0]],"luminosity":[[0,2460,15252],[0,0,0]],"netatmo_Chitterne_co2":[[495,747,1063],[1069,1095,1119]],"netatmo_Chitterne_inTemp":[[18.2,18.7,19.6],[18.2,18.2,18.2]],"netatmo_Chitterne_noise":[[32,34,65],[38,44,50]],"netatmo_Chitterne_outTemp":[[6.7,11.0,13.9],[6.7,6.7,6.7]],"netatmo_Chitterne_pressure":[[983,988,993],[992,992,993]],"outHumidity":[[75,86,92],[90,90,91]],"outTemp":[[4.0,10.3,13.9],[4.2,4.3,4.3]],"pressure":[[992,997,1002],[1002,1002,1002]],"rain":[[0.0,0.340277,11.999976],[0.0,0.0,0.0]],"rainRate":[[0.0,4.124992,107.999784],[0.0,0.0,0.0]],"rain_total":[[0.0,0.821495,6.500012],[0.0,0.766665,2.299995]],"vpd":[[0.07,0.18,0.41],[0.07,0.07,0.07]],"windrun":[[0.35,0.93,2.8],[0.7,0.77,0.84]]},"on_this_day":{"ET":{"average":{"overall":0.55},"max":{"value":2.62,"when":1762005600},"min":{"value":0.23,"when":1762020000}},"api_cold":{"average":{"overall":0.0},"max":{"value":0.0,"when":1761955200},"min":{"value":0.0,"when":1761955200}},"api_dew":{"average":{"overall":0.0},"max":{"value":0.0,"when":1761955200},"min":{"value":0.0,"when":1761955200}},"api_foggy":{"average":{"overall":0.0},"max":{"value":0.1,"when":1762030800},"min":{"value":0.0,"when":1761955200}},"api_frost_grass":{"average":{"overall":0.0},"max":{"value":0.0,"when":1761955200},"min":{"value":0.0,"when":1761955200}},"api_frost_ground":{"average":{"overall":0.0},"max":{"value":0.0,"when":1761955200},"min":{"value":0.0,"when":1761955200}},"api_hot":{"average":{"overall":0.0},"max":{"value":0.0,"when":1761955200},"min":{"value":0.0,"when":1761955200}},"api_rainy":{"average":{"overall":0.1},"max":{"value":0.7,"when":1761955200},"min":{"value":0.0,"when":1761980400}},"api_snowy":{"average":{"overall":0.0},"max":{"value":0.0,"when":1761955200},"min":{"value":0.0,"when":1761955200}},"api_stormy":{"average":{"overall":0.0},"max":{"value":0.1,"when":1761955200},"min":{"value":0.0,"when":1761969600}},"api_thundery":{"average":{"overall":0.0},"max":{"value":0.1,"when":1762005600},"min":{"value":0.0,"when":1761955200}},"aq_uv_index_clear_sky":{"average":{"overall":0},"max":{"value":1,"when":1761994800},"min":{"value":0,"when":1761955200}},"cloudbase":{"average":{"overall":1117},"max":{"value":2117,"when":1761998400},"min":{"value":864,"when":1762020000}},"dewpoint":{"average":{"overall":5.6},"max":{"value":12.2,"when":1761955200},"min":{"value":2.8,"when":1762038000}},"ecowitt_gateway_inTemp":{"average":{"overall":20.1},"max":{"value":24.5,"when":1761987600},"min":{"value":19.2,"when":1762041600}},"ecowitt_gateway_pressure":{"average":{"overall":1008},"max":{"value":1011,"when":1762030800},"min":{"value":1000,"when":1761955200}},"ecowitt_wh31_hall_inTemp":{"average":{"overall":16.2},"max":{"value":18.3,"when":1761994800},"min":{"value":15.0,"when":1762041600}},"ecowitt_wh31_patio_outTemp":{"average":{"overall":9.1},"max":{"value":13.8,"when":1761955200},"min":{"value":7.0,"when":1762038000}},"ecowitt_wh51_patio_outGroundHumidity":{"average":{"overall":43.7},"max":{"value":45.0,"when":1761955200},"min":{"value":41.0,"when":1762005600}},"ecowitt_wittboy_outTemp":{"average":{"overall":7.2},"max":{"value":14.5,"when":1761998400},"min":{"value":4.0,"when":1762038000}},"ecowitt_wittboy_rain_day":{"average":{"overall":0.86597},"max":{"value":4.299991,"when":1762020000},"min":{"value":0.0,"when":1761955200}},"ecowitt_wittboy_rain_event":{"average":{"overall":13.415971},"max":{"value":14.699996,"when":1762020000},"min":{"value":10.400005,"when":1761955200}},"ecowitt_wittboy_rain_rate":{"average":{"overall":0.127083},"max":{"value":9.600006,"when":1762009200},"min":{"value":0.0,"when":1761955200}},"ecowitt_wittboy_uvi":{"average":{"overall":0.0},"max":{"value":1.0,"when":1761994800},"min":{"value":0.0,"when":1761955200}},"ecowitt_wittboy_windDir":{"average":{"overall":181},"max":{"value":354,"when":1761966000},"min":{"value":1,"when":1761955200}},"ecowitt_wittboy_windGust":{"average":{"overall":12.9},"max":{"value":37.8,"when":1761955200},"min":{"value":9.2,"when":1761973200}},"ecowitt_wittboy_windSpeed":{"average":{"overall":10.2},"max":{"value":33.5,"when":1761991200},"min":{"value":4.2,"when":1761998400}},"ecowitt_wn34_shed_groundTemperature":{"average":{"overall":11.1},"max":{"value":13.7,"when":1761955200},"min":{"value":9.8,"when":1762041600}},"feelslike":{"average":{"overall":4.5},"max":{"value":12.1,"when":1761955200},"min":{"value":0.7,"when":1762038000}},"inHumidity":{"average":{"overall":63.5},"max":{"value":66.3,"when":1761962400},"min":{"value":62.3,"when":1761987600}},"inTemp":{"average":{"overall":19.1},"max":{"value":24.4,"when":1761987600},"min":{"value":17.4,"when":1762041600}},"lightning_strike_count":{"average":{"overall":0},"max":{"value":0,"when":1761955200},"min":{"value":0,"when":1761955200}},"luminosity":{"average":{"overall":1230},"max":{"value":15252,"when":1762005600},"min":{"value":0,"when":1761955200}},"netatmo_Chitterne_co2":{"average":{"overall":921},"max":{"value":1119,"when":1762041600},"min":{"value":495,"when":1762016400}},"netatmo_Chitterne_inTemp":{"average":{"overall":18.5},"max":{"value":19.6,"when":1762023600},"min":{"value":18.2,"when":1762038000}},"netatmo_Chitterne_noise":{"average":{"overall":39},"max":{"value":65,"when":1762016400},"min":{"value":32,"when":1761958800}},"netatmo_Chitterne_outTemp":{"average":{"overall":8.9},"max":{"value":13.9,"when":1761955200},"min":{"value":6.7,"when":1762038000}},"netatmo_Chitterne_pressure":{"average":{"overall":990},"max":{"value":993,"when":1762030800},"min":{"value":983,"when":1761955200}},"outHumidity":{"average":{"overall":88},"max":{"value":92,"when":1762020000},"min":{"value":75,"when":1761998400}},"outTemp":{"average":{"overall":7.3},"max":{"value":13.9,"when":1761998400},"min":{"value":4.0,"when":1762038000}},"pressure":{"average":{"overall":1000},"max":{"value":1002,"when":1762020000},"min":{"value":992,"when":1761955200}},"rain":{"average":{"overall":0.170139},"max":{"value":11.999976,"when":1762016400},"min":{"value":0.0,"when":1761955200}},"rainRate":{"average":{"overall":2.062496},"max":{"value":107.999784,"when":1762016400},"min":{"value":0.0,"when":1761955200}},"rain_total":{"average":{"overall":0.79408},"max":{"value":6.500012,"when":1761955200},"min":{"value":0.0,"when":1761955200}},