{"charts":{"ET":[[0.11,0.3,1.38],[0.13,0.44,1.83],[0.09,0.3,1.1],[0.04,0.4,2.34]],"api_cold":[[0.0,0.0,0.0],[0.0,0.0,0.0],[0.0,0.0,0.0],[0.0,0.0,0.1]],"api_dew":[[0.0,0.0,0.0],[0.0,0.1,0.4],[0.0,0.1,0.4],[0.0,0.1,0.4]],"api_foggy":[[0.0,0.0,0.1],[0.0,0.0,0.1],[0.0,0.1,0.1],[0.0,0.0,0.1]],"api_frost_grass":[[0.0,0.0,0.0],[0.0,0.1,0.3],[0.0,0.2,0.6],[0.0,0.1,0.5]],"api_frost_ground":[[0.0,0.0,0.0],[0.0,0.0,0.0],[0.0,0.0,0.1],[0.0,0.0,0.3]],"api_hot":[[0.0,0.0,0.0],[0.0,0.0,0.0],[0.0,0.0,0.0],[0.0,0.0,0.0]],"api_rainy":[[0.4,0.8,0.9],[0.0,0.1,0.6],[0.0,0.0,0.3],[0.0,0.3,0.9]],"api_snowy":[[0.0,0.0,0.0],[0.0,0.0,0.0],[0.0,0.0,0.0],[0.0,0.0,0.0]],"api_stormy":[[0.0,0.1,0.3],[0.0,0.0,0.0],[0.0,0.0,0.0],[0.0,0.0,0.0]],"api_thundery":[[0.0,0.0,0.0],[0.0,0.0,0.0],[0.0,0.0,0.0],[0.0,0.0,0.0]],"aq_uv_index_clear_sky":[[0,0,1],[0,0,1],[0,0,1],[0,0,1]],"cloudbase":[[517,626,810],[606,911,1366],[511,792,992],[462,796,1107]],"dateTime":[1764547200,1764633600,1764720000,1764806400],"dewpoint":[[6.1,9.6,11.7],[-1.7,4.2,8.2],[-4.5,1.2,6.5],[-4.7,3.5,7.3]],"ecowitt_gateway_inTemp":[[17.5,19.4,20.5],[17.4,19.4,20.5],[16.6,17.5,18.3],[15.8,18.1,19.7]],"ecowitt_gateway_pressure":[[998,1004,1015],[1002,1006,1010],[1006,1011,1013],[999,1003,1009]],"ecowitt_wh31_hall_inTemp":[[13.8,16.0,17.1],[12.9,14.7,15.5],[11.4,12.4,13.2],[10.2,13.1,14.2]],"ecowitt_wh31_patio_outTemp":[[7.6,10.4,12.3],[2.9,7.0,10.2],[-0.6,3.7,7.9],[-0.3,5.8,8.1]],"ecowitt_wh51_patio_outGroundHumidity":[[45.0,48.3,50.0],[48.0,48.9,51.0],[45.0,47.6,50.0],[46.0,48.6,51.0]],"ecowitt_wittboy_outTemp":[[7.5,10.5,12.6],[-0.6,5.5,11.2],[-3.4,2.4,9.2],[-3.6,4.4,8.1]],"ecowitt_wittboy_rain_day":[[0.0,8.749653,17.69999],[0.0,0.984373,17.69999],[0.0,0.166319,1.299997],[0.0,4.898618,6.600012]],"ecowitt_wittboy_rain_event":[[0.299999,9.048611,17.999989],[17.999989,18.922912,21.200008],[0.0,14.373269,21.200008],[1.299997,6.198616,7.90001]],"ecowitt_wittboy_rain_rate":[[0.0,0.881248,5.399989],[0.0,0.16875,7.80001],[0.0,0.064583,2.399995],[0.0,0.308333,8.400009]],"ecowitt_wittboy_uvi":[[0.0,0.0,0.0],[0.0,0.0,1.0],[0.0,0.0,1.0],[0.0,0.0,1.0]],"ecowitt_wittboy_windDir":[[2,200,359],[9,181,297],[133,184,243],[5,190,345]],"ecowitt_wittboy_windGust":[[9.2,22.1,53.7],[7.5,12.0,23.5],[8.4,12.4,19.3],[7.5,13.0,31.0]],"ecowitt_wittboy_windSpeed":[[5.0,15.3,43.6],[5.0,9.7,23.5],[5.0,10.1,16.8],[0.0,10.3,28.5]],"ecowitt_wn34_shed_groundTemperature":[[6.2,8.3,10.2],[7.2,8.5,9.9],[4.6,5.5,7.4],[5.3,6.3,7.1]],"feelslike":[[3.9,7.6,11.5],[-4.6,2.3,8.5],[-8.4,-1.6,5.5],[-8.1,1.3,5.9]],"inHumidity":[[59.3,60.2,61.0],[57.8,58.9,60.8],[54.4,56.1,58.0],[55.0,56.5,57.4]],"inTemp":[[16.1,18.3,20.5],[15.8,17.9,20.5],[14.9,15.4,15.8],[13.9,15.9,17.2]],"lightning_strike_count":[[0,0,0],[0,0,0],[0,0,0],[0,0,1]],"luminosity":[[0,1066,10253],[0,1672,13270],[0,1239,11820],[0,2019,18860]],"netatmo_Chitterne_co2":[[438,695,1112],[513,746,961],[471,676,915],[512,708,986]],"netatmo_Chitterne_inTemp":[[16.7,17.5,18.8],[17.0,17.8,19.2],[15.3,16.4,17.6],[15.6,16.7,18.2]],"netatmo_Chitterne_noise":[[32,34,50],[32,33,56],[32,33,53],[32,34,51]],"netatmo_Chitterne_outTemp":[[7.3,10.4,12.3],[2.7,6.7,10.1],[-0.9,3.4,7.7],[-0.5,5.6,8.1]],"netatmo_Chitterne_pressure":[[980,987,997],[984,988,992],[988,992,995],[981,985,990]],"outHumidity":[[93,96,97],[84,91,96],[90,93,97],[88,93,98]],"outTemp":[[7.3,10.3,12.3],[-0.6,5.3,10.5],[-3.4,2.1,7.7],[-3.6,4.4,8.1]],"pressure":[[989,995,1006],[992,997,1002],[996,1002,1002],[989,994,1002]],"rain":[[0.0,1.777774,18.999962],[0.0,0.197916,18.999962],[0.0,0.090278,3.999992],[0.0,0.399305,18.999962]],"rainRate":[[0.0,21.777734,127.999744],[0.0,2.361106,139.99972],[0.0,1.138887,31.999936],[0.0,4.694435,155.999688]],"rain_total":[[0.1,8.798318,16.199993],[0.0,0.536511,16.199993],[0.0,0.164772,1.699997],[0.0,3.045629,4.099992]],"vpd":[[0.03,0.06,0.1],[0.03,0.08,0.2],[0.03,0.05,0.1],[0.03,0.06,0.14]],"windrun":[[0.42,1.28,3.63],[0.42,0.81,1.96],[0.42,0.84,1.4],[0.19,0.86,2.38]]},"on_this_day":{"ET":{"average":{"overall":0.36},"max":{"value":2.34,"when":1764853200},"min":{"value":0.04,"when":1764810000}},"api_cold":{"average":{"overall":0.0},"max":{"value":0.1,"when":1764885600},"min":{"value":0.0,"when":1764547200}},"api_dew":{"average":{"overall":0.1},"max":{"value":0.4,"when":1764651600},"min":{"value":0.0,"when":1764547200}},"api_foggy":{"average":{"overall":0.0},"max":{"value":0.1,"when":1764547200},"min":{"value":0.0,"when":1764547200}},"api_frost_grass":{"average":{"overall":0.1},"max":{"value":0.6,"when":1764720000},"min":{"value":0.0,"when":1764547200}},"api_frost_ground":{"average":{"overall":0.0},"max":{"value":0.3,"when":1764878400},"min":{"value":0.0,"when":1764547200}},"api_hot":{"average":{"overall":0.0},"max":{"value":0.0,"when":1764547200},"min":{"value":0.0,"when":1764547200}},"api_rainy":{"average":{"overall":0.3},"max":{"value":0.9,"when":1764547200},"min":{"value":0.0,"when":1764640800}},"api_snowy":{"average":{"overall":0.0},"max":{"value":0.0,"when":1764547200},"min":{"value":0.0,"when":1764547200}},"api_stormy":{"average":{"overall":0.0},"max":{"value":0.3,"when":1764565200},"min":{"value":0.0,"when":1764547200}},"api_thundery":{"average":{"overall":0.0},"max":{"value":0.0,"when":1764547200},"min":{"value":0.0,"when":1764547200}},"aq_uv_index_clear_sky":{"average":{"overall":0},"max":{"value":1,"when":1764590400},"min":{"value":0,"when":1764547200}},"cloudbase":{"average":{"overall":781},"max":{"value":1366,"when":1764687600},"min":{"value":462,"when":1764810000}},"dewpoint":{"average":{"overall":4.6},"max":{"value":11.7,"when":1764594000},"min":{"value":-4.7,"when":1764889200}},"ecowitt_gateway_inTemp":{"average":{"overall":18.6},"max":{"value":20.5,"when":1764590400},"min":{"value":15.8,"when":1764889200}},"ecowitt_gateway_pressure":{"average":{"overall":1006},"max":{"value":1015,"when":1764547200},"min":{"value":998,"when":1764608400}},"ecowitt_wh31_hall_inTemp":{"average":{"overall":14.0},"max":{"value":17.1,"when":1764608400},"min":{"value":10.2,"when":1764889200}},"ecowitt_wh31_patio_outTemp":{"average":{"overall":6.7},"max":{"value":12.3,"when":1764590400},"min":{"value":-0.6,"when":1764745200}},"ecowitt_wh51_patio_outGroundHumidity":{"average":{"overall":48.3},"max":{"value":51.0,"when":1764691200},"min":{"value":45.0,"when":1764547200}},"ecowitt_wittboy_outTemp":{"average":{"overall":5.7},"max":{"value":12.6,"when":1764590400},"min":{"value":-3.6,"when":1764889200}},"ecowitt_wittboy_rain_day":{"average":{"overall":3.699741},"max":{"value":17.69999,"when":1764622800},"min":{"value":0.0,"when":1764547200}},"ecowitt_wittboy_rain_event":{"average":{"overall":12.135852},"max":{"value":21.200008,"when":1764709200},"min":{"value":0.0,"when":1764777600}},"ecowitt_wittboy_rain_rate":{"average":{"overall":0.355729},"max":{"value":8.400009,"when":1764831600},"min":{"value":0.0,"when":1764550800}},"ecowitt_wittboy_uvi":{"average":{"overall":0.0},"max":{"value":1.0,"when":1764673200},"min":{"value":0.0,"when":1764547200}},"ecowitt_wittboy_windDir":{"average":{"overall":189},"max":{"value":359,"when":1764561600},"min":{"value":2,"when":1764608400}},"ecowitt_wittboy_windGust":{"average":{"overall":14.9},"max":{"value":53.7,"when":1764576000},"min":{"value":7.5,"when":1764666000}},"ecowitt_wittboy_windSpeed":{"average":{"overall":11.4},"max":{"value":43.6,"when":1764597600},"min":{"value":0.0,"when":1764810000}},"ecowitt_wn34_shed_groundTemperature":{"average":{"overall":7.1},"max":{"value":10.2,"when":1764626400},"min":{"value":4.6,"when":1764763200}},"feelslike":{"average":{"overall":2.4},"max":{"value":11.5,"when":1764594000},"min":{"value":-8.4,"when":1764748800}},"inHumidity":{"average":{"overall":57.9},"max":{"value":61.0,"when":1764626400},"min":{"value":54.4,"when":1764763200}},"inTemp":{"average":{"overall":16.9},"max":{"value":20.5,"when":1764590400},"min":{"value":13.9,"when":1764889200}},"lightning_strike_count":{"average":{"overall":0},"max":{"value":1,"when":1764842400},"min":{"value":0,