{"charts":{"ET":[[0.28,0.7470454545454545,2.18]],"api_cold":[[0.0,0.0,0.0]],"api_dew":[[0.0,0.0,0.0]],"api_foggy":[[0.0,0.060454545454545455,0.14]],"api_frost_grass":[[0.0,0.0,0.0]],"api_frost_ground":[[0.0,0.0,0.0]],"api_hot":[[0.0,0.0,0.0]],"api_rainy":[[0.0,0.004242424242424243,0.14]],"api_snowy":[[0.0,0.0,0.0]],"api_stormy":[[0.0,0.0,0.0]],"api_thundery":[[0.0,0.0,0.0]],"aq_uv_index_clear_sky":[[0.0,0.14492424242424243,0.75]],"cloudbase":[[740.98,1211.1789393939396,1643.75]],"dateTime":[1759273200],"dewpoint":[[34.69,39.7230303030303,52.28]],"ecowitt_gateway_inTemp":[[67.64,68.70545454545453,71.0]],"ecowitt_gateway_pressure":[[30.45,30.465,30.48]],"ecowitt_wh31_hall_inTemp":[[58.28,59.1965909090909,60.98]],"ecowitt_wh31_patio_outTemp":[[43.88,46.98181818181818,54.92]],"ecowitt_wh51_patio_outGroundHumidity":[[16.0,16.0,16.0]],"ecowitt_wittboy_outTemp":[[38.3,43.00272727272728,55.52]],"ecowitt_wittboy_rain_day":[[0.0,0.00098425,0.003937]],"ecowitt_wittboy_rain_event":[[0.0,0.0007158181818181819,0.003937]],"ecowitt_wittboy_rain_rate":[[0.0,0.0005368636363636364,0.023622]],"ecowitt_wittboy_uvi":[[0.0,0.12878787878787878,1.0]],"ecowitt_wittboy_windDir":[[14.0,181.93181818181822,266.0]],"ecowitt_wittboy_windGust":[[6.71,12.666136363636365,19.29]],"ecowitt_wittboy_windSpeed":[[5.87,10.504545454545452,18.45]],"ecowitt_wn34_shed_groundTemperature":[[49.94,51.64431818181818,54.92]],"feelslike":[[29.66,37.41189393939394,50.66]],"inHumidity":[[57.0,57.57878787878788,58.3]],"inTemp":[[68.2,69.13712121212122,71.0]],"lightning_strike_count":[[0.0,0.0,0.0]],"luminosity":[[0.0,3115.7575757575755,16410.0]],"netatmo_Chitterne_co2":[[1339.14,1605.534393939394,1791.0]],"netatmo_Chitterne_inTemp":[[66.74,68.01825757575756,69.62]],"netatmo_Chitterne_noise":[[32.0,32.97727272727273,54.0]],"netatmo_Chitterne_outTemp":[[43.52,46.56310606060606,54.29]],"netatmo_Chitterne_pressure":[[29.93,29.937575757575758,29.96]],"outHumidity":[[81.4,87.04924242424242,94.0]],"outTemp":[[38.3,42.948484848484846,54.9]],"pressure":[[30.2,30.199999999999992,30.2]],"rain":[[0.0,0.0,0.0]],"rainRate":[[0.0,0.0,0.0]],"rain_total":[[0.0,0.0,0.0]],"vpd":[[0.02,0.0346969696969697,0.05]],"windrun":[[0.49,0.876590909090909,1.54]]},"on_this_day":{"ET":{"average":{"overall":0.75},"max":{"value":2.18,"when":1759309200},"min":{"value":0.28,"when":1759294800}},"api_cold":{"average":{"overall":0.0},"max":{"value":0.0,"when":1759273200},"min":{"value":0.0,"when":1759273200}},"api_dew":{"average":{"overall":0.0},"max":{"value":0.0,"when":1759273200},"min":{"value":0.0,"when":1759273200}},"api_foggy":{"average":{"overall":0.1},"max":{"value":0.1,"when":1759294800},"min":{"value":0.0,"when":1759273200}},"api_frost_grass":{"average":{"overall":0.0},"max":{"value":0.0,"when":1759273200},"min":{"value":0.0,"when":1759273200}},"api_frost_ground":{"average":{"overall":0.0},"max":{"value":0.0,"when":1759273200},"min":{"value":0.0,"when":1759273200}},"api_hot":{"average":{"overall":0.0},"max":{"value":0.0,"when":1759273200},"min":{"value":0.0,"when":1759273200}},"api_rainy":{"average":{"overall":0.0},"max":{"value":0.1,"when":1759302000},"min":{"value":0.0,"when":1759273200}},"api_snowy":{"average":{"overall":0.0},"max":{"value":0.0,"when":1759273200},"min":{"value":0.0,"when":1759273200}},"api_stormy":{"average":{"overall":0.0},"max":{"value":0.0,"when":1759273200},"min":{"value":0.0,"when":1759273200}},"api_thundery":{"average":{"overall":0.0},"max":{"value":0.0,"when":1759273200},"min":{"value":0.0,"when":1759273200}},"aq_uv_index_clear_sky":{"average":{"overall":0},"max":{"value":1,"when":1759302000},"min":{"value":0,"when":1759273200}},"cloudbase":{"average":{"overall":1211},"max":{"value":1644,"when":1759273200},"min":{"value":741,"when":1759305600}},"dewpoint":{"average":{"overall":4.3},"max":{"value":11.3,"when":1759309200},"min":{"value":1.5,"when":1759287600}},"ecowitt_gateway_inTemp":{"average":{"overall":20.4},"max":{"value":21.7,"when":1759309200},"min":{"value":19.8,"when":1759276800}},"ecowitt_gateway_pressure":{"average":{"overall":1032},"max":{"value":1032,"when":1759302000},"min":{"value":1031,"when":1759284000}},"ecowitt_wh31_hall_inTemp":{"average":{"overall":15.1},"max":{"value":16.1,"when":1759309200},"min":{"value":14.6,"when":1759291200}},"ecowitt_wh31_patio_outTemp":{"average":{"overall":8.3},"max":{"value":12.7,"when":1759309200},"min":{"value":6.6,"when":1759291200}},"ecowitt_wh51_patio_outGroundHumidity":{"average":{"overall":16.0},"max":{"value":16.0,"when":1759273200},"min":{"value":16.0,"when":1759273200}},"ecowitt_wittboy_outTemp":{"average":{"overall":6.1},"max":{"value":13.1,"when":1759309200},"min":{"value":3.5,"when":1759291200}},"ecowitt_wittboy_rain_day":{"average":{"overall":0.025},"max":{"value":0.1,"when":1759302000},"min":{"value":0.0,"when":1759273200}},"ecowitt_wittboy_rain_event":{"average":{"overall":0.018182},"max":{"value":0.1,"when":1759302000},"min":{"value":0.0,"when":1759273200}},"ecowitt_wittboy_rain_rate":{"average":{"overall":0.013636},"max":{"value":0.599999,"when":1759302000},"min":{"value":0.0,"when":1759273200}},"ecowitt_wittboy_uvi":{"average":{"overall":0.1},"max":{"value":1.0,"when":1759305600},"min":{"value":0.0,"when":1759273200}},"ecowitt_wittboy_windDir":{"average":{"overall":182},"max":{"value":266,"when":1759291200},"min":{"value":14,"when":1759291200}},"ecowitt_wittboy_windGust":{"average":{"overall":12.7},"max":{"value":19.3,"when":1759287600},"min":{"value":6.7,"when":1759273200}},"ecowitt_wittboy_windSpeed":{"average":{"overall":10.5},"max":{"value":18.4,"when":1759287600},"min":{"value":5.9,"when":1759273200}},"ecowitt_wn34_shed_groundTemperature":{"average":{"overall":10.9},"max":{"value":12.7,"when":1759273200},"min":{"value":10.0,"when":1759298400}},"feelslike":{"average":{"overall":3.0},"max":{"value":10.4,"when":1759309200},"min":{"value":-1.3,"when":1759291200}},"inHumidity":{"average":{"overall":57.6},"max":{"value":58.3,"when":1759302000},"min":{"value":57.0,"when":1759291200}},"inTemp":{"average":{"overall":20.6},"max":{"value":21.7,"when":1759309200},"min":{"value":20.1,"when":1759287600}},"lightning_strike_count":{"average":{"overall":0},"max":{"value":0,"when":1759273200},"min":{"value":0,"when":1759273200}},"luminosity":{"average":{"overall":3116},"max":{"value":16410,"when":1759309200},"min":{"value":0,"when":1759273200}},"netatmo_Chitterne_co2":{"average":{"overall":1606},"max":{"value":1791,"when":1759273200},"min":{"value":1339,"when":1759309200}},"netatmo_Chitterne_inTemp":{"average":{"overall":20.0},"max":{"value":20.9,"when":1759273200},"min":{"value":19.3,"when":1759302000}},"netatmo_Chitterne_noise":{"average":{"overall":33},"max":{"value":54,"when":1759302000},"min":{"value":32,"when":1759273200}},"netatmo_Chitterne_outTemp":{"average":{"overall":8.1},"max":{"value":12.4,"when":1759309200},"min":{"value":6.4,"when":1759291200}},"netatmo_Chitterne_pressure":{"average":{"overall":1014},"max":{"value":1015,"when":1759309200},"min":{"value":1014,"when":1759273200}},"outHumidity":{"average":{"overall":87},"max":{"value":94,"when":1759305600},"min":{"value":81,"when":1759273200}},"outTemp":{"average":{"overall":6.1},"max":{"value":12.7,"when":1759309200},"min":{"value":3.5,"when":1759291200}},"pressure":{"average":{"overall":1023},"max":{"value":1023,"when":1759273200},"min":{"value":1023,"when":1759273200}},"rain":{"average":{"overall":0.0},"max":{"value":0.0,"when":1759273200},"min":{"value":0.0,"when":1759273200}},"rainRate":{"average":{"overall":0.0},"max":{"value":0.0,"when":1759273200},"min":{"value":0.0,"when":1759273200}},"rain_total":{"average":{"overall":0.0},"max":{"value":0.0,"when":1759273200},"min":{"value":0.0,"when":1759273200}},"vpd":{"average":{"overall":0.12},"max":{"value":0.17,"when":1759273200},"min":{"value":0.07,"when":1759302000}},"windrun":{"average":{"overall":0.88},"max":{"value":1.54,"when":1759287600},"min":{"value":0.49,"when":1759273200}}}}