{"charts":{"ET":[[0.28,0.4972222222222223,1.0]],"api_cold":[[0.0,0.0,0.0]],"api_dew":[[0.0,0.0,0.0]],"api_foggy":[[0.0,0.042777777777777776,0.14]],"api_frost_grass":[[0.0,0.0,0.0]],"api_frost_ground":[[0.0,0.0,0.0]],"api_hot":[[0.0,0.0,0.0]],"api_rainy":[[0.0,0.0,0.0]],"api_snowy":[[0.0,0.0,0.0]],"api_stormy":[[0.0,0.0,0.0]],"api_thundery":[[0.0,0.0,0.0]],"aq_uv_index_clear_sky":[[0.0,0.0,0.0]],"cloudbase":[[934.93,1301.9885185185187,1643.75]],"dateTime":[1759273200],"dewpoint":[[34.69,37.12935185185185,43.1]],"ecowitt_gateway_inTemp":[[67.64,68.28777777777776,69.65]],"ecowitt_gateway_pressure":[[30.45,30.464814814814815,30.48]],"ecowitt_wh31_hall_inTemp":[[58.28,58.849444444444444,59.72]],"ecowitt_wh31_patio_outTemp":[[43.88,45.520555555555546,47.84]],"ecowitt_wh51_patio_outGroundHumidity":[[16.0,16.0,16.0]],"ecowitt_wittboy_outTemp":[[38.3,40.57416666666667,45.53]],"ecowitt_wittboy_rain_day":[[0.0,0.00021872222222222226,0.003937]],"ecowitt_wittboy_rain_event":[[0.0,0.00021872222222222226,0.003937]],"ecowitt_wittboy_rain_rate":[[0.0,0.0013123333333333333,0.023622]],"ecowitt_wittboy_uvi":[[0.0,0.0,0.0]],"ecowitt_wittboy_windDir":[[14.0,183.2314814814815,266.0]],"ecowitt_wittboy_windGust":[[6.71,12.000833333333334,19.29]],"ecowitt_wittboy_windSpeed":[[5.87,10.019444444444442,18.45]],"ecowitt_wn34_shed_groundTemperature":[[49.94,51.78999999999999,54.92]],"feelslike":[[29.66,34.71990740740741,39.06]],"inHumidity":[[57.0,57.45277777777778,58.1]],"inTemp":[[68.2,68.81759259259259,69.7]],"lightning_strike_count":[[0.0,0.0,0.0]],"luminosity":[[0.0,575.0155555555556,7191.67]],"netatmo_Chitterne_co2":[[1401.0,1644.8914814814814,1791.0]],"netatmo_Chitterne_inTemp":[[66.92,68.20101851851852,69.62]],"netatmo_Chitterne_noise":[[32.0,32.77777777777778,46.0]],"netatmo_Chitterne_outTemp":[[43.52,45.16814814814814,47.12]],"netatmo_Chitterne_pressure":[[29.93,29.935185185185187,29.95]],"outHumidity":[[81.4,85.70370370370371,90.9]],"outTemp":[[38.3,40.57962962962963,45.5]],"pressure":[[30.2,30.199999999999996,30.2]],"rain":[[0.0,0.0,0.0]],"rainRate":[[0.0,0.0,0.0]],"rain_total":[[0.0,0.0,0.0]],"vpd":[[0.03,0.03611111111111112,0.05]],"windrun":[[0.49,0.8361111111111111,1.54]]},"on_this_day":{"ET":{"average":{"overall":0.5},"max":{"value":1.0,"when":1759302000},"min":{"value":0.28,"when":1759294800}},"api_cold":{"average":{"overall":0.0},"max":{"value":0.0,"when":1759273200},"min":{"value":0.0,"when":1759273200}},"api_dew":{"average":{"overall":0.0},"max":{"value":0.0,"when":1759273200},"min":{"value":0.0,"when":1759273200}},"api_foggy":{"average":{"overall":0.0},"max":{"value":0.1,"when":1759294800},"min":{"value":0.0,"when":1759273200}},"api_frost_grass":{"average":{"overall":0.0},"max":{"value":0.0,"when":1759273200},"min":{"value":0.0,"when":1759273200}},"api_frost_ground":{"average":{"overall":0.0},"max":{"value":0.0,"when":1759273200},"min":{"value":0.0,"when":1759273200}},"api_hot":{"average":{"overall":0.0},"max":{"value":0.0,"when":1759273200},"min":{"value":0.0,"when":1759273200}},"api_rainy":{"average":{"overall":0.0},"max":{"value":0.0,"when":1759273200},"min":{"value":0.0,"when":1759273200}},"api_snowy":{"average":{"overall":0.0},"max":{"value":0.0,"when":1759273200},"min":{"value":0.0,"when":1759273200}},"api_stormy":{"average":{"overall":0.0},"max":{"value":0.0,"when":1759273200},"min":{"value":0.0,"when":1759273200}},"api_thundery":{"average":{"overall":0.0},"max":{"value":0.0,"when":1759273200},"min":{"value":0.0,"when":1759273200}},"aq_uv_index_clear_sky":{"average":{"overall":0},"max":{"value":0,"when":1759273200},"min":{"value":0,"when":1759273200}},"cloudbase":{"average":{"overall":1302},"max":{"value":1644,"when":1759273200},"min":{"value":935,"when":1759302000}},"dewpoint":{"average":{"overall":2.8},"max":{"value":6.2,"when":1759302000},"min":{"value":1.5,"when":1759287600}},"ecowitt_gateway_inTemp":{"average":{"overall":20.2},"max":{"value":20.9,"when":1759302000},"min":{"value":19.8,"when":1759276800}},"ecowitt_gateway_pressure":{"average":{"overall":1032},"max":{"value":1032,"when":1759302000},"min":{"value":1031,"when":1759284000}},"ecowitt_wh31_hall_inTemp":{"average":{"overall":14.9},"max":{"value":15.4,"when":1759302000},"min":{"value":14.6,"when":1759291200}},"ecowitt_wh31_patio_outTemp":{"average":{"overall":7.5},"max":{"value":8.8,"when":1759302000},"min":{"value":6.6,"when":1759291200}},"ecowitt_wh51_patio_outGroundHumidity":{"average":{"overall":16.0},"max":{"value":16.0,"when":1759273200},"min":{"value":16.0,"when":1759273200}},"ecowitt_wittboy_outTemp":{"average":{"overall":4.8},"max":{"value":7.5,"when":1759302000},"min":{"value":3.5,"when":1759291200}},"ecowitt_wittboy_rain_day":{"average":{"overall":0.005556},"max":{"value":0.1,"when":1759302000},"min":{"value":0.0,"when":1759273200}},"ecowitt_wittboy_rain_event":{"average":{"overall":0.005556},"max":{"value":0.1,"when":1759302000},"min":{"value":0.0,"when":1759273200}},"ecowitt_wittboy_rain_rate":{"average":{"overall":0.033333},"max":{"value":0.599999,"when":1759302000},"min":{"value":0.0,"when":1759273200}},"ecowitt_wittboy_uvi":{"average":{"overall":0.0},"max":{"value":0.0,"when":1759273200},"min":{"value":0.0,"when":1759273200}},"ecowitt_wittboy_windDir":{"average":{"overall":183},"max":{"value":266,"when":1759291200},"min":{"value":14,"when":1759291200}},"ecowitt_wittboy_windGust":{"average":{"overall":12.0},"max":{"value":19.3,"when":1759287600},"min":{"value":6.7,"when":1759273200}},"ecowitt_wittboy_windSpeed":{"average":{"overall":10.0},"max":{"value":18.4,"when":1759287600},"min":{"value":5.9,"when":1759273200}},"ecowitt_wn34_shed_groundTemperature":{"average":{"overall":11.0},"max":{"value":12.7,"when":1759273200},"min":{"value":10.0,"when":1759298400}},"feelslike":{"average":{"overall":1.5},"max":{"value":3.9,"when":1759302000},"min":{"value":-1.3,"when":1759291200}},"inHumidity":{"average":{"overall":57.5},"max":{"value":58.1,"when":1759280400},"min":{"value":57.0,"when":1759291200}},"inTemp":{"average":{"overall":20.5},"max":{"value":20.9,"when":1759302000},"min":{"value":20.1,"when":1759287600}},"lightning_strike_count":{"average":{"overall":0},"max":{"value":0,"when":1759273200},"min":{"value":0,"when":1759273200}},"luminosity":{"average":{"overall":575},"max":{"value":7192,"when":1759302000},"min":{"value":0,"when":1759273200}},"netatmo_Chitterne_co2":{"average":{"overall":1645},"max":{"value":1791,"when":1759273200},"min":{"value":1401,"when":1759302000}},"netatmo_Chitterne_inTemp":{"average":{"overall":20.1},"max":{"value":20.9,"when":1759273200},"min":{"value":19.4,"when":1759298400}},"netatmo_Chitterne_noise":{"average":{"overall":33},"max":{"value":46,"when":1759276800},"min":{"value":32,"when":1759273200}},"netatmo_Chitterne_outTemp":{"average":{"overall":7.3},"max":{"value":8.4,"when":1759302000},"min":{"value":6.4,"when":1759291200}},"netatmo_Chitterne_pressure":{"average":{"overall":1014},"max":{"value":1014,"when":1759298400},"min":{"value":1014,"when":1759273200}},"outHumidity":{"average":{"overall":86},"max":{"value":91,"when":1759302000},"min":{"value":81,"when":1759273200}},"outTemp":{"average":{"overall":4.8},"max":{"value":7.5,"when":1759302000},"min":{"value":3.5,"when":1759291200}},"pressure":{"average":{"overall":1023},"max":{"value":1023,"when":1759273200},"min":{"value":1023,"when":1759273200}},"rain":{"average":{"overall":0.0},"max":{"value":0.0,"when":1759273200},"min":{"value":0.0,"when":1759273200}},"rainRate":{"average":{"overall":0.0},"max":{"value":0.0,"when":1759273200},"min":{"value":0.0,"when":1759273200}},"rain_total":{"average":{"overall":0.0},"max":{"value":0.0,"when":1759273200},"min":{"value":0.0,"when":1759273200}},"vpd":{"average":{"overall":0.12},"max":{"value":0.17,"when":1759273200},"min":{"value":0.1,"when":1759291200}},"windrun":{"average":{"overall":0.84},"max":{"value":1.54,"when":1759287600},"min":{"value":0.49,"when":1759273200}}}}