{"charts":{"ET":[[0.28,2.0480555555555555,10.07],[0.22,1.3107670454545457,5.88],[0.14,0.744047619047619,2.64]],"api_cold":[[0.0,0.0,0.0],[0.0,0.0,0.0],[0.0,0.0,0.0]],"api_dew":[[0.0,0.0,0.0],[0.0,0.0,0.0],[0.0,0.0,0.0]],"api_foggy":[[0.0,0.044444444444444446,0.29],[0.0,0.14638888888888893,0.57],[0.0,0.07474358974358974,0.29]],"api_frost_grass":[[0.0,0.0,0.0],[0.0,0.0,0.0],[0.0,0.0,0.0]],"api_frost_ground":[[0.0,0.0,0.0],[0.0,0.0,0.0],[0.0,0.0,0.0]],"api_hot":[[0.0,0.0,0.0],[0.0,0.0,0.0],[0.0,0.0,0.0]],"api_rainy":[[0.0,0.0019444444444444446,0.14],[0.0,0.05694444444444444,0.86],[0.43,0.6514102564102564,0.86]],"api_snowy":[[0.0,0.0,0.0],[0.0,0.0,0.0],[0.0,0.0,0.0]],"api_stormy":[[0.0,0.0,0.0],[0.0,0.004375,0.14],[0.0,0.0071794871794871795,0.14]],"api_thundery":[[0.0,0.0,0.0],[0.0,0.0,0.0],[0.0,0.0,0.0]],"aq_uv_index_clear_sky":[[0.0,0.7462499999999999,3.25],[0.0,0.7683617424242425,3.4],[0.0,0.7619642857142858,3.5]],"cloudbase":[[740.98,1776.9200694444444,3325.79],[665.79,1331.483061868687,2184.55],[554.42,715.7543452380952,961.16]],"dateTime":[1759273200,1759359600,1759446000],"dewpoint":[[34.69,45.084618055555545,56.01],[35.5,49.436565656565655,57.57],[54.73,58.00214285714286,60.67]],"ecowitt_gateway_inTemp":[[67.64,70.22947916666665,73.94],[67.46,70.61716856060605,73.4],[69.62,70.5959523809524,72.5]],"ecowitt_gateway_pressure":[[30.4,30.44864583333333,30.48],[30.09,30.29624368686868,30.44],[29.88,29.971964285714282,30.11]],"ecowitt_wh31_hall_inTemp":[[58.28,61.07916666666666,63.5],[60.32,61.88971275252525,63.5],[63.5,64.58565476190476,65.48]],"ecowitt_wh31_patio_outTemp":[[43.88,53.63510416666668,67.37],[45.17,55.244835858585866,64.1],[57.74,59.818035714285706,62.6]],"ecowitt_wh51_patio_outGroundHumidity":[[15.0,15.487847222222223,16.0],[14.0,14.607638888888888,17.33],[17.0,18.52375,20.0]],"ecowitt_wittboy_outTemp":[[38.3,50.919270833333336,69.29],[39.74,53.43728851010101,64.46],[56.84,59.45434523809523,62.39]],"ecowitt_wittboy_rain_day":[[0.0,0.002583656250000001,0.003937],[0.0,0.005085291666666668,0.145669],[0.0,0.1025494761904762,0.145669]],"ecowitt_wittboy_rain_event":[[0.0,0.00030074305555555556,0.003937],[0.0,0.005085291666666668,0.145669],[0.145669,0.24821914880952375,0.291339]],"ecowitt_wittboy_rain_rate":[[0.0,0.0002460625,0.023622],[0.0,0.006479645833333333,0.212598],[0.0,0.012514035714285715,0.23622]],"ecowitt_wittboy_uvi":[[0.0,0.5694444444444444,4.0],[0.0,0.2607323232323232,3.0],[0.0,0.10119047619047619,1.0]],"ecowitt_wittboy_windDir":[[7.0,180.4965277777778,339.0],[3.0,182.8958333333333,352.0],[4.0,180.32142857142858,358.0]],"ecowitt_wittboy_windGust":[[5.87,10.672916666666666,19.29],[5.87,11.401351010101012,22.65],[8.39,15.13422619047619,28.52]],"ecowitt_wittboy_windSpeed":[[0.0,8.769965277777777,18.45],[0.0,8.597623106060608,22.65],[5.03,10.795654761904762,28.52]],"ecowitt_wn34_shed_groundTemperature":[[49.94,54.239375,58.64],[51.05,54.67719381313132,58.1],[57.14,58.57452380952382,60.68]],"feelslike":[[29.66,47.16635416666667,68.46],[33.62,50.53663825757575,64.68],[53.41,58.68494047619047,63.3]],"inHumidity":[[57.0,58.04375000000001,59.8],[57.9,59.70672348484849,62.7],[62.7,62.99464285714286,64.0]],"inTemp":[[68.2,70.49513888888889,73.9],[68.4,70.85530303030303,73.4],[69.6,70.60059523809524,72.5]],"lightning_strike_count":[[0.0,0.0,0.0],[0.0,0.0,0.0],[0.0,0.0,0.0]],"luminosity":[[0.0,9547.708368055555,56920.0],[0.0,6043.76723800505,36623.33],[0.0,3659.1471428571426,17386.67]],"netatmo_Chitterne_co2":[[979.0,1458.0807291666667,2108.0],[1086.43,1561.4547209595964,2293.71],[1169.0,1959.7764880952382,2363.0]],"netatmo_Chitterne_inTemp":[[66.74,68.66795138888888,70.16],[67.46,68.42130176767677,69.62],[69.08,69.3275,69.8]],"netatmo_Chitterne_noise":[[32.0,33.760416666666664,65.0],[32.0,34.938573232323236,66.0],[32.0,33.17261904761905,68.0]],"netatmo_Chitterne_outTemp":[[43.52,53.59159722222223,67.46],[45.5,55.080677398989906,64.22],[57.74,59.757976190476185,62.6]],"netatmo_Chitterne_pressure":[[29.9,29.9296875,29.96],[29.59,29.781383207070707,29.91],[29.37,29.46625,29.6]],"outHumidity":[[62.1,80.11354166666668,94.0],[74.9,85.77844065656568,95.3],[91.0,94.63690476190477,97.0]],"outTemp":[[38.3,50.97187499999999,69.3],[39.7,53.57392676767677,64.2],[57.4,59.677976190476194,62.5]],"pressure":[[30.1,30.199652777777786,30.2],[29.8,30.04210858585859,30.3],[29.6,29.717261904761905,29.9]],"rain":[[0.0,0.0,0.0],[0.0,0.007381875,0.59055],[0.0,0.03069922619047619,0.51181]],"rainRate":[[0.0,0.0,0.0],[0.0,0.08256763888888889,3.937],[0.0,0.3496430952380952,3.937]],"rain_total":[[0.0,0.0,0.0],[0.0,0.002476246527777778,0.074803],[0.0,0.09523149891774893,0.139482]],"vpd":[[0.02,0.09156249999999999,0.27],[0.02,0.06487689393939394,0.14],[0.02,0.028214285714285713,0.04]],"windrun":[[0.19,0.7331597222222221,1.54],[0.19,0.7187752525252527,1.89],[0.42,0.9008333333333335,2.38]]},"on_this_day":{"ET":{"average":{"overall":1.37},"max":{"value":10.07,"when":1759320000},"min":{"value":0.14,"when":1759467600}},"api_cold":{"average":{"overall":0.0},"max":{"value":0.0,"when":1759273200},"min":{"value":0.0,"when":1759273200}},"api_dew":{"average":{"overall":0.0},"max":{"value":0.0,"when":1759273200},"min":{"value":0.0,"when":1759273200}},"api_foggy":{"average":{"overall":0.1},"max":{"value":0.6,"when":1759359600},"min":{"value":0.0,"when":1759273200}},"api_frost_grass":{"average":{"overall":0.0},"max":{"value":0.0,"when":1759273200},"min":{"value":0.0,"when":1759273200}},"api_frost_ground":{"average":{"overall":0.0},"max":{"value":0.0,"when":1759273200},"min":{"value":0.0,"when":1759273200}},"api_hot":{"average":{"overall":0.0},"max":{"value":0.0,"when":1759273200},"min":{"value":0.0,"when":1759273200}},"api_rainy":{"average":{"overall":0.2},"max":{"value":0.9,"when":1759442400},"min":{"value":0.0,"when":1759273200}},"api_snowy":{"average":{"overall":0.0},"max":{"value":0.0,"when":1759273200},"min":{"value":0.0,"when":1759273200}},"api_stormy":{"average":{"overall":0.0},"max":{"value":0.1,"when":1759442400},"min":{"value":0.0,"when":1759273200}},"api_thundery":{"average":{"overall":0.0},"max":{"value":0.0,"when":1759273200},"min":{"value":0.0,"when":1759273200}},"aq_uv_index_clear_sky":{"average":{"overall":1},"max":{"value":4,"when":1759489200},"min":{"value":0,"when":1759273200}},"cloudbase":{"average":{"overall":1275},"max":{"value":3326,"when":1759330800},"min":{"value":554,"when":1759474800}},"dewpoint":{"average":{"overall":10.5},"max":{"value":15.9,"when":1759485600},"min":{"value":1.5,"when":1759287600}},"ecowitt_gateway_inTemp":{"average":{"overall":21.4},"max":{"value":23.3,"when":1759323600},"min":{"value":19.7,"when":1759363200}},"ecowitt_gateway_pressure":{"average":{"overall":1024},"max":{"value":1032,"when":1759302000},"min":{"value":1012,"when":1759489200}},"ecowitt_wh31_hall_inTemp":{"average":{"overall":17.0},"max":{"value":18.6,"when":1759489200},"min":{"value":14.6,"when":1759291200}},"ecowitt_wh31_patio_outTemp":{"average":{"overall":13.5},"max":{"value":19.7,"when":1759323600},"min":{"value":6.6,"when":1759291200}},"ecowitt_wh51_patio_outGroundHumidity":{"average":{"overall":16.2},"max":{"value":20.0,"when":1759460400},"min":{"value":14.0,"when":1759399200}},"ecowitt_wittboy_outTemp":{"average":{"overall":12.6},"max":{"value":20.7,"when":1759327200},"min":{"value":3.5,"when":1759291200}},"ecowitt_wittboy_rain_day":{"average":{"overall":0.933183},"max":{"value":3.699993,"when":1759442400},"min":{"value":0.0,"when":1759273200}},"ecowitt_wittboy_rain_event":{"average":{"overall":2.147191},"max":{"value":7.400011,"when":1759464000},"min":{"value":0.0,"when":1759273200}},"ecowitt_wittboy_rain_rate":{"average":{"overall":0.162896},"max":{"value":5.999988,"when":1759460400},"min":{"value":0.0,"when":1759273200}},"ecowitt_wittboy_uvi":{"average":{"overall":0.3},"max":{"value":4.0,"when":1759316400},"min":{"value":0.0,"when":1759273200}},"ecowitt_wittboy_windDir":{"average":{"overall":181},"max":{"value":358,"when":1759453200},"min":{"value":3,