{"charts":{"ET":[[0.24,1.8,6.93],[0.24,2.78,13.7],[0.24,1.33,6.73],[0.23,1.67,7.94],[0.28,0.61,0.98]],"api_cold":[[0.0,0.0,0.0],[0.0,0.0,0.0],[0.0,0.0,0.0],[0.0,0.0,0.0],[0.0,0.0,0.0]],"api_dew":[[0.0,0.0,0.0],[0.0,0.0,0.3],[0.0,0.0,0.0],[0.0,0.0,0.0],[0.0,0.0,0.0]],"api_foggy":[[0.0,0.0,0.0],[0.0,0.0,0.0],[0.0,0.0,0.0],[0.0,0.0,0.0],[0.0,0.0,0.0]],"api_frost_grass":[[0.0,0.0,0.0],[0.0,0.0,0.3],[0.0,0.0,0.0],[0.0,0.0,0.0],[0.0,0.0,0.0]],"api_frost_ground":[[0.0,0.0,0.0],[0.0,0.0,0.0],[0.0,0.0,0.0],[0.0,0.0,0.0],[0.0,0.0,0.0]],"api_hot":[[0.0,0.0,0.0],[0.0,0.0,0.0],[0.0,0.0,0.0],[0.0,0.0,0.0],[0.0,0.0,0.0]],"api_rainy":[[0.0,0.0,0.1],[0.0,0.0,0.1],[0.0,0.2,0.7],[0.0,0.1,0.4],[0.0,0.1,0.3]],"api_snowy":[[0.0,0.0,0.0],[0.0,0.0,0.0],[0.0,0.0,0.0],[0.0,0.0,0.0],[0.0,0.0,0.0]],"api_stormy":[[0.0,0.0,0.0],[0.0,0.0,0.0],[0.0,0.0,0.0],[0.0,0.0,0.1],[0.0,0.0,0.1]],"api_thundery":[[0.0,0.0,0.0],[0.0,0.0,0.0],[0.0,0.0,0.0],[0.0,0.0,0.0],[0.0,0.0,0.0]],"aq_uv_index_clear_sky":[[0,1,4],[0,1,4],[0,1,4],[0,1,4],[0,0,0]],"cloudbase":[[1021,1747,3136],[1017,2538,4377],[749,1403,1911],[847,1527,2412],[1259,1636,1931]],"dateTime":[1774998000,1775084400,1775170800,1775257200,1775343600],"dewpoint":[[6.0,7.4,9.3],[-0.7,4.1,8.3],[3.3,8.7,12.0],[4.3,7.9,10.6],[4.5,5.2,6.5]],"ecowitt_gateway_inTemp":[[21.1,22.2,23.6],[20.8,22.3,26.7],[20.5,22.3,24.0],[20.7,22.4,24.3],[20.6,21.1,21.8]],"ecowitt_gateway_pressure":[[1025,1029,1035],[1022,1025,1027],[1015,1017,1022],[1010,1018,1022],[1012,1014,1017]],"ecowitt_wh31_hall_inTemp":[[16.6,16.8,17.1],[12.7,15.4,16.6],[15.2,16.6,17.5],[16.3,17.6,18.8],[15.8,16.6,18.0]],"ecowitt_wh31_patio_outTemp":[[9.8,11.7,14.6],[4.4,10.8,15.8],[8.6,11.8,15.2],[8.8,11.5,14.3],[7.7,8.8,9.9]],"ecowitt_wh51_patio_outGroundHumidity":[[9.0,10.3,11.0],[8.0,8.9,10.3],[8.0,8.5,9.0],[8.0,8.4,9.0],[8.0,8.0,8.2]],"ecowitt_wittboy_outTemp":[[8.0,10.4,13.7],[1.5,8.9,14.9],[6.7,11.1,14.7],[6.5,10.5,14.1],[6.9,8.3,9.7]],"ecowitt_wittboy_rain_day":[[0.0,0.0,0.0],[0.0,0.0,0.0],[0.0,0.060764,0.1],[0.0,0.013194,0.499999],[0.0,0.005952,0.499999]],"ecowitt_wittboy_rain_event":[[0.0,0.0,0.0],[0.0,0.0,0.0],[0.0,0.006944,0.1],[0.0,0.013194,0.499999],[0.0,0.077381,0.499999]],"ecowitt_wittboy_rain_rate":[[0.0,0.0,0.0],[0.0,0.0,0.0],[0.0,0.00625,0.599999],[0.0,0.029167,1.199998],[0.0,0.007143,0.599999]],"ecowitt_wittboy_uvi":[[0.0,0.5,3.0],[0.0,1.0,6.0],[0.0,0.3,3.0],[0.0,0.6,5.0],[0.0,0.0,0.0]],"ecowitt_wittboy_windDir":[[2,230,346],[60,223,358],[1,218,358],[4,182,358],[5,195,349]],"ecowitt_wittboy_windGust":[[5.0,9.2,17.6],[5.5,10.9,25.7],[5.0,10.9,20.6],[5.0,14.2,37.2],[6.5,12.3,23.7]],"ecowitt_wittboy_windSpeed":[[4.0,7.6,16.1],[3.5,9.0,21.1],[3.5,7.9,17.6],[2.5,10.1,28.2],[4.0,9.3,20.6]],"ecowitt_wn34_shed_groundTemperature":[[12.2,13.0,14.0],[10.6,12.8,14.5],[11.9,12.8,13.7],[11.5,12.4,13.1],[11.4,12.1,12.8]],"feelslike":[[4.4,8.1,10.6],[-3.3,5.6,12.5],[4.0,9.2,13.4],[2.6,8.2,11.2],[3.8,5.4,7.5]],"inHumidity":[[51.3,53.1,55.0],[47.3,50.3,53.7],[50.0,53.1,57.1],[55.1,56.6,58.2],[56.5,57.1,57.4]],"inTemp":[[21.2,22.3,23.6],[20.9,22.4,26.7],[20.5,22.4,23.9],[20.9,22.4,24.3],[20.6,21.1,21.8]],"lightning_strike_count":[[0,0,1],[0,0,0],[0,0,0],[0,0,0],[0,0,0]],"luminosity":[[0,9142,44284],[0,14347,88003],[0,6540,48627],[0,8651,63043],[0,15,373]],"netatmo_Chitterne_co2":[[515,1200,2217],[495,1102,2071],[423,1101,1975],[676,1325,2054],[1637,1717,1813]],"netatmo_Chitterne_inTemp":[[20.5,21.2,22.2],[18.9,21.1,21.9],[19.4,20.7,21.6],[20.2,20.9,21.7],[20.2,20.5,20.9]],"netatmo_Chitterne_noise":[[32,35,66],[32,35,70],[32,35,68],[32,35,72],[32,33,43]],"netatmo_Chitterne_outTemp":[[9.7,11.6,14.6],[4.3,10.8,15.7],[8.5,11.7,15.1],[8.7,11.4,14.2],[7.6,8.8,10.1]],"netatmo_Chitterne_pressure":[[1007,1012,1017],[1004,1007,1009],[997,999,1004],[992,1000,1004],[994,996,999]],"outHumidity":[[63,80,89],[51,71,90],[77,84,93],[72,83,92],[77,81,85]],"outTemp":[[8.0,10.7,14.3],[1.4,9.3,15.3],[6.7,11.3,15.0],[6.5,10.8,14.1],[6.9,8.3,9.7]],"pressure":[[1016,1021,1033],[1013,1016,1026],[1006,1008,1019],[1002,1009,1023],[1002,1005,1016]],"rain":[[0.0,0.0,0.0],[0.0,0.0,0.0],[0.0,0.010417,2.999994],[0.0,0.0,0.0],[0.0,0.0,0.0]],"rainRate":[[0.0,0.0,0.0],[0.0,0.0,0.0],[0.0,0.152777,11.999976],[0.0,0.0,0.0],[0.0,0.0,0.0]],"rain_total":[[0.0,0.002778,0.799998],[0.0,0.0,0.0],[0.0,0.144444,0.2],[0.0,0.000758,0.2],[0.0,0.0,0.0]],"vpd":[[0.1,0.27,0.61],[0.07,0.38,0.81],[0.07,0.21,0.34],[0.1,0.23,0.44],[0.14,0.21,0.27]],"windrun":[[0.34,0.63,1.34],[0.32,0.75,1.76],[0.29,0.66,1.47],[0.34,0.84,2.35],[0.34,0.77,1.72]]},"on_this_day":{"ET":{"average":{"overall":1.64},"max":{"value":13.7,"when":1775134800},"min":{"value":0.23,"when":1775260800}},"api_cold":{"average":{"overall":0.0},"max":{"value":0.0,"when":1774998000},"min":{"value":0.0,"when":1774998000}},"api_dew":{"average":{"overall":0.0},"max":{"value":0.3,"when":1775098800},"min":{"value":0.0,"when":1774998000}},"api_foggy":{"average":{"overall":0.0},"max":{"value":0.0,"when":1774998000},"min":{"value":0.0,"when":1774998000}},"api_frost_grass":{"average":{"overall":0.0},"max":{"value":0.3,"when":1775102400},"min":{"value":0.0,"when":1774998000}},"api_frost_ground":{"average":{"overall":0.0},"max":{"value":0.0,"when":1774998000},"min":{"value":0.0,"when":1774998000}},"api_hot":{"average":{"overall":0.0},"max":{"value":0.0,"when":1774998000},"min":{"value":0.0,"when":1774998000}},"api_rainy":{"average":{"overall":0.1},"max":{"value":0.7,"when":1775185200},"min":{"value":0.0,"when":1774998000}},"api_snowy":{"average":{"overall":0.0},"max":{"value":0.0,"when":1774998000},"min":{"value":0.0,"when":1774998000}},"api_stormy":{"average":{"overall":0.0},"max":{"value":0.1,"when":1775322000},"min":{"value":0.0,"when":1774998000}},"api_thundery":{"average":{"overall":0.0},"max":{"value":0.0,"when":1774998000},"min":{"value":0.0,"when":1774998000}},"aq_uv_index_clear_sky":{"average":{"overall":1},"max":{"value":4,"when":1775044800},"min":{"value":0,"when":1774998000}},"cloudbase":{"average":{"overall":1770},"max":{"value":4377,"when":1775142000},"min":{"value":749,"when":1775196000}},"dewpoint":{"average":{"overall":6.7},"max":{"value":12.0,"when":1775217600},"min":{"value":-0.7,"when":1775109600}},"ecowitt_gateway_inTemp":{"average":{"overall":22.0},"max":{"value":26.7,"when":1775127600},"min":{"value":20.5,"when":1775174400}},"ecowitt_gateway_pressure":{"average":{"overall":1021},"max":{"value":1035,"when":1774998000},"min":{"value":1010,"when":1775336400}},"ecowitt_wh31_hall_inTemp":{"average":{"overall":16.6},"max":{"value":18.8,"when":1775318400},"min":{"value":12.7,"when":1775113200}},"ecowitt_wh31_patio_outTemp":{"average":{"overall":10.9},"max":{"value":15.8,"when":1775134800},"min":{"value":4.4,"when":1775109600}},"ecowitt_wh51_patio_outGroundHumidity":{"average":{"overall":8.8},"max":{"value":11.0,"when":1774998000},"min":{"value":8.0,"when":1775124000}},"ecowitt_wittboy_outTemp":{"average":{"overall":9.8},"max":{"value":14.9,"when":1775142000},"min":{"value":1.5,"when":1775109600}},"ecowitt_wittboy_rain_day":{"average":{"overall":0.015982},"max":{"value":0.499999,"when":1775340000},"min":{"value":0.0,"when":1774998000}},"ecowitt_wittboy_rain_event":{"average":{"overall":0.019504},"max":{"value":0.499999,"when":1775340000},"min":{"value":0.0,"when":1774998000}},"ecowitt_wittboy_rain_rate":{"average":{"overall":0.008512},"max":{"value":1.199998,"when":1775340000},"min":{"value":0.0,"when":1774998000}},"ecowitt_wittboy_uvi":{"average":{"overall":0.5},"max":{"value":6.0,"when":1775127600},"min":{"value":0.0,"when":1774998000}},"ecowitt_wittboy_windDir":{"average":{"overall":209},"max":{"value":358,"when":1775113200},"min":{"value":1,"when":1775188800}},"ecowitt_wittboy_windGust":{"average":{"overall":11.5},"max":{"value":37.2,"when":1775332800},"min":{"value":5.0,"when":1775052000}},"ecowitt_wittboy_windSpeed":{"average":{"overall":8.8},"max":{"value":28.2,"when":1775332800},"min":{"value":2.5,"when":1775311200}},