{"charts":{"ET":[[0.28,2.6031372549019607,10.07]],"api_cold":[[0.0,0.0,0.0]],"api_dew":[[0.0,0.0,0.0]],"api_foggy":[[0.0,0.041862745098039215,0.14]],"api_frost_grass":[[0.0,0.0,0.0]],"api_frost_ground":[[0.0,0.0,0.0]],"api_hot":[[0.0,0.0,0.0]],"api_rainy":[[0.0,0.0027450980392156863,0.14]],"api_snowy":[[0.0,0.0,0.0]],"api_stormy":[[0.0,0.0,0.0]],"api_thundery":[[0.0,0.0,0.0]],"aq_uv_index_clear_sky":[[0.0,1.0211274509803923,3.25]],"cloudbase":[[740.98,1721.029362745098,3325.79]],"dateTime":[1759273200],"dewpoint":[[34.69,45.10122549019608,56.01]],"ecowitt_gateway_inTemp":[[67.64,69.98132352941174,73.94]],"ecowitt_gateway_pressure":[[30.41,30.455245098039214,30.48]],"ecowitt_wh31_hall_inTemp":[[58.28,60.383529411764705,63.14]],"ecowitt_wh31_patio_outTemp":[[43.88,53.173382352941175,67.37]],"ecowitt_wh51_patio_outGroundHumidity":[[15.0,15.68872549019608,16.0]],"ecowitt_wittboy_outTemp":[[38.3,50.95867647058823,69.29]],"ecowitt_wittboy_rain_day":[[0.0,0.0020263970588235295,0.003937]],"ecowitt_wittboy_rain_event":[[0.0,0.00042457843137254906,0.003937]],"ecowitt_wittboy_rain_rate":[[0.0,0.0003473823529411765,0.023622]],"ecowitt_wittboy_uvi":[[0.0,0.8627450980392156,4.0]],"ecowitt_wittboy_windDir":[[7.0,181.27941176470588,339.0]],"ecowitt_wittboy_windGust":[[6.71,11.440490196078432,19.29]],"ecowitt_wittboy_windSpeed":[[0.0,9.157254901960783,18.45]],"ecowitt_wn34_shed_groundTemperature":[[49.94,53.03426470588235,58.19]],"feelslike":[[29.66,46.99044117647059,68.46]],"inHumidity":[[57.0,57.73382352941176,58.7]],"inTemp":[[68.2,70.25833333333333,73.9]],"lightning_strike_count":[[0.0,0.0,0.0]],"luminosity":[[0.0,13516.429803921568,56920.0]],"netatmo_Chitterne_co2":[[979.0,1433.1901960784314,1791.0]],"netatmo_Chitterne_inTemp":[[66.74,68.23357843137255,69.62]],"netatmo_Chitterne_noise":[[32.0,32.93627450980392,54.0]],"netatmo_Chitterne_outTemp":[[43.52,52.93906862745098,67.46]],"netatmo_Chitterne_pressure":[[29.91,29.93558823529412,29.96]],"outHumidity":[[62.1,80.90980392156862,94.0]],"outTemp":[[38.3,50.8578431372549,69.3]],"pressure":[[30.2,30.199999999999992,30.2]],"rain":[[0.0,0.0,0.0]],"rainRate":[[0.0,0.0,0.0]],"rain_total":[[0.0,0.0,0.0]],"vpd":[[0.02,0.09196078431372548,0.27]],"windrun":[[0.19,0.766029411764706,1.54]]},"on_this_day":{"ET":{"average":{"overall":2.6},"max":{"value":10.07,"when":1759320000},"min":{"value":0.28,"when":1759294800}},"api_cold":{"average":{"overall":0.0},"max":{"value":0.0,"when":1759273200},"min":{"value":0.0,"when":1759273200}},"api_dew":{"average":{"overall":0.0},"max":{"value":0.0,"when":1759273200},"min":{"value":0.0,"when":1759273200}},"api_foggy":{"average":{"overall":0.0},"max":{"value":0.1,"when":1759294800},"min":{"value":0.0,"when":1759273200}},"api_frost_grass":{"average":{"overall":0.0},"max":{"value":0.0,"when":1759273200},"min":{"value":0.0,"when":1759273200}},"api_frost_ground":{"average":{"overall":0.0},"max":{"value":0.0,"when":1759273200},"min":{"value":0.0,"when":1759273200}},"api_hot":{"average":{"overall":0.0},"max":{"value":0.0,"when":1759273200},"min":{"value":0.0,"when":1759273200}},"api_rainy":{"average":{"overall":0.0},"max":{"value":0.1,"when":1759302000},"min":{"value":0.0,"when":1759273200}},"api_snowy":{"average":{"overall":0.0},"max":{"value":0.0,"when":1759273200},"min":{"value":0.0,"when":1759273200}},"api_stormy":{"average":{"overall":0.0},"max":{"value":0.0,"when":1759273200},"min":{"value":0.0,"when":1759273200}},"api_thundery":{"average":{"overall":0.0},"max":{"value":0.0,"when":1759273200},"min":{"value":0.0,"when":1759273200}},"aq_uv_index_clear_sky":{"average":{"overall":1},"max":{"value":3,"when":1759316400},"min":{"value":0,"when":1759273200}},"cloudbase":{"average":{"overall":1721},"max":{"value":3326,"when":1759330800},"min":{"value":741,"when":1759305600}},"dewpoint":{"average":{"overall":7.3},"max":{"value":13.3,"when":1759327200},"min":{"value":1.5,"when":1759287600}},"ecowitt_gateway_inTemp":{"average":{"overall":21.1},"max":{"value":23.3,"when":1759323600},"min":{"value":19.8,"when":1759276800}},"ecowitt_gateway_pressure":{"average":{"overall":1031},"max":{"value":1032,"when":1759302000},"min":{"value":1030,"when":1759327200}},"ecowitt_wh31_hall_inTemp":{"average":{"overall":15.8},"max":{"value":17.3,"when":1759327200},"min":{"value":14.6,"when":1759291200}},"ecowitt_wh31_patio_outTemp":{"average":{"overall":11.8},"max":{"value":19.7,"when":1759323600},"min":{"value":6.6,"when":1759291200}},"ecowitt_wh51_patio_outGroundHumidity":{"average":{"overall":15.7},"max":{"value":16.0,"when":1759273200},"min":{"value":15.0,"when":1759312800}},"ecowitt_wittboy_outTemp":{"average":{"overall":10.5},"max":{"value":20.7,"when":1759327200},"min":{"value":3.5,"when":1759291200}},"ecowitt_wittboy_rain_day":{"average":{"overall":0.05147},"max":{"value":0.1,"when":1759302000},"min":{"value":0.0,"when":1759273200}},"ecowitt_wittboy_rain_event":{"average":{"overall":0.010784},"max":{"value":0.1,"when":1759302000},"min":{"value":0.0,"when":1759273200}},"ecowitt_wittboy_rain_rate":{"average":{"overall":0.008824},"max":{"value":0.599999,"when":1759302000},"min":{"value":0.0,"when":1759273200}},"ecowitt_wittboy_uvi":{"average":{"overall":0.9},"max":{"value":4.0,"when":1759316400},"min":{"value":0.0,"when":1759273200}},"ecowitt_wittboy_windDir":{"average":{"overall":181},"max":{"value":339,"when":1759320000},"min":{"value":7,"when":1759312800}},"ecowitt_wittboy_windGust":{"average":{"overall":11.4},"max":{"value":19.3,"when":1759287600},"min":{"value":6.7,"when":1759273200}},"ecowitt_wittboy_windSpeed":{"average":{"overall":9.2},"max":{"value":18.4,"when":1759287600},"min":{"value":0.0,"when":1759323600}},"ecowitt_wn34_shed_groundTemperature":{"average":{"overall":11.7},"max":{"value":14.5,"when":1759327200},"min":{"value":10.0,"when":1759298400}},"feelslike":{"average":{"overall":8.3},"max":{"value":20.3,"when":1759327200},"min":{"value":-1.3,"when":1759291200}},"inHumidity":{"average":{"overall":57.7},"max":{"value":58.7,"when":1759312800},"min":{"value":57.0,"when":1759291200}},"inTemp":{"average":{"overall":21.3},"max":{"value":23.3,"when":1759323600},"min":{"value":20.1,"when":1759287600}},"lightning_strike_count":{"average":{"overall":0},"max":{"value":0,"when":1759273200},"min":{"value":0,"when":1759273200}},"luminosity":{"average":{"overall":13516},"max":{"value":56920,"when":1759320000},"min":{"value":0,"when":1759273200}},"netatmo_Chitterne_co2":{"average":{"overall":1433},"max":{"value":1791,"when":1759273200},"min":{"value":979,"when":1759323600}},"netatmo_Chitterne_inTemp":{"average":{"overall":20.1},"max":{"value":20.9,"when":1759273200},"min":{"value":19.3,"when":1759302000}},"netatmo_Chitterne_noise":{"average":{"overall":33},"max":{"value":54,"when":1759302000},"min":{"value":32,"when":1759273200}},"netatmo_Chitterne_outTemp":{"average":{"overall":11.6},"max":{"value":19.7,"when":1759323600},"min":{"value":6.4,"when":1759291200}},"netatmo_Chitterne_pressure":{"average":{"overall":1014},"max":{"value":1015,"when":1759309200},"min":{"value":1013,"when":1759327200}},"outHumidity":{"average":{"overall":81},"max":{"value":94,"when":1759305600},"min":{"value":62,"when":1759330800}},"outTemp":{"average":{"overall":10.5},"max":{"value":20.7,"when":1759327200},"min":{"value":3.5,"when":1759291200}},"pressure":{"average":{"overall":1023},"max":{"value":1023,"when":1759273200},"min":{"value":1023,"when":1759273200}},"rain":{"average":{"overall":0.0},"max":{"value":0.0,"when":1759273200},"min":{"value":0.0,"when":1759273200}},"rainRate":{"average":{"overall":0.0},"max":{"value":0.0,"when":1759273200},"min":{"value":0.0,"when":1759273200}},"rain_total":{"average":{"overall":0.0},"max":{"value":0.0,"when":1759273200},"min":{"value":0.0,"when":1759273200}},"vpd":{"average":{"overall":0.31},"max":{"value":0.91,"when":1759323600},"min":{"value":0.07,"when":1759302000}},"windrun":{"average":{"overall":0.77},"max":{"value":1.54,"when":1759287600},"min":{"value":0.19,"when":1759323600}}}}