{"charts":{"ET":[[0.23,0.81,2.62],[0.18,0.27,0.36]],"api_cold":[[0.0,0.0,0.0],[0.0,0.0,0.0]],"api_dew":[[0.0,0.0,0.0],[0.0,0.1,0.3]],"api_foggy":[[0.0,0.0,0.1],[0.0,0.0,0.0]],"api_frost_grass":[[0.0,0.0,0.0],[0.0,0.0,0.0]],"api_frost_ground":[[0.0,0.0,0.0],[0.0,0.0,0.0]],"api_hot":[[0.0,0.0,0.0],[0.0,0.0,0.0]],"api_rainy":[[0.0,0.2,0.7],[0.0,0.2,0.6]],"api_snowy":[[0.0,0.0,0.0],[0.0,0.0,0.0]],"api_stormy":[[0.0,0.0,0.1],[0.0,0.0,0.0]],"api_thundery":[[0.0,0.0,0.1],[0.0,0.0,0.0]],"aq_uv_index_clear_sky":[[0,0,1],[0,0,0]],"cloudbase":[[864,1259,2117],[770,914,1107]],"dateTime":[1761955200,1762041600],"dewpoint":[[2.8,8.1,12.2],[1.0,3.5,5.6]],"ecowitt_gateway_inTemp":[[19.2,20.9,24.5],[18.9,19.1,19.5]],"ecowitt_gateway_pressure":[[1000,1006,1011],[1008,1010,1010]],"ecowitt_wh31_hall_inTemp":[[15.0,17.5,18.3],[14.5,14.8,15.0]],"ecowitt_wh31_patio_outTemp":[[7.0,11.2,13.8],[5.5,6.7,7.8]],"ecowitt_wh51_patio_outGroundHumidity":[[41.0,43.4,45.0],[44.0,44.0,44.0]],"ecowitt_wittboy_outTemp":[[4.0,10.2,14.5],[2.4,4.6,6.6]],"ecowitt_wittboy_rain_day":[[0.0,1.731941,4.299991],[0.0,0.004167,0.1]],"ecowitt_wittboy_rain_event":[[10.400005,12.131946,14.699996],[14.699996,14.704163,14.799996]],"ecowitt_wittboy_rain_rate":[[0.0,0.254166,9.600006],[0.0,0.025,0.599999]],"ecowitt_wittboy_uvi":[[0.0,0.0,1.0],[0.0,0.0,0.0]],"ecowitt_wittboy_windDir":[[1,186,354],[154,184,223]],"ecowitt_wittboy_windGust":[[9.2,15.5,37.8],[9.2,11.5,15.9]],"ecowitt_wittboy_windSpeed":[[4.2,11.1,33.5],[7.5,9.8,14.3]],"ecowitt_wn34_shed_groundTemperature":[[9.8,12.2,13.7],[9.0,9.4,9.9]],"feelslike":[[0.7,7.8,12.1],[-1.4,1.4,4.2]],"inHumidity":[[62.3,64.3,66.3],[61.9,62.2,62.7]],"inTemp":[[17.5,20.8,24.4],[17.1,17.2,17.5]],"lightning_strike_count":[[0,0,0],[0,0,0]],"luminosity":[[0,2460,15252],[0,0,0]],"netatmo_Chitterne_co2":[[495,747,1063],[1029,1107,1185]],"netatmo_Chitterne_inTemp":[[18.2,18.7,19.6],[17.5,17.8,18.2]],"netatmo_Chitterne_noise":[[32,34,65],[32,34,50]],"netatmo_Chitterne_outTemp":[[6.7,11.0,13.9],[5.2,6.4,7.3]],"netatmo_Chitterne_pressure":[[983,988,993],[990,991,993]],"outHumidity":[[75,86,92],[89,91,93]],"outTemp":[[4.0,10.3,13.9],[2.4,4.6,6.6]],"pressure":[[992,997,1002],[999,1001,1002]],"rain":[[0.0,0.340277,11.999976],[0.0,0.0,0.0]],"rainRate":[[0.0,4.124992,107.999784],[0.0,0.0,0.0]],"rain_total":[[0.0,0.821495,6.500012],[0.0,0.047917,2.299995]],"vpd":[[0.07,0.18,0.41],[0.07,0.07,0.1]],"windrun":[[0.35,0.93,2.8],[0.63,0.82,1.19]]},"on_this_day":{"ET":{"average":{"overall":0.54},"max":{"value":2.62,"when":1762005600},"min":{"value":0.18,"when":1762048800}},"api_cold":{"average":{"overall":0.0},"max":{"value":0.0,"when":1761955200},"min":{"value":0.0,"when":1761955200}},"api_dew":{"average":{"overall":0.0},"max":{"value":0.3,"when":1762045200},"min":{"value":0.0,"when":1761955200}},"api_foggy":{"average":{"overall":0.0},"max":{"value":0.1,"when":1762030800},"min":{"value":0.0,"when":1761955200}},"api_frost_grass":{"average":{"overall":0.0},"max":{"value":0.0,"when":1761955200},"min":{"value":0.0,"when":1761955200}},"api_frost_ground":{"average":{"overall":0.0},"max":{"value":0.0,"when":1761955200},"min":{"value":0.0,"when":1761955200}},"api_hot":{"average":{"overall":0.0},"max":{"value":0.0,"when":1761955200},"min":{"value":0.0,"when":1761955200}},"api_rainy":{"average":{"overall":0.2},"max":{"value":0.7,"when":1761955200},"min":{"value":0.0,"when":1761980400}},"api_snowy":{"average":{"overall":0.0},"max":{"value":0.0,"when":1761955200},"min":{"value":0.0,"when":1761955200}},"api_stormy":{"average":{"overall":0.0},"max":{"value":0.1,"when":1761955200},"min":{"value":0.0,"when":1761969600}},"api_thundery":{"average":{"overall":0.0},"max":{"value":0.1,"when":1762005600},"min":{"value":0.0,"when":1761955200}},"aq_uv_index_clear_sky":{"average":{"overall":0},"max":{"value":1,"when":1761994800},"min":{"value":0,"when":1761955200}},"cloudbase":{"average":{"overall":1086},"max":{"value":2117,"when":1761998400},"min":{"value":770,"when":1762048800}},"dewpoint":{"average":{"overall":5.8},"max":{"value":12.2,"when":1761955200},"min":{"value":1.0,"when":1762045200}},"ecowitt_gateway_inTemp":{"average":{"overall":20.0},"max":{"value":24.5,"when":1761987600},"min":{"value":18.9,"when":1762045200}},"ecowitt_gateway_pressure":{"average":{"overall":1008},"max":{"value":1011,"when":1762030800},"min":{"value":1000,"when":1761955200}},"ecowitt_wh31_hall_inTemp":{"average":{"overall":16.1},"max":{"value":18.3,"when":1761994800},"min":{"value":14.5,"when":1762045200}},"ecowitt_wh31_patio_outTemp":{"average":{"overall":8.9},"max":{"value":13.8,"when":1761955200},"min":{"value":5.5,"when":1762045200}},"ecowitt_wh51_patio_outGroundHumidity":{"average":{"overall":43.7},"max":{"value":45.0,"when":1761955200},"min":{"value":41.0,"when":1762005600}},"ecowitt_wittboy_outTemp":{"average":{"overall":7.4},"max":{"value":14.5,"when":1761998400},"min":{"value":2.4,"when":1762045200}},"ecowitt_wittboy_rain_day":{"average":{"overall":0.868054},"max":{"value":4.299991,"when":1762020000},"min":{"value":0.0,"when":1761955200}},"ecowitt_wittboy_rain_event":{"average":{"overall":13.418054},"max":{"value":14.799996,"when":1762052400},"min":{"value":10.400005,"when":1761955200}},"ecowitt_wittboy_rain_rate":{"average":{"overall":0.139583},"max":{"value":9.600006,"when":1762009200},"min":{"value":0.0,"when":1761955200}},"ecowitt_wittboy_uvi":{"average":{"overall":0.0},"max":{"value":1.0,"when":1761994800},"min":{"value":0.0,"when":1761955200}},"ecowitt_wittboy_windDir":{"average":{"overall":185},"max":{"value":354,"when":1761966000},"min":{"value":1,"when":1761955200}},"ecowitt_wittboy_windGust":{"average":{"overall":13.5},"max":{"value":37.8,"when":1761955200},"min":{"value":9.2,"when":1761973200}},"ecowitt_wittboy_windSpeed":{"average":{"overall":10.5},"max":{"value":33.5,"when":1761991200},"min":{"value":4.2,"when":1761998400}},"ecowitt_wn34_shed_groundTemperature":{"average":{"overall":10.8},"max":{"value":13.7,"when":1761955200},"min":{"value":9.0,"when":1762048800}},"feelslike":{"average":{"overall":4.6},"max":{"value":12.1,"when":1761955200},"min":{"value":-1.4,"when":1762045200}},"inHumidity":{"average":{"overall":63.2},"max":{"value":66.3,"when":1761962400},"min":{"value":61.9,"when":1762048800}},"inTemp":{"average":{"overall":19.0},"max":{"value":24.4,"when":1761987600},"min":{"value":17.1,"when":1762048800}},"lightning_strike_count":{"average":{"overall":0},"max":{"value":0,"when":1761955200},"min":{"value":0,"when":1761955200}},"luminosity":{"average":{"overall":1230},"max":{"value":15252,"when":1762005600},"min":{"value":0,"when":1761955200}},"netatmo_Chitterne_co2":{"average":{"overall":927},"max":{"value":1185,"when":1762045200},"min":{"value":495,"when":1762016400}},"netatmo_Chitterne_inTemp":{"average":{"overall":18.3},"max":{"value":19.6,"when":1762023600},"min":{"value":17.5,"when":1762052400}},"netatmo_Chitterne_noise":{"average":{"overall":34},"max":{"value":65,"when":1762016400},"min":{"value":32,"when":1761958800}},"netatmo_Chitterne_outTemp":{"average":{"overall":8.7},"max":{"value":13.9,"when":1761955200},"min":{"value":5.2,"when":1762045200}},"netatmo_Chitterne_pressure":{"average":{"overall":990},"max":{"value":993,"when":1762030800},"min":{"value":983,"when":1761955200}},"outHumidity":{"average":{"overall":89},"max":{"value":93,"when":1762048800},"min":{"value":75,"when":1761998400}},"outTemp":{"average":{"overall":7.4},"max":{"value":13.9,"when":1761998400},"min":{"value":2.4,"when":1762045200}},"pressure":{"average":{"overall":999},"max":{"value":1002,"when":1762020000},"min":{"value":992,"when":1761955200}},"rain":{"average":{"overall":0.170139},"max":{"value":11.999976,"when":1762016400},"min":{"value":0.0,"when":1761955200}},"rainRate":{"average":{"overall":2.062496},"max":{"value":107.999784,"when":1762016400},"min":{"value":0.0,"when":1761955200}},"rain_total":{"average":{"overall":0.434706},"max":{"value":6.500012,"when":1761955200},"min":{"value":0.0,"when":1761955200}},