{"charts":{"ET":[[0.28,1.0398611111111111,4.72]],"api_cold":[[0.0,0.0,0.0]],"api_dew":[[0.0,0.0,0.0]],"api_foggy":[[0.0,0.061250000000000006,0.14]],"api_frost_grass":[[0.0,0.0,0.0]],"api_frost_ground":[[0.0,0.0,0.0]],"api_hot":[[0.0,0.0,0.0]],"api_rainy":[[0.0,0.003888888888888889,0.14]],"api_snowy":[[0.0,0.0,0.0]],"api_stormy":[[0.0,0.0,0.0]],"api_thundery":[[0.0,0.0,0.0]],"aq_uv_index_clear_sky":[[0.0,0.359375,2.5]],"cloudbase":[[740.98,1220.2023214285716,1643.75]],"dateTime":[1759273200],"dewpoint":[[34.69,41.00875992063492,55.15]],"ecowitt_gateway_inTemp":[[67.64,69.00464285714285,72.32]],"ecowitt_gateway_pressure":[[30.45,30.465009920634916,30.48]],"ecowitt_wh31_hall_inTemp":[[58.28,59.41494047619048,61.7]],"ecowitt_wh31_patio_outTemp":[[43.88,48.014851190476186,59.48]],"ecowitt_wh51_patio_outGroundHumidity":[[16.0,16.0,16.0]],"ecowitt_wittboy_outTemp":[[38.3,44.4627380952381,60.44]],"ecowitt_wittboy_rain_day":[[0.0,0.0012303125000000003,0.003937]],"ecowitt_wittboy_rain_event":[[0.0,0.0006014861111111111,0.003937]],"ecowitt_wittboy_rain_rate":[[0.0,0.000492125,0.023622]],"ecowitt_wittboy_uvi":[[0.0,0.2490079365079365,2.0]],"ecowitt_wittboy_windDir":[[14.0,184.55654761904762,266.0]],"ecowitt_wittboy_windGust":[[6.71,12.040208333333334,19.29]],"ecowitt_wittboy_windSpeed":[[5.03,9.974722222222221,18.45]],"ecowitt_wn34_shed_groundTemperature":[[49.94,51.703809523809525,54.92]],"feelslike":[[29.66,39.17056547619048,58.15]],"inHumidity":[[57.0,57.55853174603175,58.3]],"inTemp":[[68.2,69.40059523809524,72.3]],"lightning_strike_count":[[0.0,0.0,0.0]],"luminosity":[[0.0,5142.586160714286,31086.67]],"netatmo_Chitterne_co2":[[1254.71,1570.9504464285712,1791.0]],"netatmo_Chitterne_inTemp":[[66.74,68.0161607142857,69.62]],"netatmo_Chitterne_noise":[[32.0,33.07936507936508,54.0]],"netatmo_Chitterne_outTemp":[[43.52,47.598412698412695,59.0]],"netatmo_Chitterne_pressure":[[29.93,29.939087301587303,29.96]],"outHumidity":[[81.4,86.89781746031747,94.0]],"outTemp":[[38.3,44.339285714285715,59.6]],"pressure":[[30.2,30.199999999999992,30.2]],"rain":[[0.0,0.0,0.0]],"rainRate":[[0.0,0.0,0.0]],"rain_total":[[0.0,0.0,0.0]],"vpd":[[0.02,0.0380952380952381,0.08]],"windrun":[[0.42,0.832361111111111,1.54]]},"on_this_day":{"ET":{"average":{"overall":1.04},"max":{"value":4.72,"when":1759312800},"min":{"value":0.28,"when":1759294800}},"api_cold":{"average":{"overall":0.0},"max":{"value":0.0,"when":1759273200},"min":{"value":0.0,"when":1759273200}},"api_dew":{"average":{"overall":0.0},"max":{"value":0.0,"when":1759273200},"min":{"value":0.0,"when":1759273200}},"api_foggy":{"average":{"overall":0.1},"max":{"value":0.1,"when":1759294800},"min":{"value":0.0,"when":1759273200}},"api_frost_grass":{"average":{"overall":0.0},"max":{"value":0.0,"when":1759273200},"min":{"value":0.0,"when":1759273200}},"api_frost_ground":{"average":{"overall":0.0},"max":{"value":0.0,"when":1759273200},"min":{"value":0.0,"when":1759273200}},"api_hot":{"average":{"overall":0.0},"max":{"value":0.0,"when":1759273200},"min":{"value":0.0,"when":1759273200}},"api_rainy":{"average":{"overall":0.0},"max":{"value":0.1,"when":1759302000},"min":{"value":0.0,"when":1759273200}},"api_snowy":{"average":{"overall":0.0},"max":{"value":0.0,"when":1759273200},"min":{"value":0.0,"when":1759273200}},"api_stormy":{"average":{"overall":0.0},"max":{"value":0.0,"when":1759273200},"min":{"value":0.0,"when":1759273200}},"api_thundery":{"average":{"overall":0.0},"max":{"value":0.0,"when":1759273200},"min":{"value":0.0,"when":1759273200}},"aq_uv_index_clear_sky":{"average":{"overall":0},"max":{"value":2,"when":1759309200},"min":{"value":0,"when":1759273200}},"cloudbase":{"average":{"overall":1220},"max":{"value":1644,"when":1759273200},"min":{"value":741,"when":1759305600}},"dewpoint":{"average":{"overall":5.0},"max":{"value":12.9,"when":1759312800},"min":{"value":1.5,"when":1759287600}},"ecowitt_gateway_inTemp":{"average":{"overall":20.6},"max":{"value":22.4,"when":1759312800},"min":{"value":19.8,"when":1759276800}},"ecowitt_gateway_pressure":{"average":{"overall":1032},"max":{"value":1032,"when":1759302000},"min":{"value":1031,"when":1759284000}},"ecowitt_wh31_hall_inTemp":{"average":{"overall":15.2},"max":{"value":16.5,"when":1759312800},"min":{"value":14.6,"when":1759291200}},"ecowitt_wh31_patio_outTemp":{"average":{"overall":8.9},"max":{"value":15.3,"when":1759312800},"min":{"value":6.6,"when":1759291200}},"ecowitt_wh51_patio_outGroundHumidity":{"average":{"overall":16.0},"max":{"value":16.0,"when":1759273200},"min":{"value":16.0,"when":1759273200}},"ecowitt_wittboy_outTemp":{"average":{"overall":6.9},"max":{"value":15.8,"when":1759312800},"min":{"value":3.5,"when":1759291200}},"ecowitt_wittboy_rain_day":{"average":{"overall":0.03125},"max":{"value":0.1,"when":1759302000},"min":{"value":0.0,"when":1759273200}},"ecowitt_wittboy_rain_event":{"average":{"overall":0.015278},"max":{"value":0.1,"when":1759302000},"min":{"value":0.0,"when":1759273200}},"ecowitt_wittboy_rain_rate":{"average":{"overall":0.0125},"max":{"value":0.599999,"when":1759302000},"min":{"value":0.0,"when":1759273200}},"ecowitt_wittboy_uvi":{"average":{"overall":0.2},"max":{"value":2.0,"when":1759312800},"min":{"value":0.0,"when":1759273200}},"ecowitt_wittboy_windDir":{"average":{"overall":185},"max":{"value":266,"when":1759291200},"min":{"value":14,"when":1759291200}},"ecowitt_wittboy_windGust":{"average":{"overall":12.0},"max":{"value":19.3,"when":1759287600},"min":{"value":6.7,"when":1759273200}},"ecowitt_wittboy_windSpeed":{"average":{"overall":10.0},"max":{"value":18.4,"when":1759287600},"min":{"value":5.0,"when":1759309200}},"ecowitt_wn34_shed_groundTemperature":{"average":{"overall":10.9},"max":{"value":12.7,"when":1759273200},"min":{"value":10.0,"when":1759298400}},"feelslike":{"average":{"overall":4.0},"max":{"value":14.5,"when":1759312800},"min":{"value":-1.3,"when":1759291200}},"inHumidity":{"average":{"overall":57.6},"max":{"value":58.3,"when":1759302000},"min":{"value":57.0,"when":1759291200}},"inTemp":{"average":{"overall":20.8},"max":{"value":22.4,"when":1759312800},"min":{"value":20.1,"when":1759287600}},"lightning_strike_count":{"average":{"overall":0},"max":{"value":0,"when":1759273200},"min":{"value":0,"when":1759273200}},"luminosity":{"average":{"overall":5143},"max":{"value":31087,"when":1759312800},"min":{"value":0,"when":1759273200}},"netatmo_Chitterne_co2":{"average":{"overall":1571},"max":{"value":1791,"when":1759273200},"min":{"value":1255,"when":1759312800}},"netatmo_Chitterne_inTemp":{"average":{"overall":20.0},"max":{"value":20.9,"when":1759273200},"min":{"value":19.3,"when":1759302000}},"netatmo_Chitterne_noise":{"average":{"overall":33},"max":{"value":54,"when":1759302000},"min":{"value":32,"when":1759273200}},"netatmo_Chitterne_outTemp":{"average":{"overall":8.7},"max":{"value":15.0,"when":1759312800},"min":{"value":6.4,"when":1759291200}},"netatmo_Chitterne_pressure":{"average":{"overall":1014},"max":{"value":1015,"when":1759309200},"min":{"value":1014,"when":1759273200}},"outHumidity":{"average":{"overall":87},"max":{"value":94,"when":1759305600},"min":{"value":81,"when":1759273200}},"outTemp":{"average":{"overall":6.9},"max":{"value":15.3,"when":1759312800},"min":{"value":3.5,"when":1759291200}},"pressure":{"average":{"overall":1023},"max":{"value":1023,"when":1759273200},"min":{"value":1023,"when":1759273200}},"rain":{"average":{"overall":0.0},"max":{"value":0.0,"when":1759273200},"min":{"value":0.0,"when":1759273200}},"rainRate":{"average":{"overall":0.0},"max":{"value":0.0,"when":1759273200},"min":{"value":0.0,"when":1759273200}},"rain_total":{"average":{"overall":0.0},"max":{"value":0.0,"when":1759273200},"min":{"value":0.0,"when":1759273200}},"vpd":{"average":{"overall":0.13},"max":{"value":0.27,"when":1759312800},"min":{"value":0.07,"when":1759302000}},"windrun":{"average":{"overall":0.83},"max":{"value":1.54,"when":1759287600},"min":{"value":0.42,"when":1759309200}}}}