{"charts":{"ET":[[0.28,2.0480555555555555,10.07],[0.22,1.3107670454545457,5.88],[0.14,0.778878787878788,3.18]],"api_cold":[[0.0,0.0,0.0],[0.0,0.0,0.0],[0.0,0.0,0.0]],"api_dew":[[0.0,0.0,0.0],[0.0,0.0,0.0],[0.0,0.0,0.0]],"api_foggy":[[0.0,0.044444444444444446,0.29],[0.0,0.14638888888888893,0.57],[0.0,0.07473333333333333,0.29]],"api_frost_grass":[[0.0,0.0,0.0],[0.0,0.0,0.0],[0.0,0.0,0.0]],"api_frost_ground":[[0.0,0.0,0.0],[0.0,0.0,0.0],[0.0,0.0,0.0]],"api_hot":[[0.0,0.0,0.0],[0.0,0.0,0.0],[0.0,0.0,0.0]],"api_rainy":[[0.0,0.0019444444444444446,0.14],[0.0,0.05694444444444444,0.86],[0.43,0.6685555555555556,0.86]],"api_snowy":[[0.0,0.0,0.0],[0.0,0.0,0.0],[0.0,0.0,0.0]],"api_stormy":[[0.0,0.0,0.0],[0.0,0.004375,0.14],[0.0,0.011822222222222224,0.14]],"api_thundery":[[0.0,0.0,0.0],[0.0,0.0,0.0],[0.0,0.0,0.0]],"aq_uv_index_clear_sky":[[0.0,0.7462499999999999,3.25],[0.0,0.7683617424242425,3.4],[0.0,0.9422575757575758,3.5]],"cloudbase":[[740.98,1776.9200694444444,3325.79],[665.79,1331.483061868687,2184.55],[554.42,729.0992272727273,961.16]],"dateTime":[1759273200,1759359600,1759446000],"dewpoint":[[34.69,45.084618055555545,56.01],[35.5,49.436565656565655,57.57],[54.73,58.11111616161616,60.67]],"ecowitt_gateway_inTemp":[[67.64,70.22947916666665,73.94],[67.46,70.61716856060605,73.4],[69.62,70.76584343434344,73.04]],"ecowitt_gateway_pressure":[[30.4,30.44864583333333,30.48],[30.09,30.29624368686868,30.44],[29.83,29.962297979797977,30.11]],"ecowitt_wh31_hall_inTemp":[[58.28,61.07916666666666,63.5],[60.32,61.88971275252525,63.5],[63.5,64.67129292929293,65.84]],"ecowitt_wh31_patio_outTemp":[[43.88,53.63510416666668,67.37],[45.17,55.244835858585866,64.1],[57.74,59.97856060606059,62.84]],"ecowitt_wh51_patio_outGroundHumidity":[[15.0,15.487847222222223,16.0],[14.0,14.607638888888888,17.33],[17.0,18.622166666666665,20.0]],"ecowitt_wittboy_outTemp":[[38.3,50.919270833333336,69.29],[39.74,53.43728851010101,64.46],[56.84,59.60091919191918,62.39]],"ecowitt_wittboy_rain_day":[[0.0,0.002583656250000001,0.003937],[0.0,0.005085291666666668,0.145669],[0.0,0.10646403585858587,0.161417]],"ecowitt_wittboy_rain_event":[[0.0,0.00030074305555555556,0.003937],[0.0,0.005085291666666668,0.145669],[0.145669,0.25213373030303027,0.307087]],"ecowitt_wittboy_rain_rate":[[0.0,0.0002460625,0.023622],[0.0,0.006479645833333333,0.212598],[0.0,0.013039821212121211,0.23622]],"ecowitt_wittboy_uvi":[[0.0,0.5694444444444444,4.0],[0.0,0.2607323232323232,3.0],[0.0,0.08333333333333333,1.0]],"ecowitt_wittboy_windDir":[[7.0,180.4965277777778,339.0],[3.0,182.8958333333333,352.0],[4.0,183.7449494949495,358.0]],"ecowitt_wittboy_windGust":[[5.87,10.672916666666666,19.29],[5.87,11.401351010101012,22.65],[8.39,15.547065656565655,28.52]],"ecowitt_wittboy_windSpeed":[[0.0,8.769965277777777,18.45],[0.0,8.597623106060608,22.65],[5.03,11.159737373737375,28.52]],"ecowitt_wn34_shed_groundTemperature":[[49.94,54.239375,58.64],[51.05,54.67719381313132,58.1],[57.14,58.707373737373736,60.98]],"feelslike":[[29.66,47.16635416666667,68.46],[33.62,50.53663825757575,64.68],[53.41,58.8070707070707,63.77]],"inHumidity":[[57.0,58.04375000000001,59.8],[57.9,59.70672348484849,62.7],[62.7,63.004040404040396,64.0]],"inTemp":[[68.2,70.49513888888889,73.9],[68.4,70.85530303030303,73.4],[69.6,70.77207070707071,73.0]],"lightning_strike_count":[[0.0,0.0,0.0],[0.0,0.0,0.0],[0.0,0.0,0.0]],"luminosity":[[0.0,9547.708368055555,56920.0],[0.0,6043.76723800505,36623.33],[0.0,3902.2265959595957,23083.33]],"netatmo_Chitterne_co2":[[979.0,1458.0807291666667,2108.0],[1086.43,1561.4547209595964,2293.71],[1062.86,1900.3984191919192,2363.0]],"netatmo_Chitterne_inTemp":[[66.74,68.66795138888888,70.16],[67.46,68.42130176767677,69.62],[69.08,69.3229393939394,69.8]],"netatmo_Chitterne_noise":[[32.0,33.760416666666664,65.0],[32.0,34.938573232323236,66.0],[32.0,33.24545454545454,68.0]],"netatmo_Chitterne_outTemp":[[43.52,53.59159722222223,67.46],[45.5,55.080677398989906,64.22],[57.74,59.94671717171716,62.96]],"netatmo_Chitterne_pressure":[[29.9,29.9296875,29.96],[29.59,29.781383207070707,29.91],[29.33,29.45682828282828,29.6]],"outHumidity":[[62.1,80.11354166666668,94.0],[74.9,85.77844065656568,95.3],[91.0,94.4358585858586,97.0]],"outTemp":[[38.3,50.97187499999999,69.3],[39.7,53.57392676767677,64.2],[57.4,59.84368686868687,62.7]],"pressure":[[30.1,30.199652777777786,30.2],[29.8,30.04210858585859,30.3],[29.6,29.709444444444447,29.9]],"rain":[[0.0,0.0,0.0],[0.0,0.007381875,0.59055],[0.0,0.024934333333333336,0.51181]],"rainRate":[[0.0,0.0,0.0],[0.0,0.08256763888888889,3.937],[0.0,0.3254586666666667,3.937]],"rain_total":[[0.0,0.0,0.0],[0.0,0.002476246527777778,0.074803],[0.0,0.09890646565656568,0.145669]],"vpd":[[0.02,0.09156249999999999,0.27],[0.02,0.06487689393939394,0.14],[0.02,0.0293030303030303,0.05]],"windrun":[[0.19,0.7331597222222221,1.54],[0.19,0.7187752525252527,1.89],[0.42,0.9312121212121213,2.38]]},"on_this_day":{"ET":{"average":{"overall":1.38},"max":{"value":10.07,"when":1759320000},"min":{"value":0.14,"when":1759467600}},"api_cold":{"average":{"overall":0.0},"max":{"value":0.0,"when":1759273200},"min":{"value":0.0,"when":1759273200}},"api_dew":{"average":{"overall":0.0},"max":{"value":0.0,"when":1759273200},"min":{"value":0.0,"when":1759273200}},"api_foggy":{"average":{"overall":0.1},"max":{"value":0.6,"when":1759359600},"min":{"value":0.0,"when":1759273200}},"api_frost_grass":{"average":{"overall":0.0},"max":{"value":0.0,"when":1759273200},"min":{"value":0.0,"when":1759273200}},"api_frost_ground":{"average":{"overall":0.0},"max":{"value":0.0,"when":1759273200},"min":{"value":0.0,"when":1759273200}},"api_hot":{"average":{"overall":0.0},"max":{"value":0.0,"when":1759273200},"min":{"value":0.0,"when":1759273200}},"api_rainy":{"average":{"overall":0.2},"max":{"value":0.9,"when":1759442400},"min":{"value":0.0,"when":1759273200}},"api_snowy":{"average":{"overall":0.0},"max":{"value":0.0,"when":1759273200},"min":{"value":0.0,"when":1759273200}},"api_stormy":{"average":{"overall":0.0},"max":{"value":0.1,"when":1759442400},"min":{"value":0.0,"when":1759273200}},"api_thundery":{"average":{"overall":0.0},"max":{"value":0.0,"when":1759273200},"min":{"value":0.0,"when":1759273200}},"aq_uv_index_clear_sky":{"average":{"overall":1},"max":{"value":4,"when":1759489200},"min":{"value":0,"when":1759273200}},"cloudbase":{"average":{"overall":1279},"max":{"value":3326,"when":1759330800},"min":{"value":554,"when":1759474800}},"dewpoint":{"average":{"overall":10.5},"max":{"value":15.9,"when":1759485600},"min":{"value":1.5,"when":1759287600}},"ecowitt_gateway_inTemp":{"average":{"overall":21.4},"max":{"value":23.3,"when":1759323600},"min":{"value":19.7,"when":1759363200}},"ecowitt_gateway_pressure":{"average":{"overall":1024},"max":{"value":1032,"when":1759302000},"min":{"value":1010,"when":1759496400}},"ecowitt_wh31_hall_inTemp":{"average":{"overall":17.0},"max":{"value":18.8,"when":1759496400},"min":{"value":14.6,"when":1759291200}},"ecowitt_wh31_patio_outTemp":{"average":{"overall":13.5},"max":{"value":19.7,"when":1759323600},"min":{"value":6.6,"when":1759291200}},"ecowitt_wh51_patio_outGroundHumidity":{"average":{"overall":16.2},"max":{"value":20.0,"when":1759460400},"min":{"value":14.0,"when":1759399200}},"ecowitt_wittboy_outTemp":{"average":{"overall":12.6},"max":{"value":20.7,"when":1759327200},"min":{"value":3.5,"when":1759291200}},"ecowitt_wittboy_rain_day":{"average":{"overall":0.966326},"max":{"value":4.099992,"when":1759496400},"min":{"value":0.0,"when":1759273200}},"ecowitt_wittboy_rain_event":{"average":{"overall":2.180334},"max":{"value":7.80001,"when":1759496400},"min":{"value":0.0,"when":1759273200}},"ecowitt_wittboy_rain_rate":{"average":{"overall":0.167348},"max":{"value":5.999988,"when":1759460400},"min":{"value":0.0,"when":1759273200}},"ecowitt_wittboy_uvi":{"average":{"overall":0.3},"max":{"value":4.0,"when":1759316400},"min":{"value":0.0,"when":1759273200}},"ecowitt_wittboy_windDir":{"average":{"overall":182},"max":{"value":358,"when":1759453200},