{"charts":{"ET":[[0.25,0.33,0.38],[0.27,0.31,0.35]],"api_cold":[[0.0,0.0,0.0],[0.0,0.0,0.0]],"api_dew":[[0.0,0.0,0.0],[0.0,0.0,0.0]],"api_foggy":[[0.3,0.3,0.3],[0.4,0.4,0.4]],"api_frost_grass":[[0.0,0.0,0.0],[0.0,0.0,0.0]],"api_frost_ground":[[0.0,0.0,0.0],[0.0,0.0,0.0]],"api_hot":[[0.0,0.0,0.0],[0.0,0.0,0.0]],"api_rainy":[[0.0,0.0,0.0],[0.0,0.0,0.0]],"api_snowy":[[0.0,0.0,0.0],[0.0,0.0,0.0]],"api_stormy":[[0.0,0.0,0.0],[0.0,0.0,0.0]],"api_thundery":[[0.0,0.0,0.0],[0.0,0.0,0.0]],"aq_uv_index_clear_sky":[[0,0,0],[0,0,0]],"cloudbase":[[897,916,918],[883,885,897]],"dateTime":[1777762800,1777766400],"dewpoint":[[11.2,11.3,11.3],[11.2,11.2,11.3]],"ecowitt_gateway_inTemp":[[19.6,19.7,19.8],[19.5,19.5,19.6]],"ecowitt_gateway_pressure":[[1015,1015,1015],[1015,1015,1015]],"ecowitt_wh31_hall_inTemp":[[16.9,16.9,17.0],[16.9,16.9,16.9]],"ecowitt_wh31_patio_outTemp":[[13.6,13.7,13.8],[13.5,13.5,13.6]],"ecowitt_wh51_patio_outGroundHumidity":[[20.0,20.0,20.0],[20.0,20.0,20.0]],"ecowitt_wittboy_outTemp":[[11.7,11.7,11.8],[11.6,11.6,11.7]],"ecowitt_wittboy_rain_day":[[0.0,0.308333,3.699993],[0.0,0.0,0.0]],"ecowitt_wittboy_rain_event":[[3.699993,3.699993,3.699993],[3.699993,3.699993,3.699993]],"ecowitt_wittboy_rain_rate":[[0.0,0.0,0.0],[0.0,0.0,0.0]],"ecowitt_wittboy_uvi":[[0.0,0.0,0.0],[0.0,0.0,0.0]],"ecowitt_wittboy_windDir":[[193,207,218],[200,209,218]],"ecowitt_wittboy_windGust":[[8.0,9.3,10.9],[8.7,9.5,10.9]],"ecowitt_wittboy_windSpeed":[[7.3,8.5,9.4],[7.3,8.5,10.9]],"ecowitt_wn34_shed_groundTemperature":[[15.8,16.0,16.1],[15.6,15.7,15.8]],"feelslike":[[10.6,10.9,11.5],[10.3,10.8,11.3]],"inHumidity":[[58.0,58.2,58.5],[58.5,58.5,58.5]],"inTemp":[[18.2,18.3,18.4],[18.2,18.2,18.2]],"lightning_strike_count":[[0,0,0],[0,0,0]],"luminosity":[[0,0,0],[0,0,0]],"netatmo_Chitterne_co2":[[null,null,null],[null,null,null]],"netatmo_Chitterne_inTemp":[[null,null,null],[null,null,null]],"netatmo_Chitterne_noise":[[null,null,null],[null,null,null]],"netatmo_Chitterne_outTemp":[[null,null,null],[null,null,null]],"netatmo_Chitterne_pressure":[[null,null,null],[null,null,null]],"outHumidity":[[91,91,91],[91,91,92]],"outTemp":[[12.7,12.7,12.8],[12.6,12.6,12.7]],"pressure":[[1016,1016,1016],[1016,1016,1016]],"rain":[[null,null,null],[null,null,null]],"rainRate":[[0.0,0.0,0.0],[0.0,0.0,0.0]],"rain_total":[[null,null,null],[null,null,null]],"vpd":[[0.14,0.14,0.14],[0.14,0.14,0.14]],"windrun":[[0.61,0.71,0.79],[0.61,0.71,0.91]]},"on_this_day":{"ET":{"average":{"overall":0.32},"max":{"value":0.38,"when":1777762800},"min":{"value":0.25,"when":1777762800}},"api_cold":{"average":{"overall":0.0},"max":{"value":0.0,"when":1777762800},"min":{"value":0.0,"when":1777762800}},"api_dew":{"average":{"overall":0.0},"max":{"value":0.0,"when":1777762800},"min":{"value":0.0,"when":1777762800}},"api_foggy":{"average":{"overall":0.4},"max":{"value":0.4,"when":1777766400},"min":{"value":0.3,"when":1777762800}},"api_frost_grass":{"average":{"overall":0.0},"max":{"value":0.0,"when":1777762800},"min":{"value":0.0,"when":1777762800}},"api_frost_ground":{"average":{"overall":0.0},"max":{"value":0.0,"when":1777762800},"min":{"value":0.0,"when":1777762800}},"api_hot":{"average":{"overall":0.0},"max":{"value":0.0,"when":1777762800},"min":{"value":0.0,"when":1777762800}},"api_rainy":{"average":{"overall":0.0},"max":{"value":0.0,"when":1777762800},"min":{"value":0.0,"when":1777762800}},"api_snowy":{"average":{"overall":0.0},"max":{"value":0.0,"when":1777762800},"min":{"value":0.0,"when":1777762800}},"api_stormy":{"average":{"overall":0.0},"max":{"value":0.0,"when":1777762800},"min":{"value":0.0,"when":1777762800}},"api_thundery":{"average":{"overall":0.0},"max":{"value":0.0,"when":1777762800},"min":{"value":0.0,"when":1777762800}},"aq_uv_index_clear_sky":{"average":{"overall":0},"max":{"value":0,"when":1777762800},"min":{"value":0,"when":1777762800}},"cloudbase":{"average":{"overall":900},"max":{"value":918,"when":1777762800},"min":{"value":883,"when":1777766400}},"dewpoint":{"average":{"overall":11.3},"max":{"value":11.3,"when":1777762800},"min":{"value":11.2,"when":1777766400}},"ecowitt_gateway_inTemp":{"average":{"overall":19.6},"max":{"value":19.8,"when":1777762800},"min":{"value":19.5,"when":1777766400}},"ecowitt_gateway_pressure":{"average":{"overall":1015},"max":{"value":1015,"when":1777762800},"min":{"value":1015,"when":1777762800}},"ecowitt_wh31_hall_inTemp":{"average":{"overall":16.9},"max":{"value":17.0,"when":1777762800},"min":{"value":16.9,"when":1777766400}},"ecowitt_wh31_patio_outTemp":{"average":{"overall":13.6},"max":{"value":13.8,"when":1777762800},"min":{"value":13.5,"when":1777766400}},"ecowitt_wh51_patio_outGroundHumidity":{"average":{"overall":20.0},"max":{"value":20.0,"when":1777762800},"min":{"value":20.0,"when":1777762800}},"ecowitt_wittboy_outTemp":{"average":{"overall":11.7},"max":{"value":11.8,"when":1777762800},"min":{"value":11.6,"when":1777766400}},"ecowitt_wittboy_rain_day":{"average":{"overall":0.154166},"max":{"value":3.699993,"when":1777762800},"min":{"value":0.0,"when":1777762800}},"ecowitt_wittboy_rain_event":{"average":{"overall":3.699993},"max":{"value":3.699993,"when":1777762800},"min":{"value":3.699993,"when":1777762800}},"ecowitt_wittboy_rain_rate":{"average":{"overall":0.0},"max":{"value":0.0,"when":1777762800},"min":{"value":0.0,"when":1777762800}},"ecowitt_wittboy_uvi":{"average":{"overall":0.0},"max":{"value":0.0,"when":1777762800},"min":{"value":0.0,"when":1777762800}},"ecowitt_wittboy_windDir":{"average":{"overall":208},"max":{"value":218,"when":1777762800},"min":{"value":193,"when":1777762800}},"ecowitt_wittboy_windGust":{"average":{"overall":9.4},"max":{"value":10.9,"when":1777762800},"min":{"value":8.0,"when":1777762800}},"ecowitt_wittboy_windSpeed":{"average":{"overall":8.5},"max":{"value":10.9,"when":1777766400},"min":{"value":7.3,"when":1777762800}},"ecowitt_wn34_shed_groundTemperature":{"average":{"overall":15.9},"max":{"value":16.1,"when":1777762800},"min":{"value":15.6,"when":1777766400}},"feelslike":{"average":{"overall":10.9},"max":{"value":11.5,"when":1777762800},"min":{"value":10.3,"when":1777766400}},"inHumidity":{"average":{"overall":58.3},"max":{"value":58.5,"when":1777762800},"min":{"value":58.0,"when":1777762800}},"inTemp":{"average":{"overall":18.3},"max":{"value":18.4,"when":1777762800},"min":{"value":18.2,"when":1777766400}},"lightning_strike_count":{"average":{"overall":0},"max":{"value":0,"when":1777762800},"min":{"value":0,"when":1777762800}},"luminosity":{"average":{"overall":0},"max":{"value":0,"when":1777762800},"min":{"value":0,"when":1777762800}},"netatmo_Chitterne_co2":{"average":{"overall":null},"max":{"value":null,"when":null},"min":{"value":null,"when":null}},"netatmo_Chitterne_inTemp":{"average":{"overall":null},"max":{"value":null,"when":null},"min":{"value":null,"when":null}},"netatmo_Chitterne_noise":{"average":{"overall":null},"max":{"value":null,"when":null},"min":{"value":null,"when":null}},"netatmo_Chitterne_outTemp":{"average":{"overall":null},"max":{"value":null,"when":null},"min":{"value":null,"when":null}},"netatmo_Chitterne_pressure":{"average":{"overall":null},"max":{"value":null,"when":null},"min":{"value":null,"when":null}},"outHumidity":{"average":{"overall":91},"max":{"value":92,"when":1777766400},"min":{"value":91,"when":1777762800}},"outTemp":{"average":{"overall":12.7},"max":{"value":12.8,"when":1777762800},"min":{"value":12.6,"when":1777766400}},"pressure":{"average":{"overall":1016},"max":{"value":1016,"when":1777762800},"min":{"value":1016,"when":1777762800}},"rain":{"average":{"overall":null},"max":{"value":null,"when":null},"min":{"value":null,"when":null}},"rainRate":{"average":{"overall":0.0},"max":{"value":0.0,"when":1777762800},"min":{"value":0.0,"when":1777762800}},"rain_total":{"average":{"overall":null},"max":{"value":null,"when":null},"min":{"value":null,"when":null}},"vpd":{"average":{"overall":0.14},"max":{"value":0.14,"when":1777762800},"min":{"value":0.14,"when":1777762800}},