{"charts":{"ET":[[0.11,0.88,5.24],[0.21,1.58,7.01],[0.11,1.2,6.33],[0.18,1.82,6.27]],"api_cold":[[0.0,0.0,0.0],[0.0,0.0,0.0],[0.0,0.0,0.0],[0.0,0.0,0.0]],"api_dew":[[0.0,0.0,0.1],[0.0,0.0,0.0],[0.0,0.0,0.3],[0.0,0.1,0.4]],"api_foggy":[[0.0,0.0,0.1],[0.0,0.0,0.1],[0.0,0.1,0.4],[0.0,0.1,0.3]],"api_frost_grass":[[0.0,0.0,0.0],[0.0,0.0,0.0],[0.0,0.0,0.0],[0.0,0.1,0.3]],"api_frost_ground":[[0.0,0.0,0.0],[0.0,0.0,0.0],[0.0,0.0,0.0],[0.0,0.0,0.0]],"api_hot":[[0.0,0.0,0.0],[0.0,0.0,0.0],[0.0,0.0,0.0],[0.0,0.0,0.0]],"api_rainy":[[0.0,0.3,0.6],[0.0,0.0,0.0],[0.0,0.0,0.1],[0.0,0.0,0.0]],"api_snowy":[[0.0,0.0,0.0],[0.0,0.0,0.0],[0.0,0.0,0.0],[0.0,0.0,0.0]],"api_stormy":[[0.0,0.0,0.0],[0.0,0.0,0.0],[0.0,0.0,0.0],[0.0,0.0,0.0]],"api_thundery":[[0.0,0.0,0.0],[0.0,0.0,0.0],[0.0,0.0,0.0],[0.0,0.0,0.0]],"aq_uv_index_clear_sky":[[0,0,2],[0,0,2],[0,0,2],[0,1,2]],"cloudbase":[[607,955,1446],[832,1430,2494],[704,1191,1873],[601,1253,2413]],"dateTime":[1772323200,1772409600,1772496000,1772582400],"dewpoint":[[5.6,8.4,10.7],[1.2,7.3,10.9],[2.8,6.8,11.5],[-1.2,4.9,10.6]],"ecowitt_gateway_inTemp":[[20.4,23.0,24.7],[20.5,22.7,25.0],[20.1,22.0,24.3],[20.0,21.0,22.5]],"ecowitt_gateway_pressure":[[1016,1018,1022],[1015,1018,1026],[1025,1030,1032],[1024,1029,1032]],"ecowitt_wh31_hall_inTemp":[[15.1,16.4,17.2],[15.6,17.3,18.3],[15.4,15.9,16.6],[14.9,15.5,16.5]],"ecowitt_wh31_patio_outTemp":[[8.3,10.3,13.2],[5.8,10.9,16.0],[6.7,10.2,15.3],[4.0,8.4,14.6]],"ecowitt_wh51_patio_outGroundHumidity":[[43.0,47.7,50.0],[39.0,44.3,49.0],[29.0,34.9,39.0],[27.0,28.4,29.0]],"ecowitt_wittboy_outTemp":[[7.1,9.7,12.9],[2.9,9.7,15.5],[4.0,8.6,14.8],[0.4,7.1,16.3]],"ecowitt_wittboy_rain_day":[[0.0,0.550346,0.799998],[0.0,0.002778,0.799998],[0.0,0.0,0.0],[0.0,0.0,0.0]],"ecowitt_wittboy_rain_event":[[0.0,2.346877,9.400007],[0.0,0.0,0.0],[0.0,0.0,0.0],[0.0,0.0,0.0]],"ecowitt_wittboy_rain_rate":[[0.0,0.05,1.199998],[0.0,0.0,0.0],[0.0,0.0,0.0],[0.0,0.0,0.0]],"ecowitt_wittboy_uvi":[[0.0,0.2,3.0],[0.0,0.4,3.0],[0.0,0.3,3.0],[0.0,0.7,3.0]],"ecowitt_wittboy_windDir":[[2,212,358],[9,218,355],[74,202,328],[5,204,314]],"ecowitt_wittboy_windGust":[[6.0,11.9,28.2],[5.0,9.7,18.1],[5.0,11.3,27.7],[5.0,11.2,21.6]],"ecowitt_wittboy_windSpeed":[[4.0,8.8,23.1],[2.5,7.5,15.1],[4.0,9.6,26.2],[3.5,9.4,18.6]],"ecowitt_wn34_shed_groundTemperature":[[9.8,10.7,11.4],[10.1,11.5,13.0],[10.0,11.3,12.5],[9.0,10.1,11.6]],"feelslike":[[3.8,7.6,11.2],[-0.9,7.2,14.7],[-0.2,6.0,13.4],[-4.1,3.9,13.6]],"inHumidity":[[56.3,58.0,60.5],[55.8,57.5,59.3],[55.0,56.5,57.7],[54.0,55.5,57.3]],"inTemp":[[20.4,23.0,24.7],[20.5,22.7,25.0],[20.5,22.1,24.3],[20.2,21.1,22.5]],"lightning_strike_count":[[0,0,0],[0,0,1],[0,0,0],[0,0,0]],"luminosity":[[0,4793,38454],[0,7987,42765],[0,6481,44390],[0,12189,41915]],"netatmo_Chitterne_co2":[[381,992,2054],[389,964,2090],[431,956,1960],[399,1007,2071]],"netatmo_Chitterne_inTemp":[[19.1,19.9,20.4],[19.1,20.0,20.8],[19.8,20.6,21.5],[18.5,19.5,20.5]],"netatmo_Chitterne_noise":[[32,34,59],[32,34,60],[32,34,72],[32,35,66]],"netatmo_Chitterne_outTemp":[[8.2,10.2,13.0],[5.7,10.8,15.9],[6.1,10.0,15.2],[3.7,8.1,14.6]],"netatmo_Chitterne_pressure":[[999,1001,1004],[997,1000,1007],[1007,1012,1014],[1007,1011,1014]],"outHumidity":[[84,91,95],[71,84,92],[79,87,94],[71,86,96]],"outTemp":[[7.1,9.8,13.0],[2.9,9.8,15.8],[3.9,8.7,15.1],[0.4,7.0,15.1]],"pressure":[[1009,1010,1019],[1006,1009,1016],[1016,1021,1029],[1016,1020,1029]],"rain":[[0.0,0.173611,6.999986],[0.0,0.0,0.0],[0.0,0.0,0.0],[0.0,0.0,0.0]],"rainRate":[[0.0,2.027774,27.999944],[0.0,0.0,0.0],[0.0,0.0,0.0],[0.0,0.0,0.0]],"rain_total":[[0.0,1.162466,1.799996],[0.0,0.00625,1.799996],[0.0,0.0,0.0],[0.0,0.0,0.0]],"vpd":[[0.07,0.12,0.24],[0.07,0.21,0.51],[0.07,0.16,0.37],[0.03,0.16,0.51]],"windrun":[[0.34,0.74,1.93],[0.32,0.66,1.26],[0.34,0.8,2.18],[0.38,0.79,1.55]]},"on_this_day":{"ET":{"average":{"overall":1.37},"max":{"value":7.01,"when":1772456400},"min":{"value":0.11,"when":1772344800}},"api_cold":{"average":{"overall":0.0},"max":{"value":0.0,"when":1772323200},"min":{"value":0.0,"when":1772323200}},"api_dew":{"average":{"overall":0.0},"max":{"value":0.4,"when":1772586000},"min":{"value":0.0,"when":1772326800}},"api_foggy":{"average":{"overall":0.0},"max":{"value":0.4,"when":1772506800},"min":{"value":0.0,"when":1772323200}},"api_frost_grass":{"average":{"overall":0.0},"max":{"value":0.3,"when":1772600400},"min":{"value":0.0,"when":1772323200}},"api_frost_ground":{"average":{"overall":0.0},"max":{"value":0.0,"when":1772323200},"min":{"value":0.0,"when":1772323200}},"api_hot":{"average":{"overall":0.0},"max":{"value":0.0,"when":1772323200},"min":{"value":0.0,"when":1772323200}},"api_rainy":{"average":{"overall":0.1},"max":{"value":0.6,"when":1772330400},"min":{"value":0.0,"when":1772395200}},"api_snowy":{"average":{"overall":0.0},"max":{"value":0.0,"when":1772323200},"min":{"value":0.0,"when":1772323200}},"api_stormy":{"average":{"overall":0.0},"max":{"value":0.0,"when":1772323200},"min":{"value":0.0,"when":1772323200}},"api_thundery":{"average":{"overall":0.0},"max":{"value":0.0,"when":1772323200},"min":{"value":0.0,"when":1772323200}},"aq_uv_index_clear_sky":{"average":{"overall":0},"max":{"value":2,"when":1772452800},"min":{"value":0,"when":1772323200}},"cloudbase":{"average":{"overall":1207},"max":{"value":2494,"when":1772460000},"min":{"value":601,"when":1772611200}},"dewpoint":{"average":{"overall":6.9},"max":{"value":11.5,"when":1772539200},"min":{"value":-1.2,"when":1772604000}},"ecowitt_gateway_inTemp":{"average":{"overall":22.2},"max":{"value":25.0,"when":1772445600},"min":{"value":20.0,"when":1772582400}},"ecowitt_gateway_pressure":{"average":{"overall":1024},"max":{"value":1032,"when":1772571600},"min":{"value":1015,"when":1772420400}},"ecowitt_wh31_hall_inTemp":{"average":{"overall":16.3},"max":{"value":18.3,"when":1772463600},"min":{"value":14.9,"when":1772611200}},"ecowitt_wh31_patio_outTemp":{"average":{"overall":9.9},"max":{"value":16.0,"when":1772456400},"min":{"value":4.0,"when":1772604000}},"ecowitt_wh51_patio_outGroundHumidity":{"average":{"overall":38.8},"max":{"value":50.0,"when":1772352000},"min":{"value":27.0,"when":1772629200}},"ecowitt_wittboy_outTemp":{"average":{"overall":8.8},"max":{"value":16.3,"when":1772636400},"min":{"value":0.4,"when":1772604000}},"ecowitt_wittboy_rain_day":{"average":{"overall":0.138281},"max":{"value":0.799998,"when":1772395200},"min":{"value":0.0,"when":1772323200}},"ecowitt_wittboy_rain_event":{"average":{"overall":0.586719},"max":{"value":9.400007,"when":1772337600},"min":{"value":0.0,"when":1772344800}},"ecowitt_wittboy_rain_rate":{"average":{"overall":0.0125},"max":{"value":1.199998,"when":1772326800},"min":{"value":0.0,"when":1772323200}},"ecowitt_wittboy_uvi":{"average":{"overall":0.4},"max":{"value":3.0,"when":1772373600},"min":{"value":0.0,"when":1772323200}},"ecowitt_wittboy_windDir":{"average":{"overall":209},"max":{"value":358,"when":1772362800},"min":{"value":2,"when":1772370000}},"ecowitt_wittboy_windGust":{"average":{"overall":11.0},"max":{"value":28.2,"when":1772373600},"min":{"value":5.0,"when":1772467200}},"ecowitt_wittboy_windSpeed":{"average":{"overall":8.8},"max":{"value":26.2,"when":1772528400},"min":{"value":2.5,"when":1772452800}},"ecowitt_wn34_shed_groundTemperature":{"average":{"overall":10.9},"max":{"value":13.0,"when":1772478000},"min":{"value":9.0,"when":1772618400}},"feelslike":{"average":{"overall":6.2},"max":{"value":14.7,"when":1772456400},"min":{"value":-4.1,"when":1772604000}},"inHumidity":{"average":{"overall":56.9},"max":{"value":60.5,"when":1772330400},"min":{"value":54.0,"when":1772604000}},"inTemp":{"average":{"overall":22.2},"max":{"value":25.0,"when":1772445600},"min":{"value":20.2,"when":1772589600}},"lightning_strike_count":{"average":{"overall":0},"max":{"value":1,"when":1772431200},"min":{"value":0,"when":1772323200}},"luminosity":{"average":{"overall":7863},"max":{"value":44390,"when":1772539200},"min":{"value":0,"when":1772323200}},