{"charts":{"ET":[[0.28,2.0480555555555555,10.07],[0.22,1.310931186868687,5.88]],"api_cold":[[0.0,0.0,0.0],[0.0,0.0,0.0]],"api_dew":[[0.0,0.0,0.0],[0.0,0.0,0.0]],"api_foggy":[[0.0,0.044444444444444446,0.29],[0.0,0.1468055555555556,0.57]],"api_frost_grass":[[0.0,0.0,0.0],[0.0,0.0,0.0]],"api_frost_ground":[[0.0,0.0,0.0],[0.0,0.0,0.0]],"api_hot":[[0.0,0.0,0.0],[0.0,0.0,0.0]],"api_rainy":[[0.0,0.0019444444444444446,0.14],[0.0,0.056289682539682535,0.86]],"api_snowy":[[0.0,0.0,0.0],[0.0,0.0,0.0]],"api_stormy":[[0.0,0.0,0.0],[0.0,0.004166666666666667,0.14]],"api_thundery":[[0.0,0.0,0.0],[0.0,0.0,0.0]],"aq_uv_index_clear_sky":[[0.0,0.7462499999999999,3.25],[0.0,0.7683617424242425,3.4]],"cloudbase":[[740.98,1776.9200694444444,3325.79],[665.79,1331.7569160353535,2184.55]],"dateTime":[1759273200,1759359600],"dewpoint":[[34.69,45.084618055555545,56.01],[35.5,49.435609217171724,57.57]],"ecowitt_gateway_inTemp":[[67.64,70.22947916666665,73.94],[67.46,70.61775568181817,73.4]],"ecowitt_gateway_pressure":[[30.4,30.44864583333333,30.48],[30.09,30.296224747474742,30.44]],"ecowitt_wh31_hall_inTemp":[[58.28,61.07916666666666,63.5],[60.32,61.88971275252525,63.5]],"ecowitt_wh31_patio_outTemp":[[43.88,53.63510416666668,67.37],[45.17,55.24509154040405,64.1]],"ecowitt_wh51_patio_outGroundHumidity":[[15.0,15.487847222222223,16.0],[14.0,14.605785984848483,17.33]],"ecowitt_wittboy_outTemp":[[38.3,50.919270833333336,69.29],[39.74,53.4379797979798,64.46]],"ecowitt_wittboy_rain_day":[[0.0,0.002583656250000001,0.003937],[0.0,0.004956046717171717,0.141732]],"ecowitt_wittboy_rain_event":[[0.0,0.00030074305555555556,0.003937],[0.0,0.004956046717171717,0.141732]],"ecowitt_wittboy_rain_rate":[[0.0,0.0002460625,0.023622],[0.0,0.006762990530303031,0.212598]],"ecowitt_wittboy_uvi":[[0.0,0.5694444444444444,4.0],[0.0,0.2607323232323232,3.0]],"ecowitt_wittboy_windDir":[[7.0,180.4965277777778,339.0],[3.0,182.80523989898987,352.0]],"ecowitt_wittboy_windGust":[[5.87,10.672916666666666,19.29],[5.87,11.35925820707071,22.65]],"ecowitt_wittboy_windSpeed":[[0.0,8.769965277777777,18.45],[0.0,8.600801767676769,22.65]],"ecowitt_wn34_shed_groundTemperature":[[49.94,54.239375,58.64],[51.05,54.67808396464647,58.1]],"feelslike":[[29.66,47.16635416666667,68.46],[33.62,50.53611742424241,64.68]],"inHumidity":[[57.0,58.04375000000001,59.8],[57.9,59.70514520202021,62.7]],"inTemp":[[68.2,70.49513888888889,73.9],[68.4,70.85590277777779,73.4]],"lightning_strike_count":[[0.0,0.0,0.0],[0.0,0.0,0.0]],"luminosity":[[0.0,9547.708368055555,56920.0],[0.0,6043.76723800505,36623.33]],"netatmo_Chitterne_co2":[[979.0,1458.0807291666667,2108.0],[1086.43,1561.10553219697,2292.0]],"netatmo_Chitterne_inTemp":[[66.74,68.66795138888888,70.16],[67.46,68.42130176767677,69.62]],"netatmo_Chitterne_noise":[[32.0,33.760416666666664,65.0],[32.0,34.94330808080809,66.0]],"netatmo_Chitterne_outTemp":[[43.52,53.59159722222223,67.46],[45.5,55.08069633838384,64.22]],"netatmo_Chitterne_pressure":[[29.9,29.9296875,29.96],[29.59,29.781405303030308,29.91]],"outHumidity":[[62.1,80.11354166666668,94.0],[74.9,85.77474747474749,95.3]],"outTemp":[[38.3,50.97187499999999,69.3],[39.7,53.57421085858585,64.2]],"pressure":[[30.1,30.199652777777786,30.2],[29.8,30.042234848484853,30.3]],"rain":[[0.0,0.0,0.0],[0.0,0.007468866792929293,0.59055]],"rainRate":[[0.0,0.0,0.0],[0.0,0.08559992424242424,3.937]],"rain_total":[[0.0,0.0,0.0],[0.0,0.0024020372474747474,0.072553]],"vpd":[[0.02,0.09156249999999999,0.27],[0.02,0.06489583333333333,0.14]],"windrun":[[0.19,0.7331597222222221,1.54],[0.19,0.7190404040404043,1.89]]},"on_this_day":{"ET":{"average":{"overall":1.68},"max":{"value":10.07,"when":1759320000},"min":{"value":0.22,"when":1759370400}},"api_cold":{"average":{"overall":0.0},"max":{"value":0.0,"when":1759273200},"min":{"value":0.0,"when":1759273200}},"api_dew":{"average":{"overall":0.0},"max":{"value":0.0,"when":1759273200},"min":{"value":0.0,"when":1759273200}},"api_foggy":{"average":{"overall":0.1},"max":{"value":0.6,"when":1759359600},"min":{"value":0.0,"when":1759273200}},"api_frost_grass":{"average":{"overall":0.0},"max":{"value":0.0,"when":1759273200},"min":{"value":0.0,"when":1759273200}},"api_frost_ground":{"average":{"overall":0.0},"max":{"value":0.0,"when":1759273200},"min":{"value":0.0,"when":1759273200}},"api_hot":{"average":{"overall":0.0},"max":{"value":0.0,"when":1759273200},"min":{"value":0.0,"when":1759273200}},"api_rainy":{"average":{"overall":0.0},"max":{"value":0.9,"when":1759442400},"min":{"value":0.0,"when":1759273200}},"api_snowy":{"average":{"overall":0.0},"max":{"value":0.0,"when":1759273200},"min":{"value":0.0,"when":1759273200}},"api_stormy":{"average":{"overall":0.0},"max":{"value":0.1,"when":1759442400},"min":{"value":0.0,"when":1759273200}},"api_thundery":{"average":{"overall":0.0},"max":{"value":0.0,"when":1759273200},"min":{"value":0.0,"when":1759273200}},"aq_uv_index_clear_sky":{"average":{"overall":1},"max":{"value":3,"when":1759402800},"min":{"value":0,"when":1759273200}},"cloudbase":{"average":{"overall":1554},"max":{"value":3326,"when":1759330800},"min":{"value":666,"when":1759395600}},"dewpoint":{"average":{"overall":8.5},"max":{"value":14.2,"when":1759410000},"min":{"value":1.5,"when":1759287600}},"ecowitt_gateway_inTemp":{"average":{"overall":21.3},"max":{"value":23.3,"when":1759323600},"min":{"value":19.7,"when":1759363200}},"ecowitt_gateway_pressure":{"average":{"overall":1029},"max":{"value":1032,"when":1759302000},"min":{"value":1019,"when":1759442400}},"ecowitt_wh31_hall_inTemp":{"average":{"overall":16.4},"max":{"value":17.5,"when":1759341600},"min":{"value":14.6,"when":1759291200}},"ecowitt_wh31_patio_outTemp":{"average":{"overall":12.5},"max":{"value":19.7,"when":1759323600},"min":{"value":6.6,"when":1759291200}},"ecowitt_wh51_patio_outGroundHumidity":{"average":{"overall":15.0},"max":{"value":17.3,"when":1759442400},"min":{"value":14.0,"when":1759399200}},"ecowitt_wittboy_outTemp":{"average":{"overall":11.2},"max":{"value":20.7,"when":1759327200},"min":{"value":3.5,"when":1759291200}},"ecowitt_wittboy_rain_day":{"average":{"overall":0.095754},"max":{"value":3.599993,"when":1759442400},"min":{"value":0.0,"when":1759273200}},"ecowitt_wittboy_rain_event":{"average":{"overall":0.066761},"max":{"value":3.599993,"when":1759442400},"min":{"value":0.0,"when":1759273200}},"ecowitt_wittboy_rain_rate":{"average":{"overall":0.089015},"max":{"value":5.399989,"when":1759442400},"min":{"value":0.0,"when":1759273200}},"ecowitt_wittboy_uvi":{"average":{"overall":0.4},"max":{"value":4.0,"when":1759316400},"min":{"value":0.0,"when":1759273200}},"ecowitt_wittboy_windDir":{"average":{"overall":182},"max":{"value":352,"when":1759392000},"min":{"value":3,"when":1759413600}},"ecowitt_wittboy_windGust":{"average":{"overall":11.0},"max":{"value":22.6,"when":1759377600},"min":{"value":5.9,"when":1759334400}},"ecowitt_wittboy_windSpeed":{"average":{"overall":8.7},"max":{"value":22.6,"when":1759377600},"min":{"value":0.0,"when":1759323600}},"ecowitt_wn34_shed_groundTemperature":{"average":{"overall":12.5},"max":{"value":14.8,"when":1759338000},"min":{"value":10.0,"when":1759298400}},"feelslike":{"average":{"overall":9.4},"max":{"value":20.3,"when":1759327200},"min":{"value":-1.3,"when":1759291200}},"inHumidity":{"average":{"overall":58.9},"max":{"value":62.7,"when":1759442400},"min":{"value":57.0,"when":1759291200}},"inTemp":{"average":{"overall":21.5},"max":{"value":23.3,"when":1759323600},"min":{"value":20.1,"when":1759287600}},"lightning_strike_count":{"average":{"overall":0},"max":{"value":0,"when":1759273200},"min":{"value":0,"when":1759273200}},"luminosity":{"average":{"overall":7796},"max":{"value":56920,"when":1759320000},"min":{"value":0,"when":1759273200}},"netatmo_Chitterne_co2":{"average":{"overall":1510},"max":{"value":2292,"when":1759442400},"min":{"value":979,"when":1759323600}},"netatmo_Chitterne_inTemp":{"average":{"overall":20.3},"max":{"value":21.2,"when":1759352400},"min":{"value":19.3,"when":1759302000}},