{"charts":{"ET":[[0.09,0.43,1.74],[0.15,0.43,1.45],[0.13,0.41,1.28],[0.23,0.28,0.33]],"api_cold":[[0.0,0.2,0.6],[0.0,0.3,0.6],[0.1,0.5,0.9],[0.9,0.9,0.9]],"api_dew":[[0.0,0.1,0.4],[0.0,0.0,0.1],[0.0,0.0,0.0],[0.0,0.0,0.0]],"api_foggy":[[0.0,0.0,0.3],[0.0,0.0,0.0],[0.0,0.0,0.0],[0.0,0.0,0.0]],"api_frost_grass":[[0.0,0.3,0.6],[0.0,0.3,0.4],[0.0,0.3,0.4],[0.4,0.4,0.4]],"api_frost_ground":[[0.0,0.2,0.6],[0.0,0.3,0.4],[0.0,0.3,0.4],[0.4,0.4,0.4]],"api_hot":[[0.0,0.0,0.0],[0.0,0.0,0.0],[0.0,0.0,0.0],[0.0,0.0,0.0]],"api_rainy":[[0.0,0.0,0.1],[0.0,0.0,0.4],[0.0,0.0,0.0],[0.0,0.0,0.0]],"api_snowy":[[0.0,0.0,0.0],[0.0,0.0,0.1],[0.0,0.0,0.1],[0.0,0.0,0.0]],"api_stormy":[[0.0,0.0,0.0],[0.0,0.0,0.0],[0.0,0.0,0.0],[0.0,0.0,0.0]],"api_thundery":[[0.0,0.0,0.0],[0.0,0.0,0.0],[0.0,0.0,0.0],[0.0,0.0,0.0]],"aq_uv_index_clear_sky":[[0,0,1],[0,0,0],[0,0,1],[0,0,0]],"cloudbase":[[721,1000,1409],[807,1269,2278],[883,1395,2266],[1230,1313,1380]],"dateTime":[1767225600,1767312000,1767398400,1767484800],"dewpoint":[[-4.6,0.6,4.2],[-4.3,-0.9,2.4],[-5.5,-2.9,-1.4],[-6.1,-5.1,-4.2]],"ecowitt_gateway_inTemp":[[16.3,19.6,21.8],[17.2,20.1,22.1],[16.1,19.2,21.0],[16.0,16.1,16.2]],"ecowitt_gateway_pressure":[[1013,1017,1026],[1010,1013,1015],[1014,1017,1021],[1020,1020,1020]],"ecowitt_wh31_hall_inTemp":[[7.4,9.7,10.9],[9.7,10.6,11.9],[9.2,10.0,11.3],[8.8,9.0,9.2]],"ecowitt_wh31_patio_outTemp":[[-1.8,2.7,6.7],[0.0,2.2,4.1],[-0.9,0.8,3.0],[-2.1,-1.2,-0.6]],"ecowitt_wh51_patio_outGroundHumidity":[[13.0,17.4,20.0],[17.0,20.0,21.0],[14.0,15.5,18.0],[13.0,13.1,14.0]],"ecowitt_wittboy_outTemp":[[-3.4,2.3,7.0],[-2.0,1.3,4.1],[-3.1,-0.4,3.5],[-4.2,-2.9,-1.9]],"ecowitt_wittboy_rain_day":[[0.0,0.0,0.0],[0.0,1.164928,1.599997],[0.0,0.0,0.0],[0.0,0.0,0.0]],"ecowitt_wittboy_rain_event":[[0.0,0.0,0.0],[0.0,1.164928,1.599997],[0.0,0.405555,1.599997],[0.0,0.0,0.0]],"ecowitt_wittboy_rain_rate":[[0.0,0.0,0.0],[0.0,0.077083,2.999994],[0.0,0.0,0.0],[0.0,0.0,0.0]],"ecowitt_wittboy_uvi":[[0.0,0.0,1.0],[0.0,0.0,1.0],[0.0,0.0,0.0],[0.0,0.0,0.0]],"ecowitt_wittboy_windDir":[[64,203,340],[2,202,297],[136,202,333],[181,197,241]],"ecowitt_wittboy_windGust":[[5.5,8.8,21.1],[5.0,9.5,20.1],[4.5,8.5,19.1],[6.5,8.5,10.1]],"ecowitt_wittboy_windSpeed":[[2.5,6.8,13.1],[3.5,7.6,16.6],[3.0,6.9,14.6],[5.0,7.2,9.1]],"ecowitt_wn34_shed_groundTemperature":[[1.3,2.3,3.4],[2.5,3.0,3.5],[1.5,2.0,2.7],[1.3,1.5,1.6]],"feelslike":[[-7.6,-1.2,3.9],[-5.7,-2.4,0.3],[-6.7,-4.3,-0.9],[-8.4,-7.0,-5.6]],"inHumidity":[[52.0,52.8,54.4],[51.7,53.1,54.7],[49.9,52.7,54.7],[53.1,53.4,53.9]],"inTemp":[[7.4,14.2,21.8],[9.7,17.4,22.1],[9.2,13.6,21.0],[8.8,9.0,9.2]],"lightning_strike_count":[[0,0,0],[0,0,1],[0,0,0],[0,0,0]],"luminosity":[[0,2120,14118],[0,1326,10923],[0,1084,8450],[0,0,0]],"netatmo_Chitterne_co2":[[698,1265,2073],[777,1285,2170],[781,1357,2208],[1813,1986,2089]],"netatmo_Chitterne_inTemp":[[14.1,15.6,17.6],[15.5,16.1,17.4],[14.8,15.5,16.7],[14.4,14.6,15.0]],"netatmo_Chitterne_noise":[[31,34,62],[31,33,60],[32,34,69],[32,32,38]],"netatmo_Chitterne_outTemp":[[-2.2,2.6,6.7],[-0.3,2.0,4.0],[-1.2,0.5,2.8],[-2.1,-1.4,-0.9]],"netatmo_Chitterne_pressure":[[995,998,1007],[992,995,997],[996,998,1002],[1001,1001,1002]],"outHumidity":[[83,89,94],[71,85,93],[71,83,91],[83,84,85]],"outTemp":[[-3.4,2.2,6.7],[-1.9,1.2,3.9],[-3.1,-0.5,3.0],[-4.2,-3.0,-1.9]],"pressure":[[1002,1008,1016],[1002,1004,1006],[1006,1009,1016],[1009,1010,1013]],"rain":[[0.0,0.0,0.0],[0.0,0.048611,6.999986],[0.0,0.0,0.0],[0.0,0.0,0.0]],"rainRate":[[0.0,0.0,0.0],[0.0,0.61111,27.999944],[0.0,0.0,0.0],[0.0,0.0,0.0]],"rain_total":[[0.0,0.0,0.0],[0.0,0.432787,0.599999],[0.0,0.002273,0.599999],[0.0,0.0,0.0]],"vpd":[[0.03,0.08,0.17],[0.03,0.1,0.24],[0.07,0.1,0.2],[0.07,0.07,0.1]],"windrun":[[0.32,0.57,1.09],[0.32,0.64,1.38],[0.32,0.57,1.22],[0.42,0.6,0.76]]},"on_this_day":{"ET":{"average":{"overall":0.39},"max":{"value":1.74,"when":1767268800},"min":{"value":0.09,"when":1767236400}},"api_cold":{"average":{"overall":0.5},"max":{"value":0.9,"when":1767466800},"min":{"value":0.0,"when":1767261600}},"api_dew":{"average":{"overall":0.0},"max":{"value":0.4,"when":1767265200},"min":{"value":0.0,"when":1767225600}},"api_foggy":{"average":{"overall":0.0},"max":{"value":0.3,"when":1767225600},"min":{"value":0.0,"when":1767236400}},"api_frost_grass":{"average":{"overall":0.3},"max":{"value":0.6,"when":1767236400},"min":{"value":0.0,"when":1767265200}},"api_frost_ground":{"average":{"overall":0.3},"max":{"value":0.6,"when":1767236400},"min":{"value":0.0,"when":1767261600}},"api_hot":{"average":{"overall":0.0},"max":{"value":0.0,"when":1767225600},"min":{"value":0.0,"when":1767225600}},"api_rainy":{"average":{"overall":0.0},"max":{"value":0.4,"when":1767330000},"min":{"value":0.0,"when":1767225600}},"api_snowy":{"average":{"overall":0.0},"max":{"value":0.1,"when":1767326400},"min":{"value":0.0,"when":1767225600}},"api_stormy":{"average":{"overall":0.0},"max":{"value":0.0,"when":1767225600},"min":{"value":0.0,"when":1767225600}},"api_thundery":{"average":{"overall":0.0},"max":{"value":0.0,"when":1767225600},"min":{"value":0.0,"when":1767225600}},"aq_uv_index_clear_sky":{"average":{"overall":0},"max":{"value":1,"when":1767268800},"min":{"value":0,"when":1767225600}},"cloudbase":{"average":{"overall":1244},"max":{"value":2278,"when":1767362400},"min":{"value":721,"when":1767236400}},"dewpoint":{"average":{"overall":-2.1},"max":{"value":4.2,"when":1767268800},"min":{"value":-6.1,"when":1767488400}},"ecowitt_gateway_inTemp":{"average":{"overall":18.7},"max":{"value":22.1,"when":1767344400},"min":{"value":16.0,"when":1767484800}},"ecowitt_gateway_pressure":{"average":{"overall":1017},"max":{"value":1026,"when":1767225600},"min":{"value":1010,"when":1767330000}},"ecowitt_wh31_hall_inTemp":{"average":{"overall":9.9},"max":{"value":11.9,"when":1767362400},"min":{"value":7.4,"when":1767225600}},"ecowitt_wh31_patio_outTemp":{"average":{"overall":1.1},"max":{"value":6.7,"when":1767272400},"min":{"value":-2.1,"when":1767488400}},"ecowitt_wh51_patio_outGroundHumidity":{"average":{"overall":16.5},"max":{"value":21.0,"when":1767333600},"min":{"value":13.0,"when":1767225600}},"ecowitt_wittboy_outTemp":{"average":{"overall":0.1},"max":{"value":7.0,"when":1767272400},"min":{"value":-4.2,"when":1767488400}},"ecowitt_wittboy_rain_day":{"average":{"overall":0.291232},"max":{"value":1.599997,"when":1767340800},"min":{"value":0.0,"when":1767225600}},"ecowitt_wittboy_rain_event":{"average":{"overall":0.392621},"max":{"value":1.599997,"when":1767340800},"min":{"value":0.0,"when":1767225600}},"ecowitt_wittboy_rain_rate":{"average":{"overall":0.019271},"max":{"value":2.999994,"when":1767333600},"min":{"value":0.0,"when":1767225600}},"ecowitt_wittboy_uvi":{"average":{"overall":0.0},"max":{"value":1.0,"when":1767268800},"min":{"value":0.0,"when":1767225600}},"ecowitt_wittboy_windDir":{"average":{"overall":201},"max":{"value":340,"when":1767268800},"min":{"value":2,"when":1767384000}},"ecowitt_wittboy_windGust":{"average":{"overall":8.8},"max":{"value":21.1,"when":1767276000},"min":{"value":4.5,"when":1767474000}},"ecowitt_wittboy_windSpeed":{"average":{"overall":7.1},"max":{"value":16.6,"when":1767348000},"min":{"value":2.5,"when":1767247200}},"ecowitt_wn34_shed_groundTemperature":{"average":{"overall":2.2},"max":{"value":3.5,"when":1767366000},"min":{"value":1.3,"when":1767488400}},"feelslike":{"average":{"overall":-3.7},"max":{"value":3.9,"when":1767272400},"min":{"value":-8.4,"when":1767488400}},"inHumidity":{"average":{"overall":53.0},"max":{"value":54.7,"when":1767312000},"min":{"value":49.9,"when":1767441600}},"inTemp":{"average":{"overall":13.6},"max":{"value":22.1,"when":1767340800},"min":{"value":7.4,"when":1767225600}},"lightning_strike_count":{"average":{"overall":0},"max":{"value":1,"when":1767351600},"min":{"value":0,"when":1767225600}},"luminosity":{"average":{"overall":1132},"max":{"value":14118,"when":1767268800},"min":{"value":0,"when":1767225600}},"netatmo_Chitterne_co2":{"average":{"overall":1473},