{"DOY":{"01-01":{"avg":0.42045945945945945,"max":1.0,"min":0.0},"01-02":{"avg":0.22535211267605634,"max":1.0,"min":0.0},"01-03":{"avg":0.21343839541547277,"max":1.0,"min":0.0},"01-04":{"avg":0.3229665071770335,"max":1.0,"min":0.0},"01-05":{"avg":0.23385869565217393,"max":1.0,"min":0.0},"01-06":{"avg":0.43159036144578317,"max":1.0,"min":0.0},"01-07":{"avg":0.4252459016393443,"max":1.0,"min":0.0},"01-08":{"avg":0.3912087912087912,"max":1.0,"min":0.0},"01-09":{"avg":0.29017456359102245,"max":1.0,"min":0.0},"01-10":{"avg":0.25906735751295334,"max":1.0,"min":0.0},"01-11":{"avg":0.2066115702479339,"max":1.0,"min":0.0},"01-12":{"avg":0.26177464788732396,"max":1.0,"min":0.0},"01-13":{"avg":0.3776578947368421,"max":1.0,"min":0.0},"01-14":{"avg":0.2940359897172236,"max":1.0,"min":0.0},"01-15":{"avg":0.42136585365853657,"max":1.0,"min":0.0},"01-16":{"avg":0.42417475728155335,"max":1.0,"min":0.0},"01-17":{"avg":0.5745,"max":1.0,"min":0.0},"01-18":{"avg":0.3571662763466042,"max":1.0,"min":0.0},"01-19":{"avg":0.2878411910669975,"max":1.0,"min":0.0},"01-20":{"avg":0.45626190476190476,"max":1.0,"min":0.0},"01-21":{"avg":0.4309245742092458,"max":1.0,"min":0.0},"01-22":{"avg":0.3847594936708861,"max":1.0,"min":0.0},"01-23":{"avg":0.39956756756756756,"max":1.0,"min":0.0},"01-24":{"avg":0.3413827160493827,"max":1.0,"min":0.0},"01-25":{"avg":0.37362559241706156,"max":1.0,"min":0.0},"01-26":{"avg":0.47505000000000003,"max":1.0,"min":0.0},"01-27":{"avg":0.5040776699029126,"max":1.0,"min":0.0},"01-28":{"avg":0.364093137254902,"max":1.0,"min":0.0},"01-29":{"avg":0.5908173076923077,"max":1.0,"min":0.0},"01-30":{"avg":0.3183896103896104,"max":1.0,"min":0.0},"01-31":{"avg":0.41462857142857146,"max":1.0,"min":0.0},"02-01":{"avg":0.5038917525773196,"max":1.0,"min":0.0},"02-02":{"avg":0.4237376237623762,"max":1.0,"min":0.0},"02-03":{"avg":0.42800000000000005,"max":1.0,"min":0.0},"02-04":{"avg":0.345414364640884,"max":1.0,"min":0.0},"02-05":{"avg":0.33140211640211636,"max":1.0,"min":0.0},"02-06":{"avg":0.29099730458221024,"max":1.0,"min":0.0},"02-07":{"avg":0.3271529411764706,"max":1.0,"min":0.0},"02-08":{"avg":0.31814323607427053,"max":1.0,"min":0.0},"02-09":{"avg":0.42439473684210527,"max":1.0,"min":0.0},"02-10":{"avg":0.19553072625698323,"max":1.0,"min":0.0},"02-11":{"avg":0.2374022346368715,"max":1.0,"min":0.0},"02-12":{"avg":0.3094789081885856,"max":1.0,"min":0.0},"02-13":{"avg":0.34237623762376235,"max":1.0,"min":0.0},"02-14":{"avg":0.3714754098360656,"max":1.0,"min":0.0},"02-15":{"avg":0.6217831325301205,"max":1.0,"min":0.0},"02-16":{"avg":0.3309452736318408,"max":1.0,"min":0.0},"02-17":{"avg":0.26712290502793296,"max":1.0,"min":0.0},"02-18":{"avg":0.36061757719714965,"max":1.0,"min":0.0},"02-19":{"avg":0.29892670157068063,"max":1.0,"min":0.0},"02-20":{"avg":0.2692307692307692,"max":1.0,"min":0.0},"02-21":{"avg":0.2440944881889764,"max":1.0,"min":0.0},"02-22":{"avg":0.2731805929919137,"max":1.0,"min":0.0},"02-23":{"avg":0.3014861460957179,"max":1.0,"min":0.0},"02-24":{"avg":0.22461325966850829,"max":1.0,"min":0.0},"02-25":{"avg":0.4123155216284987,"max":1.0,"min":0.0},"02-26":{"avg":0.41002680965147453,"max":1.0,"min":0.0},"02-27":{"avg":0.38200000000000006,"max":1.0,"min":0.0},"02-28":{"avg":0.29215538847117795,"max":1.0,"min":0.0},"02-29":{"avg":1.0,"max":1.0,"min":1.0},"03-01":{"avg":0.25994818652849744,"max":1.0,"min":0.0},"03-02":{"avg":0.15542521994134897,"max":1.0,"min":0.0},"03-03":{"avg":0.16521739130434782,"max":1.0,"min":0.0},"03-04":{"avg":0.22872628726287264,"max":1.0,"min":0.0},"03-05":{"avg":0.24887608069164266,"max":1.0,"min":0.0},"03-06":{"avg":0.32666666666666666,"max":1.0,"min":0.0},"03-07":{"avg":0.18,"max":1.0,"min":0.0},"03-08":{"avg":0.2,"max":1.0,"min":0.0},"03-09":{"avg":0.2519480519480519,"max":1.0,"min":0.0},"03-10":{"avg":0.2222222222222222,"max":1.0,"min":0.0},"03-11":{"avg":0.4487692307692308,"max":1.0,"min":0.0},"03-12":{"avg":0.3098209718670077,"max":1.0,"min":0.0},"03-13":{"avg":0.29021505376344087,"max":1.0,"min":0.0},"03-14":{"avg":0.24805851063829787,"max":1.0,"min":0.0},"03-15":{"avg":0.2715300546448087,"max":1.0,"min":0.0},"03-16":{"avg":0.28474801061007954,"max":1.0,"min":0.0},"03-17":{"avg":0.38021857923497265,"max":1.0,"min":0.0},"03-18":{"avg":0.2277871148459384,"max":1.0,"min":0.0},"03-19":{"avg":0.16087719298245615,"max":1.0,"min":0.0},"03-20":{"avg":0.24757493188010898,"max":1.0,"min":0.0},"03-21":{"avg":0.209366391184573,"max":1.0,"min":0.0},"03-22":{"avg":0.22788203753351208,"max":1.0,"min":0.0},"03-23":{"avg":0.21874285714285716,"max":1.0,"min":0.0},"03-24":{"avg":0.2141139240506329,"max":1.0,"min":0.0},"03-25":{"avg":0.3641081081081081,"max":1.0,"min":0.0},"03-26":{"avg":0.21689149560117305,"max":1.0,"min":0.0},"03-27":{"avg":0.27487031700288184,"max":1.0,"min":0.0},"03-28":{"avg":0.17981981981981981,"max":1.0,"min":0.0},"03-29":{"avg":0.15449404761904764,"max":1.0,"min":0.0},"03-30":{"avg":0.24831932773109244,"max":1.0,"min":0.0},"03-31":{"avg":0.3006382978723404,"max":1.0,"min":0.0},"04-01":{"avg":0.24096045197740112,"max":1.0,"min":0.0},"04-02":{"avg":0.2696686746987952,"max":1.0,"min":0.0},"04-03":{"avg":0.1487227414330218,"max":1.0,"min":0.0},"04-04":{"avg":0.13225806451612904,"max":1.0,"min":0.0},"04-05":{"avg":0.21031518624641835,"max":1.0,"min":0.0},"04-06":{"avg":0.24339943342776205,"max":1.0,"min":0.0},"04-07":{"avg":0.23628985507246375,"max":1.0,"min":0.0},"04-08":{"avg":0.15857142857142859,"max":1.0,"min":0.0},"04-09":{"avg":0.2529154518950437,"max":1.0,"min":0.0},"04-10":{"avg":0.19575581395348837,"max":1.0,"min":0.0},"04-11":{"avg":0.20432926829268291,"max":1.0,"min":0.0},"04-12":{"avg":0.19170520231213872,"max":1.0,"min":0.0},"04-13":{"avg":0.21874301675977653,"max":1.0,"min":0.0},"04-14":{"avg":0.29559027777777774,"max":1.0,"min":0.0},"04-15":{"avg":0.18313953488372092,"max":1.0,"min":0.0},"04-16":{"avg":0.26069277108433736,"max":1.0,"min":0.0},"04-17":{"avg":0.16005952380952382,"max":1.0,"min":0.0},"04-18":{"avg":0.16015015015015013,"max":1.0,"min":0.0},"04-19":{"avg":0.15444117647058822,"max":1.0,"min":0.0},"04-20":{"avg":0.22306990881458966,"max":1.0,"min":0.0},"04-21":{"avg":0.1388145896656535,"max":1.0,"min":0.0},"04-22":{"avg":0.20376582278481012,"max":1.0,"min":0.0},"04-23":{"avg":0.06796116504854369,"max":1.0,"min":0.0},"04-24":{"avg":0.15012738853503185,"max":1.0,"min":0.0},"04-25":{"avg":0.1467132867132867,"max":1.0,"min":0.0},"04-26":{"avg":0.12462006079027356,"max":1.0,"min":0.0},"04-27":{"avg":0.14803625377643503,"max":1.0,"min":0.0},"04-28":{"avg":0.09446254071661238,"max":1.0,"min":0.0},"04-29":{"avg":0.1111111111111111,"max":1.0,"min":0.0},"04-30":{"avg":0.125,"max":1.0,"min":0.0},"05-01":{"avg":0.06779661016949153,"max":1.0,"min":0.0},"05-02":{"avg":0.08681672025723473,"max":1.0,"min":0.0},"05-03":{"avg":0.08182692307692307,"max":1.0,"min":0.0},"05-04":{"avg":0.20210365853658538,"max":1.0,"min":0.0},"05-05":{"avg":0.15286173633440514,"max":1.0,"min":0.0},"05-06":{"avg":0.15253822629969419,"max":1.0,"min":0.0},"05-07":{"avg":0.23540785498489428,"max":1.0,"min":0.0},"05-08":{"avg":0.13156351791530946,"max":1.0,"min":0.0},"05-09":{"avg":0.0964451827242525,"max":1.0,"min":0.0},"05-10":{"avg":0.13419753086419756,"max":1.0,"min":0.0},"05-11":{"avg":0.0468,"max":1.0,"min":0.0},"05-12":{"avg":0.046357615894039736,"max":1.0,"min":0.0},"05-13":{"avg":0.04950495049504951,"max":1.0,"min":0.0},"05-14":{"avg":0.03391891891891892,"max":1.0,"min":0.0},"05-15":{"avg":0.08104575163398693,"max":1.0,"min":0.0},"05-16":{"avg":0.11560897435897435,"max":1.0,"min":0.0},"05-17":{"avg":0.06865319865319866,"max":1.0,"min":0.0},"05-18":{"avg":0.04883720930232558,"max":1.0,"min":0.0},"05-19":{"avg":0.02040816326530612,"max":1.0,"min":0.0},"05-20":{"avg":0.047933333333333335,"max":1.0,"min":0.0},"05-21":{"avg":0.017064846416382253,"max":1.0,"min":0.0},"05-22":{"avg":0.010452961672473868,"max":1.0,"min":0.0},"05-23":{"avg":0.02700361010830325,"max":0.17,"min":0.0},"05-24":{"avg":0.01060070671378092,"max":1.0,"min":0.0},