{"DOY":{"01-01":{"avg":null,"max":null,"min":null},"01-02":{"avg":null,"max":null,"min":null},"01-03":{"avg":null,"max":null,"min":null},"01-04":{"avg":null,"max":null,"min":null},"01-05":{"avg":null,"max":null,"min":null},"01-06":{"avg":null,"max":null,"min":null},"01-07":{"avg":64.37540372670807,"max":69.26,"min":58.64},"01-08":{"avg":62.407653429602895,"max":67.64,"min":57.74},"01-09":{"avg":62.250069930069934,"max":66.38,"min":55.22},"01-10":{"avg":59.87041958041958,"max":65.84,"min":54.32},"01-11":{"avg":58.917500000000004,"max":65.66,"min":53.6},"01-12":{"avg":61.91700348432056,"max":67.64,"min":55.76},"01-13":{"avg":63.577770034843205,"max":68.9,"min":57.38},"01-14":{"avg":66.625,"max":70.7,"min":61.7},"01-15":{"avg":66.5575,"max":71.6,"min":58.28},"01-16":{"avg":65.025625,"max":70.34,"min":57.92},"01-17":{"avg":66.84662020905924,"max":70.52,"min":62.06},"01-18":{"avg":64.38804195804195,"max":68.36,"min":58.82},"01-19":{"avg":62.5234843205575,"max":66.2,"min":58.28},"01-20":{"avg":65.26864111498257,"max":70.34,"min":59.9},"01-21":{"avg":65.0014946619217,"max":70.16,"min":59.36},"01-22":{"avg":65.698125,"max":70.7,"min":59.0},"01-23":{"avg":65.75314685314686,"max":70.34,"min":58.46},"01-24":{"avg":68.489375,"max":73.58,"min":63.14},"01-25":{"avg":66.11,"max":71.24,"min":59.18},"01-26":{"avg":63.80794425087108,"max":66.74,"min":59.36},"01-27":{"avg":65.1520979020979,"max":69.8,"min":60.8},"01-28":{"avg":66.5127972027972,"max":70.88,"min":60.8},"01-29":{"avg":65.885,"max":69.98,"min":60.44},"01-30":{"avg":64.125625,"max":69.26,"min":58.28},"01-31":{"avg":67.21891696750902,"max":75.02,"min":58.1},"02-01":{"avg":69.69125000000001,"max":76.1,"min":65.3},"02-02":{"avg":68.7525,"max":74.66,"min":64.76},"02-03":{"avg":69.40926829268292,"max":75.2,"min":64.04},"02-04":{"avg":70.10624999999999,"max":77.18,"min":64.94},"02-05":{"avg":69.13519163763065,"max":76.1,"min":63.32},"02-06":{"avg":66.93875,"max":73.58,"min":62.06},"02-07":{"avg":65.35375,"max":68.9,"min":61.7},"02-08":{"avg":65.85926199261993,"max":72.86,"min":61.16},"02-09":{"avg":66.26625,"max":72.5,"min":61.52},"02-10":{"avg":65.249375,"max":70.52,"min":61.7},"02-11":{"avg":67.08625,"max":74.3,"min":61.52},"02-12":{"avg":66.790625,"max":73.76,"min":62.24},"02-13":{"avg":66.67125,"max":73.94,"min":60.98},"02-14":{"avg":65.48752613240417,"max":72.5,"min":60.8},"02-15":{"avg":67.38411149825785,"max":72.86,"min":62.24},"02-16":{"avg":65.94625,"max":71.24,"min":60.62},"02-17":{"avg":65.17557894736842,"max":71.6,"min":60.62},"02-18":{"avg":64.945625,"max":72.14,"min":60.26},"02-19":{"avg":66.858125,"max":72.5,"min":60.26},"02-20":{"avg":71.51915789473684,"max":75.92,"min":65.66},"02-21":{"avg":73.519375,"max":78.62,"min":69.08},"02-22":{"avg":72.454375,"max":78.44,"min":64.4},"02-23":{"avg":70.28125,"max":76.28,"min":64.58},"02-24":{"avg":72.17375,"max":78.26,"min":68.0},"02-25":{"avg":71.369375,"max":78.98,"min":64.76},"02-26":{"avg":68.84650349650349,"max":74.48,"min":64.22},"02-27":{"avg":68.86250000000001,"max":78.62,"min":60.62},"02-28":{"avg":65.59076923076923,"max":73.04,"min":59.54},"02-29":{"avg":null,"max":null,"min":null},"03-01":{"avg":66.17356643356644,"max":76.28,"min":58.82},"03-02":{"avg":66.47375,"max":80.24,"min":59.9},"03-03":{"avg":65.210625,"max":75.02,"min":58.64},"03-04":{"avg":65.23375,"max":75.02,"min":57.92},"03-05":{"avg":65.18020905923345,"max":73.94,"min":58.46},"03-06":{"avg":68.37125,"max":74.66,"min":61.16},"03-07":{"avg":72.01268292682927,"max":77.54,"min":66.56},"03-08":{"avg":72.225625,"max":78.26,"min":67.82},"03-09":{"avg":72.41625,"max":79.52,"min":67.82},"03-10":{"avg":70.44850174216029,"max":75.74,"min":65.66},"03-11":{"avg":67.82875,"max":75.2,"min":62.78},"03-12":{"avg":65.233125,"max":71.78,"min":60.08},"03-13":{"avg":65.523125,"max":74.12,"min":59.18},"03-14":{"avg":62.919999999999995,"max":73.4,"min":57.92},"03-15":{"avg":64.34625,"max":72.86,"min":58.28},"03-16":{"avg":65.96375,"max":78.44,"min":57.02},"03-17":{"avg":65.97594405594405,"max":70.7,"min":59.54},"03-18":{"avg":65.58636363636364,"max":78.8,"min":59.18},"03-19":{"avg":67.66625,"max":74.3,"min":60.98},"03-20":{"avg":70.49671328671329,"max":77.72,"min":66.38},"03-21":{"avg":70.34376306620209,"max":73.76,"min":67.64},"03-22":{"avg":70.06375,"max":73.76,"min":64.94},"03-23":{"avg":69.5341052631579,"max":73.22,"min":64.4},"03-24":{"avg":67.42697841726618,"max":69.8,"min":62.24},"03-25":{"avg":67.74625,"max":73.94,"min":61.88},"03-26":{"avg":70.3725,"max":80.42,"min":66.56},"03-27":{"avg":67.45687500000001,"max":70.16,"min":65.48},"03-28":{"avg":69.43811846689896,"max":81.86,"min":63.86},"03-29":{"avg":68.120625,"max":73.04,"min":63.32},"03-30":{"avg":72.07608695652173,"max":80.96,"min":67.64},"03-31":{"avg":68.19281138790036,"max":76.82,"min":61.52},"04-01":{"avg":67.28125,"max":77.36,"min":62.6},"04-02":{"avg":67.83999999999999,"max":78.08,"min":63.32},"04-03":{"avg":69.03628571428571,"max":76.64,"min":64.22},"04-04":{"avg":70.80907063197026,"max":77.18,"min":67.64},"04-05":{"avg":70.50193548387097,"max":77.54,"min":66.2},"04-06":{"avg":69.5322105263158,"max":79.34,"min":64.76},"04-07":{"avg":67.80817518248175,"max":73.94,"min":62.96},"04-08":{"avg":67.65112727272728,"max":75.02,"min":62.96},"04-09":{"avg":66.44608391608392,"max":75.38,"min":60.98},"04-10":{"avg":66.82496503496503,"max":77.0,"min":62.06},"04-11":{"avg":68.31056338028169,"max":79.7,"min":62.24},"04-12":{"avg":68.59125,"max":72.5,"min":64.22},"04-13":{"avg":68.44905923344947,"max":72.5,"min":63.14},"04-14":{"avg":65.61330543933055,"max":69.62,"min":61.34},"04-15":{"avg":67.51508896797154,"max":72.14,"min":64.76},"04-16":{"avg":67.799375,"max":73.76,"min":63.68},"04-17":{"avg":67.286875,"max":76.46,"min":61.7},"04-18":{"avg":66.709375,"max":69.44,"min":65.12},"04-19":{"avg":67.205,"max":70.7,"min":64.94},"04-20":{"avg":68.52375,"max":74.66,"min":63.86},"04-21":{"avg":67.706875,"max":69.98,"min":64.94},"04-22":{"avg":67.47625,"max":73.4,"min":62.42},"04-23":{"avg":66.568125,"max":68.0,"min":64.58},"04-24":{"avg":66.281875,"max":69.62,"min":63.5},"04-25":{"avg":65.82763358778627,"max":70.34,"min":62.78},"04-26":{"avg":66.655625,"max":71.06,"min":62.42},"04-27":{"avg":68.65289198606273,"max":75.74,"min":63.14},"04-28":{"avg":69.75096774193548,"max":75.74,"min":63.68},"04-29":{"avg":69.384375,"max":73.58,"min":63.5},"04-30":{"avg":68.69114982578398,"max":75.02,"min":61.52},"05-01":{"avg":69.01021739130435,"max":73.4,"min":62.96},"05-02":{"avg":71.31732394366198,"max":74.84,"min":66.74},"05-03":{"avg":71.233125,"max":75.74,"min":67.28},"05-04":{"avg":65.84687500000001,"max":69.08,"min":61.7},"05-05":{"avg":64.161875,"max":71.06,"min":59.18},"05-06":{"avg":61.366875,"max":64.22,"min":57.2},"05-07":{"avg":62.905,"max":68.18,"min":56.48},"05-08":{"avg":63.456724738675966,"max":65.84,"min":60.62},"05-09":{"avg":63.2175,"max":69.26,"min":55.94},"05-10":{"avg":64.469375,"max":70.52,"min":56.84},"05-11":{"avg":66.89875,"max":71.6,"min":60.62},"05-12":{"avg":68.834375,"max":70.7,"min":66.92},"05-13":{"avg":67.96625,"max":71.6,"min":63.86},"05-14":{"avg":68.395,"max":73.94,"min":62.78},"05-15":{"avg":67.13,"max":71.6,"min":62.42},"05-16":{"avg":68.12,"max":73.04,"min":61.7},"05-17":{"avg":68.42375,"max":72.68,"min":63.5},"05-18":{"avg":66.33125000000001,"max":70.88,"min":60.62},"05-19":{"avg":66.98125,"max":70.16,"min":63.86},"05-20":{"avg":69.29625,"max":75.56,"min":63.32},"05-21":{"avg":68.61,"max":69.98,"min":66.2},"05-22":{"avg":67.27570422535211,"max":73.4,"min":61.88},"05-23":{"avg":67.7375451263538,"max":72.46,"min":61.7},"05-24":{"avg":68.67017857142858,"max":70.88,"min":66.38},"05-25":{"avg":68.91408256880734,"max":72.37,"min":66.02},"05-26":{"avg":68.95412186379929,"max":76.4,"min":65.24},"05-27":{"avg":66.98172043010753,"max":68.18,"min":65.84},"05-28":{"avg":67.97569444444444,"max":71.24,"min":64.88},"05-29":{"avg":70.50210526315789,"max":75.11,"min":66.74},"05-30":{"avg":72.80992647058824,"max":77.81,"min":69.08},